id,date,hour,status
1,2014-01-06,0,-1
1,2014-01-06,1,-1
1,2014-01-06,2,-1
1,2014-01-06,3,-1
1,2014-01-06,4,-1
1,2014-01-06,5,-1
1,2014-01-06,6,-1
1,2014-01-06,7,1
1,2014-01-06,8,0
1,2014-01-06,9,-1
1,2014-01-06,10,-1
1,2014-01-06,11,-1
1,2014-01-06,12,1
1,2014-01-06,13,1
1,2014-01-06,14,-1
1,2014-01-06,15,-1
1,2014-01-06,16,-1
1,2014-01-06,17,1
1,2014-01-06,18,-1
1,2014-01-06,19,1
1,2014-01-06,20,1
1,2014-01-06,21,-1
1,2014-01-06,22,1
1,2014-01-06,23,1
1,2014-01-07,0,-1
1,2014-01-07,1,1
1,2014-01-07,2,-1
1,2014-01-07,3,1
1,2014-01-07,4,-1
1,2014-01-07,5,-1
1,2014-01-07,6,-1
1,2014-01-07,7,1
1,2014-01-07,8,0
1,2014-01-07,9,-1
1,2014-01-07,10,-1
1,2014-01-07,11,-1
1,2014-01-07,12,1
1,2014-01-07,13,1
1,2014-01-07,14,-1
1,2014-01-07,15,-1
1,2014-01-07,16,-1
1,2014-01-07,17,1
1,2014-01-07,18,1
1,2014-01-07,19,-1
1,2014-01-07,20,1
1,2014-01-07,21,-1
1,2014-01-07,22,-1
1,2014-01-07,23,-1
1,2014-01-08,0,-1
1,2014-01-08,1,-1
1,2014-01-08,2,-1
1,2014-01-08,3,-1
1,2014-01-08,4,-1
1,2014-01-08,5,-1
1,2014-01-08,6,-1
1,2014-01-08,7,1
1,2014-01-08,8,0
1,2014-01-08,9,-1
1,2014-01-08,10,-1
1,2014-01-08,11,-1
1,2014-01-08,12,1
1,2014-01-08,13,1
1,2014-01-08,14,-1
1,2014-01-08,15,-1
1,2014-01-08,16,-1
1,2014-01-08,17,1
1,2014-01-08,18,-1
1,2014-01-08,19,1
1,2014-01-08,20,-1
1,2014-01-08,21,1
1,2014-01-08,22,-1
1,2014-01-08,23,1
1,2014-01-09,0,-1
1,2014-01-09,1,-1
1,2014-01-09,2,-1
1,2014-01-09,3,1
1,2014-01-09,4,-1
1,2014-01-09,5,-1
1,2014-01-09,6,-1
1,2014-01-09,7,1
1,2014-01-09,8,-1
1,2014-01-09,9,-1
1,2014-01-09,10,-1
1,2014-01-09,11,-1
1,2014-01-09,12,1
1,2014-01-09,13,1
1,2014-01-09,14,-1
1,2014-01-09,15,-1
1,2014-01-09,16,-1
1,2014-01-09,17,1
1,2014-01-09,18,-1
1,2014-01-09,19,-1
1,2014-01-09,20,-1
1,2014-01-09,21,-1
1,2014-01-09,22,-1
1,2014-01-09,23,-1
1,2014-01-10,0,-1
1,2014-01-10,1,-1
1,2014-01-10,2,-1
1,2014-01-10,3,-1
1,2014-01-10,4,-1
1,2014-01-10,5,-1
1,2014-01-10,6,-1
1,2014-01-10,7,1
1,2014-01-10,8,1
1,2014-01-10,9,-1
1,2014-01-10,10,-1
1,2014-01-10,11,-1
1,2014-01-10,12,1
1,2014-01-10,13,1
1,2014-01-10,14,-1
1,2014-01-10,15,-1
1,2014-01-10,16,-1
1,2014-01-10,17,1
1,2014-01-10,18,-1
1,2014-01-10,19,1
1,2014-01-10,20,-1
1,2014-01-10,21,-1
1,2014-01-10,22,-1
1,2014-01-10,23,1
1,2014-01-11,0,-1
1,2014-01-11,1,-1
1,2014-01-11,2,-1
1,2014-01-11,3,-1
1,2014-01-11,4,-1
1,2014-01-11,5,-1
1,2014-01-11,6,-1
1,2014-01-11,7,-1
1,2014-01-11,8,-1
1,2014-01-11,9,-1
1,2014-01-11,10,-1
1,2014-01-11,11,-1
1,2014-01-11,12,1
1,2014-01-11,13,1
1,2014-01-11,14,-1
1,2014-01-11,15,1
1,2014-01-11,16,-1
1,2014-01-11,17,-1
1,2014-01-11,18,1
1,2014-01-11,19,1
1,2014-01-11,20,-1
1,2014-01-11,21,-1
1,2014-01-11,22,-1
1,2014-01-11,23,-1
1,2014-01-12,0,-1
1,2014-01-12,1,-1
1,2014-01-12,2,-1
1,2014-01-12,3,-1
1,2014-01-12,4,-1
1,2014-01-12,5,-1
1,2014-01-12,6,-1
1,2014-01-12,7,-1
1,2014-01-12,8,-1
1,2014-01-12,9,-1
1,2014-01-12,10,-1
1,2014-01-12,11,-1
1,2014-01-12,12,1
1,2014-01-12,13,-1
1,2014-01-12,14,1
1,2014-01-12,15,1
1,2014-01-12,16,-1
1,2014-01-12,17,-1
1,2014-01-12,18,-1
1,2014-01-12,19,-1
1,2014-01-12,20,-1
1,2014-01-12,21,-1
1,2014-01-12,22,-1
1,2014-01-12,23,-1
1,2014-01-13,0,-1
1,2014-01-13,1,-1
1,2014-01-13,2,-1
1,2014-01-13,3,-1
1,2014-01-13,4,-1
1,2014-01-13,5,-1
1,2014-01-13,6,-1
1,2014-01-13,7,1
1,2014-01-13,8,1
1,2014-01-13,9,-1
1,2014-01-13,10,-1
1,2014-01-13,11,-1
1,2014-01-13,12,1
1,2014-01-13,13,1
1,2014-01-13,14,-1
1,2014-01-13,15,-1
1,2014-01-13,16,-1
1,2014-01-13,17,1
1,2014-01-13,18,1
1,2014-01-13,19,1
1,2014-01-13,20,0
1,2014-01-13,21,-1
1,2014-01-13,22,-1
1,2014-01-13,23,-1
1,2014-01-14,0,-1
1,2014-01-14,1,-1
1,2014-01-14,2,-1
1,2014-01-14,3,-1
1,2014-01-14,4,-1
1,2014-01-14,5,-1
1,2014-01-14,6,-1
1,2014-01-14,7,1
1,2014-01-14,8,1
1,2014-01-14,9,-1
1,2014-01-14,10,-1
1,2014-01-14,11,-1
1,2014-01-14,12,1
1,2014-01-14,13,1
1,2014-01-14,14,-1
1,2014-01-14,15,-1
1,2014-01-14,16,-1
1,2014-01-14,17,1
1,2014-01-14,18,-1
1,2014-01-14,19,1
1,2014-01-14,20,-1
1,2014-01-14,21,1
1,2014-01-14,22,-1
1,2014-01-14,23,-1
1,2014-01-15,0,-1
1,2014-01-15,1,-1
1,2014-01-15,2,-1
1,2014-01-15,3,-1
1,2014-01-15,4,-1
1,2014-01-15,5,-1
1,2014-01-15,6,-1
1,2014-01-15,7,1
1,2014-01-15,8,0
1,2014-01-15,9,-1
1,2014-01-15,10,-1
1,2014-01-15,11,-1
1,2014-01-15,12,1
1,2014-01-15,13,1
1,2014-01-15,14,-1
1,2014-01-15,15,-1
1,2014-01-15,16,-1
1,2014-01-15,17,1
1,2014-01-15,18,-1
1,2014-01-15,19,1
1,2014-01-15,20,1
1,2014-01-15,21,-1
1,2014-01-15,22,1
1,2014-01-15,23,-1
1,2014-01-16,0,1
1,2014-01-16,1,-1
1,2014-01-16,2,-1
1,2014-01-16,3,-1
1,2014-01-16,4,-1
1,2014-01-16,5,-1
1,2014-01-16,6,1
1,2014-01-16,7,1
1,2014-01-16,8,1
1,2014-01-16,9,-1
1,2014-01-16,10,-1
1,2014-01-16,11,-1
1,2014-01-16,12,1
1,2014-01-16,13,1
1,2014-01-16,14,-1
1,2014-01-16,15,-1
1,2014-01-16,16,-1
1,2014-01-16,17,1
1,2014-01-16,18,1
1,2014-01-16,19,-1
1,2014-01-16,20,1
1,2014-01-16,21,-1
1,2014-01-16,22,-1
1,2014-01-16,23,-1
1,2014-01-17,0,-1
1,2014-01-17,1,-1
1,2014-01-17,2,-1
1,2014-01-17,3,-1
1,2014-01-17,4,-1
1,2014-01-17,5,-1
1,2014-01-17,6,-1
1,2014-01-17,7,1
1,2014-01-17,8,1
1,2014-01-17,9,-1
1,2014-01-17,10,-1
1,2014-01-17,11,-1
1,2014-01-17,12,-1
1,2014-01-17,13,-1
1,2014-01-17,14,-1
1,2014-01-17,15,-1
1,2014-01-17,16,-1
1,2014-01-17,17,1
1,2014-01-17,18,-1
1,2014-01-17,19,1
1,2014-01-17,20,1
1,2014-01-17,21,-1
1,2014-01-17,22,1
1,2014-01-17,23,-1
1,2014-01-18,0,-1
1,2014-01-18,1,-1
1,2014-01-18,2,-1
1,2014-01-18,3,-1
1,2014-01-18,4,-1
1,2014-01-18,5,-1
1,2014-01-18,6,-1
1,2014-01-18,7,-1
1,2014-01-18,8,-1
1,2014-01-18,9,-1
1,2014-01-18,10,1
1,2014-01-18,11,-1
1,2014-01-18,12,1
1,2014-01-18,13,1
1,2014-01-18,14,-1
1,2014-01-18,15,1
1,2014-01-18,16,0
1,2014-01-18,17,-1
1,2014-01-18,18,1
1,2014-01-18,19,1
1,2014-01-18,20,-1
1,2014-01-18,21,-1
1,2014-01-18,22,-1
1,2014-01-18,23,-1
1,2014-01-19,0,-1
1,2014-01-19,1,-1
1,2014-01-19,2,-1
1,2014-01-19,3,-1
1,2014-01-19,4,-1
1,2014-01-19,5,-1
1,2014-01-19,6,-1
1,2014-01-19,7,-1
1,2014-01-19,8,-1
1,2014-01-19,9,-1
1,2014-01-19,10,-1
1,2014-01-19,11,-1
1,2014-01-19,12,-1
1,2014-01-19,13,-1
1,2014-01-19,14,-1
1,2014-01-19,15,-1
1,2014-01-19,16,-1
1,2014-01-19,17,-1
1,2014-01-19,18,1
1,2014-01-19,19,1
1,2014-01-19,20,-1
1,2014-01-19,21,-1
1,2014-01-19,22,-1
1,2014-01-19,23,-1
2,2014-01-06,0,-1
2,2014-01-06,1,-1
2,2014-01-06,2,-1
2,2014-01-06,3,-1
2,2014-01-06,4,-1
2,2014-01-06,5,-1
2,2014-01-06,6,-1
2,2014-01-06,7,0
2,2014-01-06,8,1
2,2014-01-06,9,-1
2,2014-01-06,10,-1
2,2014-01-06,11,-1
2,2014-01-06,12,1
2,2014-01-06,13,1
2,2014-01-06,14,-1
2,2014-01-06,15,-1
2,2014-01-06,16,-1
2,2014-01-06,17,1
2,2014-01-06,18,1
2,2014-01-06,19,0
2,2014-01-06,20,1
2,2014-01-06,21,-1
2,2014-01-06,22,-1
2,2014-01-06,23,-1
2,2014-01-07,0,-1
2,2014-01-07,1,-1
2,2014-01-07,2,-1
2,2014-01-07,3,-1
2,2014-01-07,4,-1
2,2014-01-07,5,-1
2,2014-01-07,6,-1
2,2014-01-07,7,-1
2,2014-01-07,8,1
2,2014-01-07,9,-1
2,2014-01-07,10,-1
2,2014-01-07,11,-1
2,2014-01-07,12,1
2,2014-01-07,13,1
2,2014-01-07,14,-1
2,2014-01-07,15,-1
2,2014-01-07,16,-1
2,2014-01-07,17,1
2,2014-01-07,18,1
2,2014-01-07,19,-1
2,2014-01-07,20,1
2,2014-01-07,21,-1
2,2014-01-07,22,-1
2,2014-01-07,23,-1
2,2014-01-08,0,-1
2,2014-01-08,1,-1
2,2014-01-08,2,-1
2,2014-01-08,3,-1
2,2014-01-08,4,-1
2,2014-01-08,5,-1
2,2014-01-08,6,-1
2,2014-01-08,7,1
2,2014-01-08,8,1
2,2014-01-08,9,-1
2,2014-01-08,10,-1
2,2014-01-08,11,-1
2,2014-01-08,12,1
2,2014-01-08,13,1
2,2014-01-08,14,-1
2,2014-01-08,15,-1
2,2014-01-08,16,-1
2,2014-01-08,17,1
2,2014-01-08,18,1
2,2014-01-08,19,1
2,2014-01-08,20,-1
2,2014-01-08,21,-1
2,2014-01-08,22,-1
2,2014-01-08,23,-1
2,2014-01-09,0,-1
2,2014-01-09,1,-1
2,2014-01-09,2,-1
2,2014-01-09,3,-1
2,2014-01-09,4,-1
2,2014-01-09,5,-1
2,2014-01-09,6,-1
2,2014-01-09,7,-1
2,2014-01-09,8,1
2,2014-01-09,9,-1
2,2014-01-09,10,-1
2,2014-01-09,11,-1
2,2014-01-09,12,1
2,2014-01-09,13,1
2,2014-01-09,14,-1
2,2014-01-09,15,-1
2,2014-01-09,16,-1
2,2014-01-09,17,1
2,2014-01-09,18,-1
2,2014-01-09,19,-1
2,2014-01-09,20,-1
2,2014-01-09,21,-1
2,2014-01-09,22,-1
2,2014-01-09,23,-1
2,2014-01-10,0,-1
2,2014-01-10,1,-1
2,2014-01-10,2,-1
2,2014-01-10,3,-1
2,2014-01-10,4,-1
2,2014-01-10,5,-1
2,2014-01-10,6,-1
2,2014-01-10,7,1
2,2014-01-10,8,1
2,2014-01-10,9,1
2,2014-01-10,10,-1
2,2014-01-10,11,-1
2,2014-01-10,12,1
2,2014-01-10,13,1
2,2014-01-10,14,-1
2,2014-01-10,15,-1
2,2014-01-10,16,-1
2,2014-01-10,17,1
2,2014-01-10,18,1
2,2014-01-10,19,1
2,2014-01-10,20,-1
2,2014-01-10,21,-1
2,2014-01-10,22,-1
2,2014-01-10,23,-1
2,2014-01-11,0,-1
2,2014-01-11,1,-1
2,2014-01-11,2,-1
2,2014-01-11,3,-1
2,2014-01-11,4,-1
2,2014-01-11,5,-1
2,2014-01-11,6,-1
2,2014-01-11,7,-1
2,2014-01-11,8,-1
2,2014-01-11,9,-1
2,2014-01-11,10,-1
2,2014-01-11,11,-1
2,2014-01-11,12,-1
2,2014-01-11,13,-1
2,2014-01-11,14,-1
2,2014-01-11,15,-1
2,2014-01-11,16,-1
2,2014-01-11,17,-1
2,2014-01-11,18,1
2,2014-01-11,19,-1
2,2014-01-11,20,1
2,2014-01-11,21,-1
2,2014-01-11,22,-1
2,2014-01-11,23,-1
2,2014-01-12,0,-1
2,2014-01-12,1,-1
2,2014-01-12,2,-1
2,2014-01-12,3,-1
2,2014-01-12,4,-1
2,2014-01-12,5,-1
2,2014-01-12,6,-1
2,2014-01-12,7,-1
2,2014-01-12,8,-1
2,2014-01-12,9,-1
2,2014-01-12,10,-1
2,2014-01-12,11,-1
2,2014-01-12,12,-1
2,2014-01-12,13,-1
2,2014-01-12,14,-1
2,2014-01-12,15,-1
2,2014-01-12,16,-1
2,2014-01-12,17,-1
2,2014-01-12,18,1
2,2014-01-12,19,1
2,2014-01-12,20,-1
2,2014-01-12,21,-1
2,2014-01-12,22,-1
2,2014-01-12,23,-1
2,2014-01-13,0,-1
2,2014-01-13,1,-1
2,2014-01-13,2,-1
2,2014-01-13,3,-1
2,2014-01-13,4,-1
2,2014-01-13,5,-1
2,2014-01-13,6,-1
2,2014-01-13,7,1
2,2014-01-13,8,1
2,2014-01-13,9,-1
2,2014-01-13,10,-1
2,2014-01-13,11,1
2,2014-01-13,12,0
2,2014-01-13,13,1
2,2014-01-13,14,-1
2,2014-01-13,15,-1
2,2014-01-13,16,-1
2,2014-01-13,17,1
2,2014-01-13,18,1
2,2014-01-13,19,-1
2,2014-01-13,20,1
2,2014-01-13,21,-1
2,2014-01-13,22,-1
2,2014-01-13,23,-1
2,2014-01-14,0,-1
2,2014-01-14,1,-1
2,2014-01-14,2,-1
2,2014-01-14,3,-1
2,2014-01-14,4,-1
2,2014-01-14,5,-1
2,2014-01-14,6,-1
2,2014-01-14,7,1
2,2014-01-14,8,1
2,2014-01-14,9,-1
2,2014-01-14,10,-1
2,2014-01-14,11,-1
2,2014-01-14,12,1
2,2014-01-14,13,1
2,2014-01-14,14,-1
2,2014-01-14,15,-1
2,2014-01-14,16,-1
2,2014-01-14,17,1
2,2014-01-14,18,1
2,2014-01-14,19,1
2,2014-01-14,20,0
2,2014-01-14,21,-1
2,2014-01-14,22,-1
2,2014-01-14,23,-1
2,2014-01-15,0,-1
2,2014-01-15,1,-1
2,2014-01-15,2,-1
2,2014-01-15,3,-1
2,2014-01-15,4,-1
2,2014-01-15,5,-1
2,2014-01-15,6,-1
2,2014-01-15,7,-1
2,2014-01-15,8,1
2,2014-01-15,9,-1
2,2014-01-15,10,-1
2,2014-01-15,11,-1
2,2014-01-15,12,1
2,2014-01-15,13,1
2,2014-01-15,14,-1
2,2014-01-15,15,-1
2,2014-01-15,16,-1
2,2014-01-15,17,1
2,2014-01-15,18,1
2,2014-01-15,19,1
2,2014-01-15,20,0
2,2014-01-15,21,-1
2,2014-01-15,22,-1
2,2014-01-15,23,-1
2,2014-01-16,0,-1
2,2014-01-16,1,-1
2,2014-01-16,2,-1
2,2014-01-16,3,-1
2,2014-01-16,4,-1
2,2014-01-16,5,-1
2,2014-01-16,6,-1
2,2014-01-16,7,1
2,2014-01-16,8,1
2,2014-01-16,9,-1
2,2014-01-16,10,-1
2,2014-01-16,11,1
2,2014-01-16,12,0
2,2014-01-16,13,1
2,2014-01-16,14,-1
2,2014-01-16,15,-1
2,2014-01-16,16,-1
2,2014-01-16,17,1
2,2014-01-16,18,1
2,2014-01-16,19,-1
2,2014-01-16,20,1
2,2014-01-16,21,-1
2,2014-01-16,22,-1
2,2014-01-16,23,-1
2,2014-01-17,0,-1
2,2014-01-17,1,-1
2,2014-01-17,2,-1
2,2014-01-17,3,-1
2,2014-01-17,4,-1
2,2014-01-17,5,-1
2,2014-01-17,6,-1
2,2014-01-17,7,1
2,2014-01-17,8,1
2,2014-01-17,9,-1
2,2014-01-17,10,-1
2,2014-01-17,11,-1
2,2014-01-17,12,1
2,2014-01-17,13,1
2,2014-01-17,14,-1
2,2014-01-17,15,-1
2,2014-01-17,16,-1
2,2014-01-17,17,1
2,2014-01-17,18,-1
2,2014-01-17,19,-1
2,2014-01-17,20,-1
2,2014-01-17,21,-1
2,2014-01-17,22,-1
2,2014-01-17,23,-1
2,2014-01-18,0,-1
2,2014-01-18,1,-1
2,2014-01-18,2,-1
2,2014-01-18,3,-1
2,2014-01-18,4,-1
2,2014-01-18,5,-1
2,2014-01-18,6,-1
2,2014-01-18,7,-1
2,2014-01-18,8,-1
2,2014-01-18,9,-1
2,2014-01-18,10,-1
2,2014-01-18,11,-1
2,2014-01-18,12,-1
2,2014-01-18,13,-1
2,2014-01-18,14,-1
2,2014-01-18,15,-1
2,2014-01-18,16,-1
2,2014-01-18,17,-1
2,2014-01-18,18,1
2,2014-01-18,19,-1
2,2014-01-18,20,1
2,2014-01-18,21,-1
2,2014-01-18,22,-1
2,2014-01-18,23,-1
2,2014-01-19,0,-1
2,2014-01-19,1,-1
2,2014-01-19,2,-1
2,2014-01-19,3,-1
2,2014-01-19,4,-1
2,2014-01-19,5,-1
2,2014-01-19,6,-1
2,2014-01-19,7,-1
2,2014-01-19,8,-1
2,2014-01-19,9,-1
2,2014-01-19,10,-1
2,2014-01-19,11,-1
2,2014-01-19,12,-1
2,2014-01-19,13,-1
2,2014-01-19,14,-1
2,2014-01-19,15,-1
2,2014-01-19,16,-1
2,2014-01-19,17,-1
2,2014-01-19,18,1
2,2014-01-19,19,-1
2,2014-01-19,20,1
2,2014-01-19,21,-1
2,2014-01-19,22,-1
2,2014-01-19,23,-1
3,2014-01-06,0,-1
3,2014-01-06,1,-1
3,2014-01-06,2,-1
3,2014-01-06,3,-1
3,2014-01-06,4,-1
3,2014-01-06,5,-1
3,2014-01-06,6,-1
3,2014-01-06,7,1
3,2014-01-06,8,0
3,2014-01-06,9,-1
3,2014-01-06,10,-1
3,2014-01-06,11,-1
3,2014-01-06,12,1
3,2014-01-06,13,1
3,2014-01-06,14,-1
3,2014-01-06,15,-1
3,2014-01-06,16,-1
3,2014-01-06,17,1
3,2014-01-06,18,-1
3,2014-01-06,19,-1
3,2014-01-06,20,-1
3,2014-01-06,21,-1
3,2014-01-06,22,-1
3,2014-01-06,23,-1
3,2014-01-07,0,-1
3,2014-01-07,1,-1
3,2014-01-07,2,-1
3,2014-01-07,3,-1
3,2014-01-07,4,-1
3,2014-01-07,5,-1
3,2014-01-07,6,-1
3,2014-01-07,7,1
3,2014-01-07,8,0
3,2014-01-07,9,-1
3,2014-01-07,10,-1
3,2014-01-07,11,-1
3,2014-01-07,12,1
3,2014-01-07,13,1
3,2014-01-07,14,-1
3,2014-01-07,15,-1
3,2014-01-07,16,-1
3,2014-01-07,17,1
3,2014-01-07,18,-1
3,2014-01-07,19,-1
3,2014-01-07,20,-1
3,2014-01-07,21,-1
3,2014-01-07,22,-1
3,2014-01-07,23,-1
3,2014-01-08,0,-1
3,2014-01-08,1,-1
3,2014-01-08,2,-1
3,2014-01-08,3,-1
3,2014-01-08,4,-1
3,2014-01-08,5,-1
3,2014-01-08,6,-1
3,2014-01-08,7,1
3,2014-01-08,8,0
3,2014-01-08,9,-1
3,2014-01-08,10,-1
3,2014-01-08,11,-1
3,2014-01-08,12,1
3,2014-01-08,13,1
3,2014-01-08,14,0
3,2014-01-08,15,-1
3,2014-01-08,16,-1
3,2014-01-08,17,1
3,2014-01-08,18,1
3,2014-01-08,19,-1
3,2014-01-08,20,1
3,2014-01-08,21,-1
3,2014-01-08,22,-1
3,2014-01-08,23,-1
3,2014-01-09,0,-1
3,2014-01-09,1,-1
3,2014-01-09,2,-1
3,2014-01-09,3,-1
3,2014-01-09,4,-1
3,2014-01-09,5,-1
3,2014-01-09,6,-1
3,2014-01-09,7,1
3,2014-01-09,8,0
3,2014-01-09,9,-1
3,2014-01-09,10,-1
3,2014-01-09,11,-1
3,2014-01-09,12,1
3,2014-01-09,13,1
3,2014-01-09,14,-1
3,2014-01-09,15,-1
3,2014-01-09,16,-1
3,2014-01-09,17,1
3,2014-01-09,18,-1
3,2014-01-09,19,1
3,2014-01-09,20,-1
3,2014-01-09,21,1
3,2014-01-09,22,-1
3,2014-01-09,23,-1
3,2014-01-10,0,-1
3,2014-01-10,1,-1
3,2014-01-10,2,-1
3,2014-01-10,3,-1
3,2014-01-10,4,-1
3,2014-01-10,5,-1
3,2014-01-10,6,1
3,2014-01-10,7,1
3,2014-01-10,8,1
3,2014-01-10,9,-1
3,2014-01-10,10,-1
3,2014-01-10,11,-1
3,2014-01-10,12,1
3,2014-01-10,13,1
3,2014-01-10,14,-1
3,2014-01-10,15,-1
3,2014-01-10,16,-1
3,2014-01-10,17,1
3,2014-01-10,18,-1
3,2014-01-10,19,1
3,2014-01-10,20,-1
3,2014-01-10,21,-1
3,2014-01-10,22,-1
3,2014-01-10,23,-1
3,2014-01-11,0,1
3,2014-01-11,1,-1
3,2014-01-11,2,-1
3,2014-01-11,3,-1
3,2014-01-11,4,-1
3,2014-01-11,5,-1
3,2014-01-11,6,-1
3,2014-01-11,7,-1
3,2014-01-11,8,-1
3,2014-01-11,9,-1
3,2014-01-11,10,-1
3,2014-01-11,11,-1
3,2014-01-11,12,-1
3,2014-01-11,13,-1
3,2014-01-11,14,-1
3,2014-01-11,15,-1
3,2014-01-11,16,-1
3,2014-01-11,17,-1
3,2014-01-11,18,1
3,2014-01-11,19,-1
3,2014-01-11,20,1
3,2014-01-11,21,-1
3,2014-01-11,22,-1
3,2014-01-11,23,-1
3,2014-01-12,0,-1
3,2014-01-12,1,-1
3,2014-01-12,2,-1
3,2014-01-12,3,-1
3,2014-01-12,4,-1
3,2014-01-12,5,-1
3,2014-01-12,6,-1
3,2014-01-12,7,-1
3,2014-01-12,8,-1
3,2014-01-12,9,-1
3,2014-01-12,10,-1
3,2014-01-12,11,-1
3,2014-01-12,12,-1
3,2014-01-12,13,-1
3,2014-01-12,14,-1
3,2014-01-12,15,-1
3,2014-01-12,16,-1
3,2014-01-12,17,-1
3,2014-01-12,18,1
3,2014-01-12,19,-1
3,2014-01-12,20,1
3,2014-01-12,21,-1
3,2014-01-12,22,-1
3,2014-01-12,23,-1
3,2014-01-13,0,-1
3,2014-01-13,1,-1
3,2014-01-13,2,-1
3,2014-01-13,3,-1
3,2014-01-13,4,-1
3,2014-01-13,5,-1
3,2014-01-13,6,-1
3,2014-01-13,7,1
3,2014-01-13,8,-1
3,2014-01-13,9,-1
3,2014-01-13,10,-1
3,2014-01-13,11,-1
3,2014-01-13,12,1
3,2014-01-13,13,1
3,2014-01-13,14,-1
3,2014-01-13,15,-1
3,2014-01-13,16,-1
3,2014-01-13,17,1
3,2014-01-13,18,0
3,2014-01-13,19,-1
3,2014-01-13,20,-1
3,2014-01-13,21,-1
3,2014-01-13,22,-1
3,2014-01-13,23,-1
3,2014-01-14,0,-1
3,2014-01-14,1,-1
3,2014-01-14,2,-1
3,2014-01-14,3,-1
3,2014-01-14,4,-1
3,2014-01-14,5,-1
3,2014-01-14,6,-1
3,2014-01-14,7,1
3,2014-01-14,8,1
3,2014-01-14,9,-1
3,2014-01-14,10,-1
3,2014-01-14,11,1
3,2014-01-14,12,0
3,2014-01-14,13,1
3,2014-01-14,14,-1
3,2014-01-14,15,-1
3,2014-01-14,16,-1
3,2014-01-14,17,1
3,2014-01-14,18,-1
3,2014-01-14,19,1
3,2014-01-14,20,1
3,2014-01-14,21,0
3,2014-01-14,22,-1
3,2014-01-14,23,-1
3,2014-01-15,0,-1
3,2014-01-15,1,-1
3,2014-01-15,2,-1
3,2014-01-15,3,-1
3,2014-01-15,4,-1
3,2014-01-15,5,-1
3,2014-01-15,6,-1
3,2014-01-15,7,1
3,2014-01-15,8,1
3,2014-01-15,9,-1
3,2014-01-15,10,-1
3,2014-01-15,11,1
3,2014-01-15,12,0
3,2014-01-15,13,1
3,2014-01-15,14,0
3,2014-01-15,15,-1
3,2014-01-15,16,-1
3,2014-01-15,17,1
3,2014-01-15,18,1
3,2014-01-15,19,-1
3,2014-01-15,20,1
3,2014-01-15,21,-1
3,2014-01-15,22,-1
3,2014-01-15,23,-1
3,2014-01-16,0,-1
3,2014-01-16,1,-1
3,2014-01-16,2,-1
3,2014-01-16,3,-1
3,2014-01-16,4,-1
3,2014-01-16,5,-1
3,2014-01-16,6,-1
3,2014-01-16,7,1
3,2014-01-16,8,1
3,2014-01-16,9,-1
3,2014-01-16,10,-1
3,2014-01-16,11,-1
3,2014-01-16,12,1
3,2014-01-16,13,1
3,2014-01-16,14,0
3,2014-01-16,15,-1
3,2014-01-16,16,-1
3,2014-01-16,17,1
3,2014-01-16,18,1
3,2014-01-16,19,-1
3,2014-01-16,20,1
3,2014-01-16,21,-1
3,2014-01-16,22,-1
3,2014-01-16,23,-1
3,2014-01-17,0,-1
3,2014-01-17,1,-1
3,2014-01-17,2,-1
3,2014-01-17,3,-1
3,2014-01-17,4,-1
3,2014-01-17,5,-1
3,2014-01-17,6,-1
3,2014-01-17,7,1
3,2014-01-17,8,0
3,2014-01-17,9,-1
3,2014-01-17,10,-1
3,2014-01-17,11,-1
3,2014-01-17,12,1
3,2014-01-17,13,1
3,2014-01-17,14,-1
3,2014-01-17,15,-1
3,2014-01-17,16,-1
3,2014-01-17,17,1
3,2014-01-17,18,0
3,2014-01-17,19,1
3,2014-01-17,20,-1
3,2014-01-17,21,1
3,2014-01-17,22,1
3,2014-01-17,23,-1
3,2014-01-18,0,-1
3,2014-01-18,1,-1
3,2014-01-18,2,-1
3,2014-01-18,3,-1
3,2014-01-18,4,-1
3,2014-01-18,5,-1
3,2014-01-18,6,-1
3,2014-01-18,7,-1
3,2014-01-18,8,-1
3,2014-01-18,9,-1
3,2014-01-18,10,-1
3,2014-01-18,11,-1
3,2014-01-18,12,-1
3,2014-01-18,13,-1
3,2014-01-18,14,-1
3,2014-01-18,15,-1
3,2014-01-18,16,-1
3,2014-01-18,17,-1
3,2014-01-18,18,1
3,2014-01-18,19,1
3,2014-01-18,20,-1
3,2014-01-18,21,-1
3,2014-01-18,22,-1
3,2014-01-18,23,-1
3,2014-01-19,0,-1
3,2014-01-19,1,-1
3,2014-01-19,2,-1
3,2014-01-19,3,-1
3,2014-01-19,4,-1
3,2014-01-19,5,-1
3,2014-01-19,6,-1
3,2014-01-19,7,-1
3,2014-01-19,8,-1
3,2014-01-19,9,-1
3,2014-01-19,10,-1
3,2014-01-19,11,-1
3,2014-01-19,12,-1
3,2014-01-19,13,-1
3,2014-01-19,14,-1
3,2014-01-19,15,-1
3,2014-01-19,16,-1
3,2014-01-19,17,-1
3,2014-01-19,18,1
3,2014-01-19,19,1
3,2014-01-19,20,-1
3,2014-01-19,21,-1
3,2014-01-19,22,-1
3,2014-01-19,23,-1
4,2014-01-06,0,-1
4,2014-01-06,1,-1
4,2014-01-06,2,-1
4,2014-01-06,3,-1
4,2014-01-06,4,-1
4,2014-01-06,5,-1
4,2014-01-06,6,1
4,2014-01-06,7,1
4,2014-01-06,8,-1
4,2014-01-06,9,-1
4,2014-01-06,10,-1
4,2014-01-06,11,-1
4,2014-01-06,12,1
4,2014-01-06,13,1
4,2014-01-06,14,-1
4,2014-01-06,15,-1
4,2014-01-06,16,-1
4,2014-01-06,17,-1
4,2014-01-06,18,1
4,2014-01-06,19,1
4,2014-01-06,20,1
4,2014-01-06,21,-1
4,2014-01-06,22,-1
4,2014-01-06,23,-1
4,2014-01-07,0,-1
4,2014-01-07,1,-1
4,2014-01-07,2,-1
4,2014-01-07,3,-1
4,2014-01-07,4,-1
4,2014-01-07,5,-1
4,2014-01-07,6,1
4,2014-01-07,7,0
4,2014-01-07,8,-1
4,2014-01-07,9,-1
4,2014-01-07,10,-1
4,2014-01-07,11,-1
4,2014-01-07,12,1
4,2014-01-07,13,1
4,2014-01-07,14,-1
4,2014-01-07,15,-1
4,2014-01-07,16,-1
4,2014-01-07,17,-1
4,2014-01-07,18,1
4,2014-01-07,19,1
4,2014-01-07,20,-1
4,2014-01-07,21,1
4,2014-01-07,22,-1
4,2014-01-07,23,-1
4,2014-01-08,0,-1
4,2014-01-08,1,-1
4,2014-01-08,2,-1
4,2014-01-08,3,-1
4,2014-01-08,4,-1
4,2014-01-08,5,-1
4,2014-01-08,6,1
4,2014-01-08,7,1
4,2014-01-08,8,-1
4,2014-01-08,9,-1
4,2014-01-08,10,-1
4,2014-01-08,11,-1
4,2014-01-08,12,1
4,2014-01-08,13,1
4,2014-01-08,14,-1
4,2014-01-08,15,-1
4,2014-01-08,16,-1
4,2014-01-08,17,-1
4,2014-01-08,18,1
4,2014-01-08,19,1
4,2014-01-08,20,-1
4,2014-01-08,21,1
4,2014-01-08,22,-1
4,2014-01-08,23,-1
4,2014-01-09,0,-1
4,2014-01-09,1,-1
4,2014-01-09,2,-1
4,2014-01-09,3,-1
4,2014-01-09,4,-1
4,2014-01-09,5,-1
4,2014-01-09,6,1
4,2014-01-09,7,1
4,2014-01-09,8,-1
4,2014-01-09,9,-1
4,2014-01-09,10,-1
4,2014-01-09,11,-1
4,2014-01-09,12,1
4,2014-01-09,13,1
4,2014-01-09,14,-1
4,2014-01-09,15,-1
4,2014-01-09,16,-1
4,2014-01-09,17,1
4,2014-01-09,18,0
4,2014-01-09,19,1
4,2014-01-09,20,-1
4,2014-01-09,21,1
4,2014-01-09,22,-1
4,2014-01-09,23,-1
4,2014-01-10,0,-1
4,2014-01-10,1,-1
4,2014-01-10,2,-1
4,2014-01-10,3,-1
4,2014-01-10,4,-1
4,2014-01-10,5,-1
4,2014-01-10,6,1
4,2014-01-10,7,1
4,2014-01-10,8,-1
4,2014-01-10,9,-1
4,2014-01-10,10,-1
4,2014-01-10,11,-1
4,2014-01-10,12,1
4,2014-01-10,13,1
4,2014-01-10,14,-1
4,2014-01-10,15,-1
4,2014-01-10,16,-1
4,2014-01-10,17,-1
4,2014-01-10,18,1
4,2014-01-10,19,1
4,2014-01-10,20,1
4,2014-01-10,21,-1
4,2014-01-10,22,-1
4,2014-01-10,23,-1
4,2014-01-11,0,-1
4,2014-01-11,1,-1
4,2014-01-11,2,-1
4,2014-01-11,3,-1
4,2014-01-11,4,-1
4,2014-01-11,5,-1
4,2014-01-11,6,-1
4,2014-01-11,7,-1
4,2014-01-11,8,-1
4,2014-01-11,9,-1
4,2014-01-11,10,-1
4,2014-01-11,11,-1
4,2014-01-11,12,1
4,2014-01-11,13,1
4,2014-01-11,14,-1
4,2014-01-11,15,-1
4,2014-01-11,16,1
4,2014-01-11,17,-1
4,2014-01-11,18,1
4,2014-01-11,19,1
4,2014-01-11,20,-1
4,2014-01-11,21,-1
4,2014-01-11,22,-1
4,2014-01-11,23,-1
4,2014-01-12,0,-1
4,2014-01-12,1,-1
4,2014-01-12,2,-1
4,2014-01-12,3,-1
4,2014-01-12,4,-1
4,2014-01-12,5,-1
4,2014-01-12,6,-1
4,2014-01-12,7,-1
4,2014-01-12,8,-1
4,2014-01-12,9,-1
4,2014-01-12,10,-1
4,2014-01-12,11,-1
4,2014-01-12,12,-1
4,2014-01-12,13,1
4,2014-01-12,14,-1
4,2014-01-12,15,-1
4,2014-01-12,16,1
4,2014-01-12,17,-1
4,2014-01-12,18,1
4,2014-01-12,19,-1
4,2014-01-12,20,1
4,2014-01-12,21,-1
4,2014-01-12,22,-1
4,2014-01-12,23,-1
4,2014-01-13,0,-1
4,2014-01-13,1,-1
4,2014-01-13,2,-1
4,2014-01-13,3,-1
4,2014-01-13,4,-1
4,2014-01-13,5,-1
4,2014-01-13,6,1
4,2014-01-13,7,1
4,2014-01-13,8,-1
4,2014-01-13,9,-1
4,2014-01-13,10,-1
4,2014-01-13,11,-1
4,2014-01-13,12,1
4,2014-01-13,13,1
4,2014-01-13,14,-1
4,2014-01-13,15,-1
4,2014-01-13,16,-1
4,2014-01-13,17,-1
4,2014-01-13,18,1
4,2014-01-13,19,1
4,2014-01-13,20,1
4,2014-01-13,21,-1
4,2014-01-13,22,-1
4,2014-01-13,23,-1
4,2014-01-14,0,-1
4,2014-01-14,1,-1
4,2014-01-14,2,-1
4,2014-01-14,3,-1
4,2014-01-14,4,-1
4,2014-01-14,5,-1
4,2014-01-14,6,-1
4,2014-01-14,7,1
4,2014-01-14,8,-1
4,2014-01-14,9,-1
4,2014-01-14,10,-1
4,2014-01-14,11,-1
4,2014-01-14,12,1
4,2014-01-14,13,1
4,2014-01-14,14,-1
4,2014-01-14,15,-1
4,2014-01-14,16,-1
4,2014-01-14,17,1
4,2014-01-14,18,0
4,2014-01-14,19,-1
4,2014-01-14,20,-1
4,2014-01-14,21,-1
4,2014-01-14,22,-1
4,2014-01-14,23,-1
4,2014-01-15,0,-1
4,2014-01-15,1,-1
4,2014-01-15,2,-1
4,2014-01-15,3,-1
4,2014-01-15,4,-1
4,2014-01-15,5,-1
4,2014-01-15,6,1
4,2014-01-15,7,1
4,2014-01-15,8,-1
4,2014-01-15,9,-1
4,2014-01-15,10,-1
4,2014-01-15,11,-1
4,2014-01-15,12,1
4,2014-01-15,13,1
4,2014-01-15,14,-1
4,2014-01-15,15,-1
4,2014-01-15,16,-1
4,2014-01-15,17,-1
4,2014-01-15,18,1
4,2014-01-15,19,1
4,2014-01-15,20,1
4,2014-01-15,21,-1
4,2014-01-15,22,-1
4,2014-01-15,23,-1
4,2014-01-16,0,-1
4,2014-01-16,1,-1
4,2014-01-16,2,-1
4,2014-01-16,3,-1
4,2014-01-16,4,-1
4,2014-01-16,5,-1
4,2014-01-16,6,1
4,2014-01-16,7,0
4,2014-01-16,8,-1
4,2014-01-16,9,-1
4,2014-01-16,10,-1
4,2014-01-16,11,-1
4,2014-01-16,12,1
4,2014-01-16,13,1
4,2014-01-16,14,-1
4,2014-01-16,15,-1
4,2014-01-16,16,-1
4,2014-01-16,17,-1
4,2014-01-16,18,1
4,2014-01-16,19,1
4,2014-01-16,20,-1
4,2014-01-16,21,1
4,2014-01-16,22,-1
4,2014-01-16,23,-1
4,2014-01-17,0,-1
4,2014-01-17,1,-1
4,2014-01-17,2,-1
4,2014-01-17,3,-1
4,2014-01-17,4,-1
4,2014-01-17,5,-1
4,2014-01-17,6,-1
4,2014-01-17,7,1
4,2014-01-17,8,-1
4,2014-01-17,9,-1
4,2014-01-17,10,-1
4,2014-01-17,11,-1
4,2014-01-17,12,1
4,2014-01-17,13,1
4,2014-01-17,14,-1
4,2014-01-17,15,-1
4,2014-01-17,16,-1
4,2014-01-17,17,-1
4,2014-01-17,18,1
4,2014-01-17,19,1
4,2014-01-17,20,1
4,2014-01-17,21,-1
4,2014-01-17,22,-1
4,2014-01-17,23,-1
4,2014-01-18,0,-1
4,2014-01-18,1,-1
4,2014-01-18,2,-1
4,2014-01-18,3,-1
4,2014-01-18,4,-1
4,2014-01-18,5,-1
4,2014-01-18,6,-1
4,2014-01-18,7,-1
4,2014-01-18,8,-1
4,2014-01-18,9,-1
4,2014-01-18,10,-1
4,2014-01-18,11,-1
4,2014-01-18,12,1
4,2014-01-18,13,-1
4,2014-01-18,14,1
4,2014-01-18,15,-1
4,2014-01-18,16,-1
4,2014-01-18,17,-1
4,2014-01-18,18,1
4,2014-01-18,19,1
4,2014-01-18,20,-1
4,2014-01-18,21,-1
4,2014-01-18,22,-1
4,2014-01-18,23,-1
4,2014-01-19,0,-1
4,2014-01-19,1,-1
4,2014-01-19,2,-1
4,2014-01-19,3,-1
4,2014-01-19,4,-1
4,2014-01-19,5,-1
4,2014-01-19,6,-1
4,2014-01-19,7,-1
4,2014-01-19,8,-1
4,2014-01-19,9,-1
4,2014-01-19,10,-1
4,2014-01-19,11,-1
4,2014-01-19,12,1
4,2014-01-19,13,-1
4,2014-01-19,14,-1
4,2014-01-19,15,-1
4,2014-01-19,16,1
4,2014-01-19,17,-1
4,2014-01-19,18,-1
4,2014-01-19,19,-1
4,2014-01-19,20,-1
4,2014-01-19,21,-1
4,2014-01-19,22,-1
4,2014-01-19,23,-1
5,2014-01-06,0,-1
5,2014-01-06,1,-1
5,2014-01-06,2,-1
5,2014-01-06,3,-1
5,2014-01-06,4,-1
5,2014-01-06,5,-1
5,2014-01-06,6,-1
5,2014-01-06,7,0
5,2014-01-06,8,0
5,2014-01-06,9,-1
5,2014-01-06,10,-1
5,2014-01-06,11,-1
5,2014-01-06,12,1
5,2014-01-06,13,1
5,2014-01-06,14,-1
5,2014-01-06,15,-1
5,2014-01-06,16,-1
5,2014-01-06,17,1
5,2014-01-06,18,-1
5,2014-01-06,19,-1
5,2014-01-06,20,-1
5,2014-01-06,21,-1
5,2014-01-06,22,-1
5,2014-01-06,23,-1
5,2014-01-07,0,-1
5,2014-01-07,1,-1
5,2014-01-07,2,-1
5,2014-01-07,3,-1
5,2014-01-07,4,-1
5,2014-01-07,5,-1
5,2014-01-07,6,-1
5,2014-01-07,7,1
5,2014-01-07,8,1
5,2014-01-07,9,-1
5,2014-01-07,10,-1
5,2014-01-07,11,-1
5,2014-01-07,12,1
5,2014-01-07,13,1
5,2014-01-07,14,-1
5,2014-01-07,15,-1
5,2014-01-07,16,-1
5,2014-01-07,17,1
5,2014-01-07,18,-1
5,2014-01-07,19,-1
5,2014-01-07,20,-1
5,2014-01-07,21,-1
5,2014-01-07,22,-1
5,2014-01-07,23,-1
5,2014-01-08,0,-1
5,2014-01-08,1,-1
5,2014-01-08,2,-1
5,2014-01-08,3,-1
5,2014-01-08,4,-1
5,2014-01-08,5,-1
5,2014-01-08,6,-1
5,2014-01-08,7,1
5,2014-01-08,8,1
5,2014-01-08,9,-1
5,2014-01-08,10,-1
5,2014-01-08,11,-1
5,2014-01-08,12,1
5,2014-01-08,13,1
5,2014-01-08,14,-1
5,2014-01-08,15,-1
5,2014-01-08,16,-1
5,2014-01-08,17,1
5,2014-01-08,18,-1
5,2014-01-08,19,1
5,2014-01-08,20,-1
5,2014-01-08,21,1
5,2014-01-08,22,-1
5,2014-01-08,23,-1
5,2014-01-09,0,-1
5,2014-01-09,1,-1
5,2014-01-09,2,-1
5,2014-01-09,3,-1
5,2014-01-09,4,-1
5,2014-01-09,5,-1
5,2014-01-09,6,-1
5,2014-01-09,7,1
5,2014-01-09,8,-1
5,2014-01-09,9,-1
5,2014-01-09,10,-1
5,2014-01-09,11,-1
5,2014-01-09,12,1
5,2014-01-09,13,1
5,2014-01-09,14,-1
5,2014-01-09,15,-1
5,2014-01-09,16,-1
5,2014-01-09,17,1
5,2014-01-09,18,1
5,2014-01-09,19,1
5,2014-01-09,20,-1
5,2014-01-09,21,-1
5,2014-01-09,22,-1
5,2014-01-09,23,-1
5,2014-01-10,0,-1
5,2014-01-10,1,-1
5,2014-01-10,2,-1
5,2014-01-10,3,-1
5,2014-01-10,4,-1
5,2014-01-10,5,-1
5,2014-01-10,6,-1
5,2014-01-10,7,1
5,2014-01-10,8,0
5,2014-01-10,9,-1
5,2014-01-10,10,-1
5,2014-01-10,11,1
5,2014-01-10,12,0
5,2014-01-10,13,1
5,2014-01-10,14,-1
5,2014-01-10,15,-1
5,2014-01-10,16,-1
5,2014-01-10,17,1
5,2014-01-10,18,1
5,2014-01-10,19,0
5,2014-01-10,20,-1
5,2014-01-10,21,-1
5,2014-01-10,22,-1
5,2014-01-10,23,1
5,2014-01-11,0,-1
5,2014-01-11,1,-1
5,2014-01-11,2,-1
5,2014-01-11,3,-1
5,2014-01-11,4,-1
5,2014-01-11,5,-1
5,2014-01-11,6,-1
5,2014-01-11,7,-1
5,2014-01-11,8,-1
5,2014-01-11,9,-1
5,2014-01-11,10,-1
5,2014-01-11,11,-1
5,2014-01-11,12,-1
5,2014-01-11,13,-1
5,2014-01-11,14,-1
5,2014-01-11,15,-1
5,2014-01-11,16,-1
5,2014-01-11,17,-1
5,2014-01-11,18,1
5,2014-01-11,19,1
5,2014-01-11,20,-1
5,2014-01-11,21,-1
5,2014-01-11,22,-1
5,2014-01-11,23,-1
5,2014-01-12,0,-1
5,2014-01-12,1,-1
5,2014-01-12,2,-1
5,2014-01-12,3,-1
5,2014-01-12,4,-1
5,2014-01-12,5,-1
5,2014-01-12,6,-1
5,2014-01-12,7,-1
5,2014-01-12,8,-1
5,2014-01-12,9,-1
5,2014-01-12,10,-1
5,2014-01-12,11,-1
5,2014-01-12,12,-1
5,2014-01-12,13,-1
5,2014-01-12,14,-1
5,2014-01-12,15,-1
5,2014-01-12,16,-1
5,2014-01-12,17,-1
5,2014-01-12,18,1
5,2014-01-12,19,-1
5,2014-01-12,20,1
5,2014-01-12,21,-1
5,2014-01-12,22,-1
5,2014-01-12,23,-1
5,2014-01-13,0,-1
5,2014-01-13,1,-1
5,2014-01-13,2,-1
5,2014-01-13,3,-1
5,2014-01-13,4,-1
5,2014-01-13,5,-1
5,2014-01-13,6,-1
5,2014-01-13,7,1
5,2014-01-13,8,1
5,2014-01-13,9,-1
5,2014-01-13,10,-1
5,2014-01-13,11,-1
5,2014-01-13,12,1
5,2014-01-13,13,1
5,2014-01-13,14,-1
5,2014-01-13,15,-1
5,2014-01-13,16,-1
5,2014-01-13,17,1
5,2014-01-13,18,-1
5,2014-01-13,19,1
5,2014-01-13,20,1
5,2014-01-13,21,-1
5,2014-01-13,22,-1
5,2014-01-13,23,-1
5,2014-01-14,0,-1
5,2014-01-14,1,-1
5,2014-01-14,2,-1
5,2014-01-14,3,-1
5,2014-01-14,4,-1
5,2014-01-14,5,-1
5,2014-01-14,6,-1
5,2014-01-14,7,1
5,2014-01-14,8,0
5,2014-01-14,9,-1
5,2014-01-14,10,-1
5,2014-01-14,11,-1
5,2014-01-14,12,1
5,2014-01-14,13,1
5,2014-01-14,14,-1
5,2014-01-14,15,-1
5,2014-01-14,16,-1
5,2014-01-14,17,1
5,2014-01-14,18,-1
5,2014-01-14,19,1
5,2014-01-14,20,1
5,2014-01-14,21,-1
5,2014-01-14,22,-1
5,2014-01-14,23,-1
5,2014-01-15,0,-1
5,2014-01-15,1,-1
5,2014-01-15,2,-1
5,2014-01-15,3,-1
5,2014-01-15,4,-1
5,2014-01-15,5,-1
5,2014-01-15,6,1
5,2014-01-15,7,1
5,2014-01-15,8,-1
5,2014-01-15,9,-1
5,2014-01-15,10,-1
5,2014-01-15,11,1
5,2014-01-15,12,0
5,2014-01-15,13,1
5,2014-01-15,14,-1
5,2014-01-15,15,-1
5,2014-01-15,16,-1
5,2014-01-15,17,1
5,2014-01-15,18,1
5,2014-01-15,19,-1
5,2014-01-15,20,1
5,2014-01-15,21,-1
5,2014-01-15,22,-1
5,2014-01-15,23,-1
5,2014-01-16,0,-1
5,2014-01-16,1,-1
5,2014-01-16,2,-1
5,2014-01-16,3,-1
5,2014-01-16,4,-1
5,2014-01-16,5,-1
5,2014-01-16,6,-1
5,2014-01-16,7,1
5,2014-01-16,8,1
5,2014-01-16,9,-1
5,2014-01-16,10,-1
5,2014-01-16,11,-1
5,2014-01-16,12,1
5,2014-01-16,13,1
5,2014-01-16,14,-1
5,2014-01-16,15,-1
5,2014-01-16,16,-1
5,2014-01-16,17,1
5,2014-01-16,18,1
5,2014-01-16,19,-1
5,2014-01-16,20,1
5,2014-01-16,21,-1
5,2014-01-16,22,-1
5,2014-01-16,23,-1
5,2014-01-17,0,-1
5,2014-01-17,1,-1
5,2014-01-17,2,-1
5,2014-01-17,3,-1
5,2014-01-17,4,-1
5,2014-01-17,5,-1
5,2014-01-17,6,-1
5,2014-01-17,7,1
5,2014-01-17,8,0
5,2014-01-17,9,-1
5,2014-01-17,10,-1
5,2014-01-17,11,-1
5,2014-01-17,12,-1
5,2014-01-17,13,-1
5,2014-01-17,14,-1
5,2014-01-17,15,-1
5,2014-01-17,16,-1
5,2014-01-17,17,1
5,2014-01-17,18,1
5,2014-01-17,19,1
5,2014-01-17,20,-1
5,2014-01-17,21,-1
5,2014-01-17,22,-1
5,2014-01-17,23,-1
5,2014-01-18,0,-1
5,2014-01-18,1,-1
5,2014-01-18,2,-1
5,2014-01-18,3,-1
5,2014-01-18,4,-1
5,2014-01-18,5,-1
5,2014-01-18,6,-1
5,2014-01-18,7,-1
5,2014-01-18,8,-1
5,2014-01-18,9,-1
5,2014-01-18,10,-1
5,2014-01-18,11,-1
5,2014-01-18,12,-1
5,2014-01-18,13,-1
5,2014-01-18,14,-1
5,2014-01-18,15,-1
5,2014-01-18,16,-1
5,2014-01-18,17,-1
5,2014-01-18,18,1
5,2014-01-18,19,1
5,2014-01-18,20,-1
5,2014-01-18,21,-1
5,2014-01-18,22,-1
5,2014-01-18,23,-1
5,2014-01-19,0,-1
5,2014-01-19,1,-1
5,2014-01-19,2,-1
5,2014-01-19,3,-1
5,2014-01-19,4,-1
5,2014-01-19,5,-1
5,2014-01-19,6,-1
5,2014-01-19,7,-1
5,2014-01-19,8,-1
5,2014-01-19,9,-1
5,2014-01-19,10,-1
5,2014-01-19,11,-1
5,2014-01-19,12,-1
5,2014-01-19,13,-1
5,2014-01-19,14,-1
5,2014-01-19,15,-1
5,2014-01-19,16,-1
5,2014-01-19,17,-1
5,2014-01-19,18,1
5,2014-01-19,19,1
5,2014-01-19,20,-1
5,2014-01-19,21,-1
5,2014-01-19,22,-1
5,2014-01-19,23,-1
6,2014-01-06,0,-1
6,2014-01-06,1,-1
6,2014-01-06,2,-1
6,2014-01-06,3,-1
6,2014-01-06,4,-1
6,2014-01-06,5,-1
6,2014-01-06,6,-1
6,2014-01-06,7,1
6,2014-01-06,8,-1
6,2014-01-06,9,-1
6,2014-01-06,10,-1
6,2014-01-06,11,-1
6,2014-01-06,12,1
6,2014-01-06,13,1
6,2014-01-06,14,-1
6,2014-01-06,15,-1
6,2014-01-06,16,-1
6,2014-01-06,17,1
6,2014-01-06,18,1
6,2014-01-06,19,-1
6,2014-01-06,20,1
6,2014-01-06,21,-1
6,2014-01-06,22,-1
6,2014-01-06,23,-1
6,2014-01-07,0,-1
6,2014-01-07,1,-1
6,2014-01-07,2,-1
6,2014-01-07,3,-1
6,2014-01-07,4,-1
6,2014-01-07,5,-1
6,2014-01-07,6,-1
6,2014-01-07,7,1
6,2014-01-07,8,0
6,2014-01-07,9,-1
6,2014-01-07,10,-1
6,2014-01-07,11,1
6,2014-01-07,12,0
6,2014-01-07,13,1
6,2014-01-07,14,-1
6,2014-01-07,15,-1
6,2014-01-07,16,-1
6,2014-01-07,17,1
6,2014-01-07,18,-1
6,2014-01-07,19,1
6,2014-01-07,20,1
6,2014-01-07,21,-1
6,2014-01-07,22,-1
6,2014-01-07,23,-1
6,2014-01-08,0,-1
6,2014-01-08,1,-1
6,2014-01-08,2,-1
6,2014-01-08,3,-1
6,2014-01-08,4,-1
6,2014-01-08,5,-1
6,2014-01-08,6,-1
6,2014-01-08,7,1
6,2014-01-08,8,0
6,2014-01-08,9,-1
6,2014-01-08,10,-1
6,2014-01-08,11,-1
6,2014-01-08,12,1
6,2014-01-08,13,1
6,2014-01-08,14,-1
6,2014-01-08,15,-1
6,2014-01-08,16,-1
6,2014-01-08,17,1
6,2014-01-08,18,-1
6,2014-01-08,19,1
6,2014-01-08,20,-1
6,2014-01-08,21,1
6,2014-01-08,22,-1
6,2014-01-08,23,-1
6,2014-01-09,0,-1
6,2014-01-09,1,-1
6,2014-01-09,2,-1
6,2014-01-09,3,-1
6,2014-01-09,4,-1
6,2014-01-09,5,-1
6,2014-01-09,6,-1
6,2014-01-09,7,1
6,2014-01-09,8,-1
6,2014-01-09,9,-1
6,2014-01-09,10,-1
6,2014-01-09,11,1
6,2014-01-09,12,-1
6,2014-01-09,13,1
6,2014-01-09,14,-1
6,2014-01-09,15,-1
6,2014-01-09,16,-1
6,2014-01-09,17,1
6,2014-01-09,18,-1
6,2014-01-09,19,1
6,2014-01-09,20,1
6,2014-01-09,21,-1
6,2014-01-09,22,-1
6,2014-01-09,23,-1
6,2014-01-10,0,-1
6,2014-01-10,1,-1
6,2014-01-10,2,-1
6,2014-01-10,3,-1
6,2014-01-10,4,-1
6,2014-01-10,5,-1
6,2014-01-10,6,-1
6,2014-01-10,7,1
6,2014-01-10,8,-1
6,2014-01-10,9,-1
6,2014-01-10,10,-1
6,2014-01-10,11,-1
6,2014-01-10,12,1
6,2014-01-10,13,1
6,2014-01-10,14,1
6,2014-01-10,15,-1
6,2014-01-10,16,1
6,2014-01-10,17,1
6,2014-01-10,18,1
6,2014-01-10,19,-1
6,2014-01-10,20,-1
6,2014-01-10,21,-1
6,2014-01-10,22,1
6,2014-01-10,23,-1
6,2014-01-11,0,-1
6,2014-01-11,1,-1
6,2014-01-11,2,-1
6,2014-01-11,3,-1
6,2014-01-11,4,-1
6,2014-01-11,5,-1
6,2014-01-11,6,-1
6,2014-01-11,7,-1
6,2014-01-11,8,-1
6,2014-01-11,9,-1
6,2014-01-11,10,-1
6,2014-01-11,11,-1
6,2014-01-11,12,1
6,2014-01-11,13,1
6,2014-01-11,14,0
6,2014-01-11,15,-1
6,2014-01-11,16,-1
6,2014-01-11,17,-1
6,2014-01-11,18,1
6,2014-01-11,19,1
6,2014-01-11,20,-1
6,2014-01-11,21,-1
6,2014-01-11,22,-1
6,2014-01-11,23,-1
6,2014-01-12,0,-1
6,2014-01-12,1,-1
6,2014-01-12,2,-1
6,2014-01-12,3,-1
6,2014-01-12,4,-1
6,2014-01-12,5,-1
6,2014-01-12,6,-1
6,2014-01-12,7,-1
6,2014-01-12,8,-1
6,2014-01-12,9,-1
6,2014-01-12,10,-1
6,2014-01-12,11,-1
6,2014-01-12,12,-1
6,2014-01-12,13,-1
6,2014-01-12,14,-1
6,2014-01-12,15,-1
6,2014-01-12,16,-1
6,2014-01-12,17,-1
6,2014-01-12,18,1
6,2014-01-12,19,1
6,2014-01-12,20,-1
6,2014-01-12,21,-1
6,2014-01-12,22,-1
6,2014-01-12,23,-1
6,2014-01-13,0,-1
6,2014-01-13,1,-1
6,2014-01-13,2,-1
6,2014-01-13,3,-1
6,2014-01-13,4,-1
6,2014-01-13,5,-1
6,2014-01-13,6,-1
6,2014-01-13,7,1
6,2014-01-13,8,0
6,2014-01-13,9,-1
6,2014-01-13,10,-1
6,2014-01-13,11,1
6,2014-01-13,12,-1
6,2014-01-13,13,1
6,2014-01-13,14,-1
6,2014-01-13,15,-1
6,2014-01-13,16,-1
6,2014-01-13,17,1
6,2014-01-13,18,-1
6,2014-01-13,19,1
6,2014-01-13,20,1
6,2014-01-13,21,-1
6,2014-01-13,22,-1
6,2014-01-13,23,-1
6,2014-01-14,0,-1
6,2014-01-14,1,-1
6,2014-01-14,2,-1
6,2014-01-14,3,-1
6,2014-01-14,4,-1
6,2014-01-14,5,-1
6,2014-01-14,6,-1
6,2014-01-14,7,1
6,2014-01-14,8,0
6,2014-01-14,9,-1
6,2014-01-14,10,-1
6,2014-01-14,11,-1
6,2014-01-14,12,1
6,2014-01-14,13,1
6,2014-01-14,14,-1
6,2014-01-14,15,-1
6,2014-01-14,16,-1
6,2014-01-14,17,1
6,2014-01-14,18,-1
6,2014-01-14,19,-1
6,2014-01-14,20,-1
6,2014-01-14,21,-1
6,2014-01-14,22,-1
6,2014-01-14,23,-1
6,2014-01-15,0,-1
6,2014-01-15,1,-1
6,2014-01-15,2,-1
6,2014-01-15,3,-1
6,2014-01-15,4,-1
6,2014-01-15,5,-1
6,2014-01-15,6,-1
6,2014-01-15,7,1
6,2014-01-15,8,1
6,2014-01-15,9,-1
6,2014-01-15,10,-1
6,2014-01-15,11,-1
6,2014-01-15,12,1
6,2014-01-15,13,1
6,2014-01-15,14,-1
6,2014-01-15,15,-1
6,2014-01-15,16,-1
6,2014-01-15,17,1
6,2014-01-15,18,-1
6,2014-01-15,19,1
6,2014-01-15,20,-1
6,2014-01-15,21,1
6,2014-01-15,22,-1
6,2014-01-15,23,-1
6,2014-01-16,0,-1
6,2014-01-16,1,-1
6,2014-01-16,2,-1
6,2014-01-16,3,-1
6,2014-01-16,4,-1
6,2014-01-16,5,-1
6,2014-01-16,6,-1
6,2014-01-16,7,1
6,2014-01-16,8,-1
6,2014-01-16,9,-1
6,2014-01-16,10,-1
6,2014-01-16,11,1
6,2014-01-16,12,0
6,2014-01-16,13,1
6,2014-01-16,14,-1
6,2014-01-16,15,-1
6,2014-01-16,16,-1
6,2014-01-16,17,1
6,2014-01-16,18,-1
6,2014-01-16,19,1
6,2014-01-16,20,-1
6,2014-01-16,21,1
6,2014-01-16,22,-1
6,2014-01-16,23,-1
6,2014-01-17,0,-1
6,2014-01-17,1,-1
6,2014-01-17,2,-1
6,2014-01-17,3,-1
6,2014-01-17,4,-1
6,2014-01-17,5,-1
6,2014-01-17,6,-1
6,2014-01-17,7,1
6,2014-01-17,8,-1
6,2014-01-17,9,-1
6,2014-01-17,10,-1
6,2014-01-17,11,-1
6,2014-01-17,12,-1
6,2014-01-17,13,-1
6,2014-01-17,14,-1
6,2014-01-17,15,-1
6,2014-01-17,16,-1
6,2014-01-17,17,1
6,2014-01-17,18,-1
6,2014-01-17,19,1
6,2014-01-17,20,1
6,2014-01-17,21,-1
6,2014-01-17,22,-1
6,2014-01-17,23,-1
6,2014-01-18,0,-1
6,2014-01-18,1,-1
6,2014-01-18,2,-1
6,2014-01-18,3,-1
6,2014-01-18,4,-1
6,2014-01-18,5,-1
6,2014-01-18,6,-1
6,2014-01-18,7,-1
6,2014-01-18,8,-1
6,2014-01-18,9,-1
6,2014-01-18,10,-1
6,2014-01-18,11,-1
6,2014-01-18,12,1
6,2014-01-18,13,1
6,2014-01-18,14,-1
6,2014-01-18,15,1
6,2014-01-18,16,-1
6,2014-01-18,17,-1
6,2014-01-18,18,-1
6,2014-01-18,19,-1
6,2014-01-18,20,-1
6,2014-01-18,21,-1
6,2014-01-18,22,-1
6,2014-01-18,23,-1
6,2014-01-19,0,-1
6,2014-01-19,1,-1
6,2014-01-19,2,-1
6,2014-01-19,3,-1
6,2014-01-19,4,-1
6,2014-01-19,5,-1
6,2014-01-19,6,-1
6,2014-01-19,7,-1
6,2014-01-19,8,-1
6,2014-01-19,9,-1
6,2014-01-19,10,-1
6,2014-01-19,11,-1
6,2014-01-19,12,-1
6,2014-01-19,13,-1
6,2014-01-19,14,-1
6,2014-01-19,15,-1
6,2014-01-19,16,-1
6,2014-01-19,17,-1
6,2014-01-19,18,-1
6,2014-01-19,19,-1
6,2014-01-19,20,-1
6,2014-01-19,21,-1
6,2014-01-19,22,-1
6,2014-01-19,23,-1
7,2014-01-06,0,-1
7,2014-01-06,1,-1
7,2014-01-06,2,-1
7,2014-01-06,3,-1
7,2014-01-06,4,-1
7,2014-01-06,5,-1
7,2014-01-06,6,-1
7,2014-01-06,7,1
7,2014-01-06,8,0
7,2014-01-06,9,-1
7,2014-01-06,10,-1
7,2014-01-06,11,1
7,2014-01-06,12,-1
7,2014-01-06,13,1
7,2014-01-06,14,-1
7,2014-01-06,15,-1
7,2014-01-06,16,-1
7,2014-01-06,17,1
7,2014-01-06,18,-1
7,2014-01-06,19,-1
7,2014-01-06,20,-1
7,2014-01-06,21,-1
7,2014-01-06,22,-1
7,2014-01-06,23,-1
7,2014-01-07,0,-1
7,2014-01-07,1,-1
7,2014-01-07,2,-1
7,2014-01-07,3,-1
7,2014-01-07,4,-1
7,2014-01-07,5,-1
7,2014-01-07,6,-1
7,2014-01-07,7,1
7,2014-01-07,8,-1
7,2014-01-07,9,-1
7,2014-01-07,10,-1
7,2014-01-07,11,-1
7,2014-01-07,12,1
7,2014-01-07,13,1
7,2014-01-07,14,-1
7,2014-01-07,15,-1
7,2014-01-07,16,-1
7,2014-01-07,17,1
7,2014-01-07,18,-1
7,2014-01-07,19,1
7,2014-01-07,20,-1
7,2014-01-07,21,1
7,2014-01-07,22,-1
7,2014-01-07,23,-1
7,2014-01-08,0,-1
7,2014-01-08,1,-1
7,2014-01-08,2,-1
7,2014-01-08,3,-1
7,2014-01-08,4,-1
7,2014-01-08,5,-1
7,2014-01-08,6,-1
7,2014-01-08,7,1
7,2014-01-08,8,0
7,2014-01-08,9,-1
7,2014-01-08,10,-1
7,2014-01-08,11,1
7,2014-01-08,12,-1
7,2014-01-08,13,1
7,2014-01-08,14,-1
7,2014-01-08,15,-1
7,2014-01-08,16,-1
7,2014-01-08,17,1
7,2014-01-08,18,1
7,2014-01-08,19,1
7,2014-01-08,20,-1
7,2014-01-08,21,-1
7,2014-01-08,22,-1
7,2014-01-08,23,-1
7,2014-01-09,0,-1
7,2014-01-09,1,-1
7,2014-01-09,2,-1
7,2014-01-09,3,-1
7,2014-01-09,4,-1
7,2014-01-09,5,-1
7,2014-01-09,6,-1
7,2014-01-09,7,1
7,2014-01-09,8,0
7,2014-01-09,9,-1
7,2014-01-09,10,-1
7,2014-01-09,11,1
7,2014-01-09,12,-1
7,2014-01-09,13,1
7,2014-01-09,14,-1
7,2014-01-09,15,-1
7,2014-01-09,16,-1
7,2014-01-09,17,1
7,2014-01-09,18,1
7,2014-01-09,19,-1
7,2014-01-09,20,1
7,2014-01-09,21,-1
7,2014-01-09,22,-1
7,2014-01-09,23,-1
7,2014-01-10,0,-1
7,2014-01-10,1,-1
7,2014-01-10,2,-1
7,2014-01-10,3,-1
7,2014-01-10,4,-1
7,2014-01-10,5,-1
7,2014-01-10,6,-1
7,2014-01-10,7,1
7,2014-01-10,8,-1
7,2014-01-10,9,-1
7,2014-01-10,10,-1
7,2014-01-10,11,1
7,2014-01-10,12,-1
7,2014-01-10,13,1
7,2014-01-10,14,-1
7,2014-01-10,15,-1
7,2014-01-10,16,-1
7,2014-01-10,17,1
7,2014-01-10,18,-1
7,2014-01-10,19,1
7,2014-01-10,20,-1
7,2014-01-10,21,-1
7,2014-01-10,22,1
7,2014-01-10,23,1
7,2014-01-11,0,-1
7,2014-01-11,1,-1
7,2014-01-11,2,-1
7,2014-01-11,3,-1
7,2014-01-11,4,-1
7,2014-01-11,5,-1
7,2014-01-11,6,-1
7,2014-01-11,7,-1
7,2014-01-11,8,-1
7,2014-01-11,9,-1
7,2014-01-11,10,-1
7,2014-01-11,11,-1
7,2014-01-11,12,1
7,2014-01-11,13,1
7,2014-01-11,14,-1
7,2014-01-11,15,-1
7,2014-01-11,16,-1
7,2014-01-11,17,-1
7,2014-01-11,18,1
7,2014-01-11,19,1
7,2014-01-11,20,-1
7,2014-01-11,21,-1
7,2014-01-11,22,-1
7,2014-01-11,23,-1
7,2014-01-12,0,-1
7,2014-01-12,1,-1
7,2014-01-12,2,-1
7,2014-01-12,3,-1
7,2014-01-12,4,-1
7,2014-01-12,5,-1
7,2014-01-12,6,-1
7,2014-01-12,7,-1
7,2014-01-12,8,-1
7,2014-01-12,9,-1
7,2014-01-12,10,-1
7,2014-01-12,11,-1
7,2014-01-12,12,1
7,2014-01-12,13,1
7,2014-01-12,14,0
7,2014-01-12,15,-1
7,2014-01-12,16,-1
7,2014-01-12,17,1
7,2014-01-12,18,-1
7,2014-01-12,19,-1
7,2014-01-12,20,1
7,2014-01-12,21,-1
7,2014-01-12,22,-1
7,2014-01-12,23,-1
7,2014-01-13,0,-1
7,2014-01-13,1,-1
7,2014-01-13,2,-1
7,2014-01-13,3,-1
7,2014-01-13,4,-1
7,2014-01-13,5,-1
7,2014-01-13,6,-1
7,2014-01-13,7,1
7,2014-01-13,8,0
7,2014-01-13,9,-1
7,2014-01-13,10,-1
7,2014-01-13,11,1
7,2014-01-13,12,0
7,2014-01-13,13,1
7,2014-01-13,14,-1
7,2014-01-13,15,-1
7,2014-01-13,16,-1
7,2014-01-13,17,1
7,2014-01-13,18,-1
7,2014-01-13,19,-1
7,2014-01-13,20,-1
7,2014-01-13,21,-1
7,2014-01-13,22,-1
7,2014-01-13,23,-1
7,2014-01-14,0,-1
7,2014-01-14,1,-1
7,2014-01-14,2,-1
7,2014-01-14,3,-1
7,2014-01-14,4,-1
7,2014-01-14,5,-1
7,2014-01-14,6,-1
7,2014-01-14,7,1
7,2014-01-14,8,0
7,2014-01-14,9,-1
7,2014-01-14,10,-1
7,2014-01-14,11,1
7,2014-01-14,12,-1
7,2014-01-14,13,1
7,2014-01-14,14,-1
7,2014-01-14,15,-1
7,2014-01-14,16,-1
7,2014-01-14,17,1
7,2014-01-14,18,-1
7,2014-01-14,19,1
7,2014-01-14,20,-1
7,2014-01-14,21,1
7,2014-01-14,22,-1
7,2014-01-14,23,-1
7,2014-01-15,0,-1
7,2014-01-15,1,-1
7,2014-01-15,2,-1
7,2014-01-15,3,-1
7,2014-01-15,4,-1
7,2014-01-15,5,-1
7,2014-01-15,6,1
7,2014-01-15,7,1
7,2014-01-15,8,-1
7,2014-01-15,9,-1
7,2014-01-15,10,-1
7,2014-01-15,11,-1
7,2014-01-15,12,1
7,2014-01-15,13,1
7,2014-01-15,14,-1
7,2014-01-15,15,-1
7,2014-01-15,16,-1
7,2014-01-15,17,1
7,2014-01-15,18,1
7,2014-01-15,19,1
7,2014-01-15,20,0
7,2014-01-15,21,-1
7,2014-01-15,22,-1
7,2014-01-15,23,-1
7,2014-01-16,0,-1
7,2014-01-16,1,-1
7,2014-01-16,2,-1
7,2014-01-16,3,-1
7,2014-01-16,4,-1
7,2014-01-16,5,-1
7,2014-01-16,6,-1
7,2014-01-16,7,1
7,2014-01-16,8,-1
7,2014-01-16,9,-1
7,2014-01-16,10,-1
7,2014-01-16,11,-1
7,2014-01-16,12,1
7,2014-01-16,13,1
7,2014-01-16,14,-1
7,2014-01-16,15,-1
7,2014-01-16,16,-1
7,2014-01-16,17,1
7,2014-01-16,18,-1
7,2014-01-16,19,-1
7,2014-01-16,20,-1
7,2014-01-16,21,-1
7,2014-01-16,22,-1
7,2014-01-16,23,-1
7,2014-01-17,0,-1
7,2014-01-17,1,-1
7,2014-01-17,2,-1
7,2014-01-17,3,-1
7,2014-01-17,4,-1
7,2014-01-17,5,-1
7,2014-01-17,6,-1
7,2014-01-17,7,1
7,2014-01-17,8,0
7,2014-01-17,9,-1
7,2014-01-17,10,-1
7,2014-01-17,11,1
7,2014-01-17,12,-1
7,2014-01-17,13,-1
7,2014-01-17,14,1
7,2014-01-17,15,-1
7,2014-01-17,16,-1
7,2014-01-17,17,1
7,2014-01-17,18,-1
7,2014-01-17,19,1
7,2014-01-17,20,1
7,2014-01-17,21,-1
7,2014-01-17,22,-1
7,2014-01-17,23,-1
7,2014-01-18,0,-1
7,2014-01-18,1,-1
7,2014-01-18,2,-1
7,2014-01-18,3,-1
7,2014-01-18,4,-1
7,2014-01-18,5,-1
7,2014-01-18,6,-1
7,2014-01-18,7,-1
7,2014-01-18,8,-1
7,2014-01-18,9,-1
7,2014-01-18,10,-1
7,2014-01-18,11,-1
7,2014-01-18,12,1
7,2014-01-18,13,1
7,2014-01-18,14,-1
7,2014-01-18,15,1
7,2014-01-18,16,-1
7,2014-01-18,17,-1
7,2014-01-18,18,-1
7,2014-01-18,19,-1
7,2014-01-18,20,-1
7,2014-01-18,21,-1
7,2014-01-18,22,-1
7,2014-01-18,23,-1
7,2014-01-19,0,-1
7,2014-01-19,1,-1
7,2014-01-19,2,-1
7,2014-01-19,3,-1
7,2014-01-19,4,-1
7,2014-01-19,5,-1
7,2014-01-19,6,-1
7,2014-01-19,7,-1
7,2014-01-19,8,-1
7,2014-01-19,9,-1
7,2014-01-19,10,-1
7,2014-01-19,11,-1
7,2014-01-19,12,-1
7,2014-01-19,13,-1
7,2014-01-19,14,-1
7,2014-01-19,15,-1
7,2014-01-19,16,-1
7,2014-01-19,17,-1
7,2014-01-19,18,1
7,2014-01-19,19,-1
7,2014-01-19,20,1
7,2014-01-19,21,-1
7,2014-01-19,22,-1
7,2014-01-19,23,-1
8,2014-01-06,0,-1
8,2014-01-06,1,-1
8,2014-01-06,2,-1
8,2014-01-06,3,-1
8,2014-01-06,4,-1
8,2014-01-06,5,-1
8,2014-01-06,6,-1
8,2014-01-06,7,1
8,2014-01-06,8,0
8,2014-01-06,9,-1
8,2014-01-06,10,-1
8,2014-01-06,11,-1
8,2014-01-06,12,1
8,2014-01-06,13,1
8,2014-01-06,14,-1
8,2014-01-06,15,-1
8,2014-01-06,16,-1
8,2014-01-06,17,1
8,2014-01-06,18,-1
8,2014-01-06,19,-1
8,2014-01-06,20,-1
8,2014-01-06,21,-1
8,2014-01-06,22,-1
8,2014-01-06,23,-1
8,2014-01-07,0,-1
8,2014-01-07,1,-1
8,2014-01-07,2,-1
8,2014-01-07,3,-1
8,2014-01-07,4,-1
8,2014-01-07,5,-1
8,2014-01-07,6,-1
8,2014-01-07,7,1
8,2014-01-07,8,-1
8,2014-01-07,9,-1
8,2014-01-07,10,-1
8,2014-01-07,11,-1
8,2014-01-07,12,1
8,2014-01-07,13,1
8,2014-01-07,14,-1
8,2014-01-07,15,-1
8,2014-01-07,16,-1
8,2014-01-07,17,1
8,2014-01-07,18,-1
8,2014-01-07,19,1
8,2014-01-07,20,1
8,2014-01-07,21,-1
8,2014-01-07,22,-1
8,2014-01-07,23,-1
8,2014-01-08,0,-1
8,2014-01-08,1,-1
8,2014-01-08,2,-1
8,2014-01-08,3,-1
8,2014-01-08,4,-1
8,2014-01-08,5,-1
8,2014-01-08,6,-1
8,2014-01-08,7,1
8,2014-01-08,8,1
8,2014-01-08,9,-1
8,2014-01-08,10,-1
8,2014-01-08,11,-1
8,2014-01-08,12,1
8,2014-01-08,13,1
8,2014-01-08,14,-1
8,2014-01-08,15,-1
8,2014-01-08,16,-1
8,2014-01-08,17,1
8,2014-01-08,18,-1
8,2014-01-08,19,1
8,2014-01-08,20,1
8,2014-01-08,21,-1
8,2014-01-08,22,-1
8,2014-01-08,23,-1
8,2014-01-09,0,-1
8,2014-01-09,1,-1
8,2014-01-09,2,-1
8,2014-01-09,3,-1
8,2014-01-09,4,-1
8,2014-01-09,5,-1
8,2014-01-09,6,-1
8,2014-01-09,7,1
8,2014-01-09,8,0
8,2014-01-09,9,-1
8,2014-01-09,10,-1
8,2014-01-09,11,-1
8,2014-01-09,12,1
8,2014-01-09,13,1
8,2014-01-09,14,-1
8,2014-01-09,15,-1
8,2014-01-09,16,-1
8,2014-01-09,17,1
8,2014-01-09,18,1
8,2014-01-09,19,0
8,2014-01-09,20,1
8,2014-01-09,21,-1
8,2014-01-09,22,-1
8,2014-01-09,23,-1
8,2014-01-10,0,-1
8,2014-01-10,1,-1
8,2014-01-10,2,-1
8,2014-01-10,3,-1
8,2014-01-10,4,-1
8,2014-01-10,5,-1
8,2014-01-10,6,-1
8,2014-01-10,7,1
8,2014-01-10,8,1
8,2014-01-10,9,-1
8,2014-01-10,10,-1
8,2014-01-10,11,-1
8,2014-01-10,12,1
8,2014-01-10,13,1
8,2014-01-10,14,-1
8,2014-01-10,15,-1
8,2014-01-10,16,-1
8,2014-01-10,17,1
8,2014-01-10,18,1
8,2014-01-10,19,1
8,2014-01-10,20,-1
8,2014-01-10,21,-1
8,2014-01-10,22,-1
8,2014-01-10,23,1
8,2014-01-11,0,-1
8,2014-01-11,1,-1
8,2014-01-11,2,-1
8,2014-01-11,3,-1
8,2014-01-11,4,-1
8,2014-01-11,5,-1
8,2014-01-11,6,-1
8,2014-01-11,7,-1
8,2014-01-11,8,-1
8,2014-01-11,9,-1
8,2014-01-11,10,-1
8,2014-01-11,11,-1
8,2014-01-11,12,-1
8,2014-01-11,13,-1
8,2014-01-11,14,-1
8,2014-01-11,15,-1
8,2014-01-11,16,-1
8,2014-01-11,17,-1
8,2014-01-11,18,1
8,2014-01-11,19,1
8,2014-01-11,20,-1
8,2014-01-11,21,-1
8,2014-01-11,22,-1
8,2014-01-11,23,-1
8,2014-01-12,0,-1
8,2014-01-12,1,-1
8,2014-01-12,2,-1
8,2014-01-12,3,-1
8,2014-01-12,4,-1
8,2014-01-12,5,-1
8,2014-01-12,6,-1
8,2014-01-12,7,-1
8,2014-01-12,8,-1
8,2014-01-12,9,-1
8,2014-01-12,10,-1
8,2014-01-12,11,-1
8,2014-01-12,12,-1
8,2014-01-12,13,1
8,2014-01-12,14,0
8,2014-01-12,15,-1
8,2014-01-12,16,-1
8,2014-01-12,17,-1
8,2014-01-12,18,1
8,2014-01-12,19,1
8,2014-01-12,20,-1
8,2014-01-12,21,-1
8,2014-01-12,22,-1
8,2014-01-12,23,-1
8,2014-01-13,0,-1
8,2014-01-13,1,-1
8,2014-01-13,2,-1
8,2014-01-13,3,-1
8,2014-01-13,4,-1
8,2014-01-13,5,-1
8,2014-01-13,6,-1
8,2014-01-13,7,1
8,2014-01-13,8,-1
8,2014-01-13,9,-1
8,2014-01-13,10,-1
8,2014-01-13,11,-1
8,2014-01-13,12,1
8,2014-01-13,13,1
8,2014-01-13,14,-1
8,2014-01-13,15,-1
8,2014-01-13,16,-1
8,2014-01-13,17,1
8,2014-01-13,18,-1
8,2014-01-13,19,1
8,2014-01-13,20,-1
8,2014-01-13,21,1
8,2014-01-13,22,-1
8,2014-01-13,23,-1
8,2014-01-14,0,-1
8,2014-01-14,1,-1
8,2014-01-14,2,-1
8,2014-01-14,3,-1
8,2014-01-14,4,-1
8,2014-01-14,5,-1
8,2014-01-14,6,-1
8,2014-01-14,7,1
8,2014-01-14,8,-1
8,2014-01-14,9,-1
8,2014-01-14,10,-1
8,2014-01-14,11,-1
8,2014-01-14,12,1
8,2014-01-14,13,1
8,2014-01-14,14,0
8,2014-01-14,15,-1
8,2014-01-14,16,-1
8,2014-01-14,17,1
8,2014-01-14,18,1
8,2014-01-14,19,-1
8,2014-01-14,20,1
8,2014-01-14,21,-1
8,2014-01-14,22,-1
8,2014-01-14,23,-1
8,2014-01-15,0,-1
8,2014-01-15,1,-1
8,2014-01-15,2,-1
8,2014-01-15,3,-1
8,2014-01-15,4,-1
8,2014-01-15,5,-1
8,2014-01-15,6,-1
8,2014-01-15,7,1
8,2014-01-15,8,-1
8,2014-01-15,9,-1
8,2014-01-15,10,-1
8,2014-01-15,11,-1
8,2014-01-15,12,1
8,2014-01-15,13,1
8,2014-01-15,14,-1
8,2014-01-15,15,-1
8,2014-01-15,16,-1
8,2014-01-15,17,1
8,2014-01-15,18,-1
8,2014-01-15,19,-1
8,2014-01-15,20,-1
8,2014-01-15,21,-1
8,2014-01-15,22,-1
8,2014-01-15,23,-1
8,2014-01-16,0,-1
8,2014-01-16,1,-1
8,2014-01-16,2,-1
8,2014-01-16,3,-1
8,2014-01-16,4,-1
8,2014-01-16,5,-1
8,2014-01-16,6,-1
8,2014-01-16,7,1
8,2014-01-16,8,-1
8,2014-01-16,9,-1
8,2014-01-16,10,-1
8,2014-01-16,11,-1
8,2014-01-16,12,1
8,2014-01-16,13,1
8,2014-01-16,14,-1
8,2014-01-16,15,-1
8,2014-01-16,16,-1
8,2014-01-16,17,1
8,2014-01-16,18,1
8,2014-01-16,19,1
8,2014-01-16,20,-1
8,2014-01-16,21,-1
8,2014-01-16,22,-1
8,2014-01-16,23,-1
8,2014-01-17,0,-1
8,2014-01-17,1,-1
8,2014-01-17,2,-1
8,2014-01-17,3,-1
8,2014-01-17,4,-1
8,2014-01-17,5,-1
8,2014-01-17,6,-1
8,2014-01-17,7,1
8,2014-01-17,8,-1
8,2014-01-17,9,-1
8,2014-01-17,10,-1
8,2014-01-17,11,-1
8,2014-01-17,12,1
8,2014-01-17,13,1
8,2014-01-17,14,-1
8,2014-01-17,15,-1
8,2014-01-17,16,-1
8,2014-01-17,17,1
8,2014-01-17,18,-1
8,2014-01-17,19,1
8,2014-01-17,20,1
8,2014-01-17,21,-1
8,2014-01-17,22,-1
8,2014-01-17,23,-1
8,2014-01-18,0,-1
8,2014-01-18,1,-1
8,2014-01-18,2,-1
8,2014-01-18,3,-1
8,2014-01-18,4,-1
8,2014-01-18,5,-1
8,2014-01-18,6,-1
8,2014-01-18,7,-1
8,2014-01-18,8,-1
8,2014-01-18,9,-1
8,2014-01-18,10,-1
8,2014-01-18,11,-1
8,2014-01-18,12,-1
8,2014-01-18,13,-1
8,2014-01-18,14,-1
8,2014-01-18,15,-1
8,2014-01-18,16,-1
8,2014-01-18,17,-1
8,2014-01-18,18,1
8,2014-01-18,19,1
8,2014-01-18,20,-1
8,2014-01-18,21,-1
8,2014-01-18,22,-1
8,2014-01-18,23,-1
8,2014-01-19,0,-1
8,2014-01-19,1,-1
8,2014-01-19,2,-1
8,2014-01-19,3,-1
8,2014-01-19,4,-1
8,2014-01-19,5,-1
8,2014-01-19,6,-1
8,2014-01-19,7,-1
8,2014-01-19,8,-1
8,2014-01-19,9,-1
8,2014-01-19,10,-1
8,2014-01-19,11,-1
8,2014-01-19,12,-1
8,2014-01-19,13,-1
8,2014-01-19,14,-1
8,2014-01-19,15,-1
8,2014-01-19,16,-1
8,2014-01-19,17,-1
8,2014-01-19,18,1
8,2014-01-19,19,1
8,2014-01-19,20,0
8,2014-01-19,21,-1
8,2014-01-19,22,-1
8,2014-01-19,23,-1
9,2014-01-06,0,-1
9,2014-01-06,1,-1
9,2014-01-06,2,-1
9,2014-01-06,3,-1
9,2014-01-06,4,-1
9,2014-01-06,5,-1
9,2014-01-06,6,-1
9,2014-01-06,7,-1
9,2014-01-06,8,0
9,2014-01-06,9,-1
9,2014-01-06,10,-1
9,2014-01-06,11,-1
9,2014-01-06,12,1
9,2014-01-06,13,1
9,2014-01-06,14,-1
9,2014-01-06,15,-1
9,2014-01-06,16,-1
9,2014-01-06,17,1
9,2014-01-06,18,-1
9,2014-01-06,19,1
9,2014-01-06,20,-1
9,2014-01-06,21,-1
9,2014-01-06,22,-1
9,2014-01-06,23,-1
9,2014-01-07,0,-1
9,2014-01-07,1,-1
9,2014-01-07,2,-1
9,2014-01-07,3,-1
9,2014-01-07,4,-1
9,2014-01-07,5,-1
9,2014-01-07,6,-1
9,2014-01-07,7,1
9,2014-01-07,8,1
9,2014-01-07,9,-1
9,2014-01-07,10,-1
9,2014-01-07,11,-1
9,2014-01-07,12,1
9,2014-01-07,13,1
9,2014-01-07,14,-1
9,2014-01-07,15,-1
9,2014-01-07,16,-1
9,2014-01-07,17,1
9,2014-01-07,18,-1
9,2014-01-07,19,-1
9,2014-01-07,20,-1
9,2014-01-07,21,-1
9,2014-01-07,22,-1
9,2014-01-07,23,-1
9,2014-01-08,0,-1
9,2014-01-08,1,-1
9,2014-01-08,2,-1
9,2014-01-08,3,-1
9,2014-01-08,4,-1
9,2014-01-08,5,-1
9,2014-01-08,6,-1
9,2014-01-08,7,-1
9,2014-01-08,8,1
9,2014-01-08,9,-1
9,2014-01-08,10,-1
9,2014-01-08,11,-1
9,2014-01-08,12,1
9,2014-01-08,13,1
9,2014-01-08,14,-1
9,2014-01-08,15,-1
9,2014-01-08,16,-1
9,2014-01-08,17,1
9,2014-01-08,18,-1
9,2014-01-08,19,-1
9,2014-01-08,20,1
9,2014-01-08,21,-1
9,2014-01-08,22,-1
9,2014-01-08,23,-1
9,2014-01-09,0,-1
9,2014-01-09,1,-1
9,2014-01-09,2,-1
9,2014-01-09,3,-1
9,2014-01-09,4,-1
9,2014-01-09,5,-1
9,2014-01-09,6,-1
9,2014-01-09,7,-1
9,2014-01-09,8,1
9,2014-01-09,9,-1
9,2014-01-09,10,-1
9,2014-01-09,11,-1
9,2014-01-09,12,1
9,2014-01-09,13,-1
9,2014-01-09,14,1
9,2014-01-09,15,-1
9,2014-01-09,16,-1
9,2014-01-09,17,1
9,2014-01-09,18,1
9,2014-01-09,19,-1
9,2014-01-09,20,1
9,2014-01-09,21,-1
9,2014-01-09,22,-1
9,2014-01-09,23,-1
9,2014-01-10,0,-1
9,2014-01-10,1,-1
9,2014-01-10,2,-1
9,2014-01-10,3,-1
9,2014-01-10,4,-1
9,2014-01-10,5,-1
9,2014-01-10,6,-1
9,2014-01-10,7,1
9,2014-01-10,8,0
9,2014-01-10,9,-1
9,2014-01-10,10,-1
9,2014-01-10,11,-1
9,2014-01-10,12,1
9,2014-01-10,13,1
9,2014-01-10,14,-1
9,2014-01-10,15,-1
9,2014-01-10,16,-1
9,2014-01-10,17,1
9,2014-01-10,18,-1
9,2014-01-10,19,1
9,2014-01-10,20,-1
9,2014-01-10,21,-1
9,2014-01-10,22,-1
9,2014-01-10,23,1
9,2014-01-11,0,-1
9,2014-01-11,1,-1
9,2014-01-11,2,-1
9,2014-01-11,3,-1
9,2014-01-11,4,-1
9,2014-01-11,5,-1
9,2014-01-11,6,-1
9,2014-01-11,7,-1
9,2014-01-11,8,-1
9,2014-01-11,9,-1
9,2014-01-11,10,-1
9,2014-01-11,11,-1
9,2014-01-11,12,-1
9,2014-01-11,13,-1
9,2014-01-11,14,-1
9,2014-01-11,15,-1
9,2014-01-11,16,-1
9,2014-01-11,17,-1
9,2014-01-11,18,-1
9,2014-01-11,19,1
9,2014-01-11,20,-1
9,2014-01-11,21,-1
9,2014-01-11,22,-1
9,2014-01-11,23,-1
9,2014-01-12,0,-1
9,2014-01-12,1,-1
9,2014-01-12,2,-1
9,2014-01-12,3,-1
9,2014-01-12,4,-1
9,2014-01-12,5,-1
9,2014-01-12,6,-1
9,2014-01-12,7,-1
9,2014-01-12,8,-1
9,2014-01-12,9,-1
9,2014-01-12,10,-1
9,2014-01-12,11,-1
9,2014-01-12,12,-1
9,2014-01-12,13,-1
9,2014-01-12,14,-1
9,2014-01-12,15,-1
9,2014-01-12,16,-1
9,2014-01-12,17,-1
9,2014-01-12,18,1
9,2014-01-12,19,-1
9,2014-01-12,20,-1
9,2014-01-12,21,-1
9,2014-01-12,22,-1
9,2014-01-12,23,-1
9,2014-01-13,0,-1
9,2014-01-13,1,-1
9,2014-01-13,2,-1
9,2014-01-13,3,-1
9,2014-01-13,4,-1
9,2014-01-13,5,-1
9,2014-01-13,6,-1
9,2014-01-13,7,-1
9,2014-01-13,8,1
9,2014-01-13,9,-1
9,2014-01-13,10,-1
9,2014-01-13,11,-1
9,2014-01-13,12,1
9,2014-01-13,13,-1
9,2014-01-13,14,1
9,2014-01-13,15,-1
9,2014-01-13,16,-1
9,2014-01-13,17,1
9,2014-01-13,18,-1
9,2014-01-13,19,-1
9,2014-01-13,20,-1
9,2014-01-13,21,-1
9,2014-01-13,22,-1
9,2014-01-13,23,-1
9,2014-01-14,0,-1
9,2014-01-14,1,-1
9,2014-01-14,2,-1
9,2014-01-14,3,-1
9,2014-01-14,4,-1
9,2014-01-14,5,-1
9,2014-01-14,6,-1
9,2014-01-14,7,1
9,2014-01-14,8,0
9,2014-01-14,9,-1
9,2014-01-14,10,-1
9,2014-01-14,11,-1
9,2014-01-14,12,1
9,2014-01-14,13,1
9,2014-01-14,14,-1
9,2014-01-14,15,-1
9,2014-01-14,16,-1
9,2014-01-14,17,1
9,2014-01-14,18,1
9,2014-01-14,19,1
9,2014-01-14,20,-1
9,2014-01-14,21,-1
9,2014-01-14,22,-1
9,2014-01-14,23,-1
9,2014-01-15,0,-1
9,2014-01-15,1,-1
9,2014-01-15,2,-1
9,2014-01-15,3,-1
9,2014-01-15,4,-1
9,2014-01-15,5,-1
9,2014-01-15,6,-1
9,2014-01-15,7,1
9,2014-01-15,8,1
9,2014-01-15,9,-1
9,2014-01-15,10,-1
9,2014-01-15,11,-1
9,2014-01-15,12,1
9,2014-01-15,13,1
9,2014-01-15,14,-1
9,2014-01-15,15,-1
9,2014-01-15,16,-1
9,2014-01-15,17,1
9,2014-01-15,18,-1
9,2014-01-15,19,-1
9,2014-01-15,20,1
9,2014-01-15,21,-1
9,2014-01-15,22,-1
9,2014-01-15,23,-1
9,2014-01-16,0,-1
9,2014-01-16,1,-1
9,2014-01-16,2,-1
9,2014-01-16,3,-1
9,2014-01-16,4,-1
9,2014-01-16,5,-1
9,2014-01-16,6,-1
9,2014-01-16,7,-1
9,2014-01-16,8,1
9,2014-01-16,9,-1
9,2014-01-16,10,-1
9,2014-01-16,11,-1
9,2014-01-16,12,1
9,2014-01-16,13,-1
9,2014-01-16,14,1
9,2014-01-16,15,-1
9,2014-01-16,16,-1
9,2014-01-16,17,1
9,2014-01-16,18,1
9,2014-01-16,19,-1
9,2014-01-16,20,1
9,2014-01-16,21,-1
9,2014-01-16,22,-1
9,2014-01-16,23,-1
9,2014-01-17,0,-1
9,2014-01-17,1,-1
9,2014-01-17,2,-1
9,2014-01-17,3,-1
9,2014-01-17,4,-1
9,2014-01-17,5,-1
9,2014-01-17,6,-1
9,2014-01-17,7,1
9,2014-01-17,8,1
9,2014-01-17,9,-1
9,2014-01-17,10,-1
9,2014-01-17,11,-1
9,2014-01-17,12,1
9,2014-01-17,13,-1
9,2014-01-17,14,1
9,2014-01-17,15,-1
9,2014-01-17,16,-1
9,2014-01-17,17,1
9,2014-01-17,18,1
9,2014-01-17,19,-1
9,2014-01-17,20,1
9,2014-01-17,21,-1
9,2014-01-17,22,-1
9,2014-01-17,23,-1
9,2014-01-18,0,-1
9,2014-01-18,1,-1
9,2014-01-18,2,-1
9,2014-01-18,3,-1
9,2014-01-18,4,-1
9,2014-01-18,5,-1
9,2014-01-18,6,-1
9,2014-01-18,7,-1
9,2014-01-18,8,-1
9,2014-01-18,9,-1
9,2014-01-18,10,-1
9,2014-01-18,11,-1
9,2014-01-18,12,1
9,2014-01-18,13,1
9,2014-01-18,14,-1
9,2014-01-18,15,1
9,2014-01-18,16,-1
9,2014-01-18,17,-1
9,2014-01-18,18,1
9,2014-01-18,19,-1
9,2014-01-18,20,1
9,2014-01-18,21,-1
9,2014-01-18,22,-1
9,2014-01-18,23,1
9,2014-01-19,0,-1
9,2014-01-19,1,-1
9,2014-01-19,2,-1
9,2014-01-19,3,-1
9,2014-01-19,4,-1
9,2014-01-19,5,-1
9,2014-01-19,6,-1
9,2014-01-19,7,-1
9,2014-01-19,8,-1
9,2014-01-19,9,-1
9,2014-01-19,10,-1
9,2014-01-19,11,-1
9,2014-01-19,12,-1
9,2014-01-19,13,-1
9,2014-01-19,14,-1
9,2014-01-19,15,-1
9,2014-01-19,16,-1
9,2014-01-19,17,-1
9,2014-01-19,18,1
9,2014-01-19,19,-1
9,2014-01-19,20,1
9,2014-01-19,21,-1
9,2014-01-19,22,-1
9,2014-01-19,23,-1
10,2014-01-06,0,-1
10,2014-01-06,1,-1
10,2014-01-06,2,-1
10,2014-01-06,3,-1
10,2014-01-06,4,-1
10,2014-01-06,5,-1
10,2014-01-06,6,0
10,2014-01-06,7,1
10,2014-01-06,8,-1
10,2014-01-06,9,-1
10,2014-01-06,10,-1
10,2014-01-06,11,1
10,2014-01-06,12,-1
10,2014-01-06,13,1
10,2014-01-06,14,-1
10,2014-01-06,15,-1
10,2014-01-06,16,-1
10,2014-01-06,17,-1
10,2014-01-06,18,1
10,2014-01-06,19,1
10,2014-01-06,20,-1
10,2014-01-06,21,1
10,2014-01-06,22,0
10,2014-01-06,23,-1
10,2014-01-07,0,-1
10,2014-01-07,1,-1
10,2014-01-07,2,-1
10,2014-01-07,3,-1
10,2014-01-07,4,-1
10,2014-01-07,5,-1
10,2014-01-07,6,-1
10,2014-01-07,7,1
10,2014-01-07,8,-1
10,2014-01-07,9,-1
10,2014-01-07,10,-1
10,2014-01-07,11,-1
10,2014-01-07,12,1
10,2014-01-07,13,1
10,2014-01-07,14,-1
10,2014-01-07,15,-1
10,2014-01-07,16,-1
10,2014-01-07,17,-1
10,2014-01-07,18,1
10,2014-01-07,19,1
10,2014-01-07,20,-1
10,2014-01-07,21,1
10,2014-01-07,22,-1
10,2014-01-07,23,-1
10,2014-01-08,0,-1
10,2014-01-08,1,-1
10,2014-01-08,2,-1
10,2014-01-08,3,-1
10,2014-01-08,4,-1
10,2014-01-08,5,-1
10,2014-01-08,6,1
10,2014-01-08,7,1
10,2014-01-08,8,-1
10,2014-01-08,9,-1
10,2014-01-08,10,-1
10,2014-01-08,11,1
10,2014-01-08,12,0
10,2014-01-08,13,1
10,2014-01-08,14,-1
10,2014-01-08,15,-1
10,2014-01-08,16,-1
10,2014-01-08,17,-1
10,2014-01-08,18,1
10,2014-01-08,19,1
10,2014-01-08,20,1
10,2014-01-08,21,-1
10,2014-01-08,22,-1
10,2014-01-08,23,-1
10,2014-01-09,0,-1
10,2014-01-09,1,-1
10,2014-01-09,2,-1
10,2014-01-09,3,-1
10,2014-01-09,4,-1
10,2014-01-09,5,-1
10,2014-01-09,6,-1
10,2014-01-09,7,1
10,2014-01-09,8,-1
10,2014-01-09,9,-1
10,2014-01-09,10,-1
10,2014-01-09,11,-1
10,2014-01-09,12,1
10,2014-01-09,13,1
10,2014-01-09,14,-1
10,2014-01-09,15,-1
10,2014-01-09,16,-1
10,2014-01-09,17,-1
10,2014-01-09,18,1
10,2014-01-09,19,1
10,2014-01-09,20,-1
10,2014-01-09,21,1
10,2014-01-09,22,-1
10,2014-01-09,23,-1
10,2014-01-10,0,-1
10,2014-01-10,1,-1
10,2014-01-10,2,-1
10,2014-01-10,3,-1
10,2014-01-10,4,-1
10,2014-01-10,5,-1
10,2014-01-10,6,1
10,2014-01-10,7,1
10,2014-01-10,8,-1
10,2014-01-10,9,-1
10,2014-01-10,10,-1
10,2014-01-10,11,-1
10,2014-01-10,12,1
10,2014-01-10,13,1
10,2014-01-10,14,-1
10,2014-01-10,15,-1
10,2014-01-10,16,-1
10,2014-01-10,17,-1
10,2014-01-10,18,1
10,2014-01-10,19,1
10,2014-01-10,20,1
10,2014-01-10,21,1
10,2014-01-10,22,-1
10,2014-01-10,23,-1
10,2014-01-11,0,-1
10,2014-01-11,1,-1
10,2014-01-11,2,-1
10,2014-01-11,3,-1
10,2014-01-11,4,-1
10,2014-01-11,5,-1
10,2014-01-11,6,-1
10,2014-01-11,7,-1
10,2014-01-11,8,-1
10,2014-01-11,9,-1
10,2014-01-11,10,-1
10,2014-01-11,11,-1
10,2014-01-11,12,-1
10,2014-01-11,13,-1
10,2014-01-11,14,-1
10,2014-01-11,15,-1
10,2014-01-11,16,-1
10,2014-01-11,17,-1
10,2014-01-11,18,1
10,2014-01-11,19,1
10,2014-01-11,20,-1
10,2014-01-11,21,-1
10,2014-01-11,22,-1
10,2014-01-11,23,-1
10,2014-01-12,0,-1
10,2014-01-12,1,-1
10,2014-01-12,2,-1
10,2014-01-12,3,-1
10,2014-01-12,4,-1
10,2014-01-12,5,-1
10,2014-01-12,6,-1
10,2014-01-12,7,-1
10,2014-01-12,8,-1
10,2014-01-12,9,-1
10,2014-01-12,10,-1
10,2014-01-12,11,-1
10,2014-01-12,12,1
10,2014-01-12,13,1
10,2014-01-12,14,-1
10,2014-01-12,15,-1
10,2014-01-12,16,1
10,2014-01-12,17,1
10,2014-01-12,18,0
10,2014-01-12,19,1
10,2014-01-12,20,-1
10,2014-01-12,21,-1
10,2014-01-12,22,-1
10,2014-01-12,23,-1
10,2014-01-13,0,-1
10,2014-01-13,1,-1
10,2014-01-13,2,-1
10,2014-01-13,3,-1
10,2014-01-13,4,-1
10,2014-01-13,5,-1
10,2014-01-13,6,1
10,2014-01-13,7,1
10,2014-01-13,8,-1
10,2014-01-13,9,-1
10,2014-01-13,10,-1
10,2014-01-13,11,-1
10,2014-01-13,12,1
10,2014-01-13,13,1
10,2014-01-13,14,-1
10,2014-01-13,15,-1
10,2014-01-13,16,-1
10,2014-01-13,17,1
10,2014-01-13,18,0
10,2014-01-13,19,1
10,2014-01-13,20,-1
10,2014-01-13,21,1
10,2014-01-13,22,-1
10,2014-01-13,23,-1
10,2014-01-14,0,-1
10,2014-01-14,1,-1
10,2014-01-14,2,-1
10,2014-01-14,3,-1
10,2014-01-14,4,-1
10,2014-01-14,5,-1
10,2014-01-14,6,-1
10,2014-01-14,7,1
10,2014-01-14,8,-1
10,2014-01-14,9,-1
10,2014-01-14,10,-1
10,2014-01-14,11,-1
10,2014-01-14,12,1
10,2014-01-14,13,1
10,2014-01-14,14,-1
10,2014-01-14,15,-1
10,2014-01-14,16,-1
10,2014-01-14,17,-1
10,2014-01-14,18,1
10,2014-01-14,19,1
10,2014-01-14,20,1
10,2014-01-14,21,-1
10,2014-01-14,22,-1
10,2014-01-14,23,-1
10,2014-01-15,0,-1
10,2014-01-15,1,-1
10,2014-01-15,2,-1
10,2014-01-15,3,-1
10,2014-01-15,4,-1
10,2014-01-15,5,-1
10,2014-01-15,6,1
10,2014-01-15,7,1
10,2014-01-15,8,-1
10,2014-01-15,9,-1
10,2014-01-15,10,-1
10,2014-01-15,11,1
10,2014-01-15,12,0
10,2014-01-15,13,1
10,2014-01-15,14,-1
10,2014-01-15,15,-1
10,2014-01-15,16,-1
10,2014-01-15,17,-1
10,2014-01-15,18,1
10,2014-01-15,19,1
10,2014-01-15,20,1
10,2014-01-15,21,-1
10,2014-01-15,22,-1
10,2014-01-15,23,-1
10,2014-01-16,0,-1
10,2014-01-16,1,-1
10,2014-01-16,2,-1
10,2014-01-16,3,-1
10,2014-01-16,4,-1
10,2014-01-16,5,-1
10,2014-01-16,6,-1
10,2014-01-16,7,1
10,2014-01-16,8,-1
10,2014-01-16,9,-1
10,2014-01-16,10,-1
10,2014-01-16,11,-1
10,2014-01-16,12,1
10,2014-01-16,13,1
10,2014-01-16,14,-1
10,2014-01-16,15,-1
10,2014-01-16,16,-1
10,2014-01-16,17,-1
10,2014-01-16,18,1
10,2014-01-16,19,1
10,2014-01-16,20,-1
10,2014-01-16,21,1
10,2014-01-16,22,-1
10,2014-01-16,23,-1
10,2014-01-17,0,-1
10,2014-01-17,1,-1
10,2014-01-17,2,-1
10,2014-01-17,3,-1
10,2014-01-17,4,-1
10,2014-01-17,5,-1
10,2014-01-17,6,-1
10,2014-01-17,7,1
10,2014-01-17,8,-1
10,2014-01-17,9,-1
10,2014-01-17,10,-1
10,2014-01-17,11,-1
10,2014-01-17,12,1
10,2014-01-17,13,1
10,2014-01-17,14,-1
10,2014-01-17,15,-1
10,2014-01-17,16,-1
10,2014-01-17,17,-1
10,2014-01-17,18,1
10,2014-01-17,19,1
10,2014-01-17,20,1
10,2014-01-17,21,-1
10,2014-01-17,22,-1
10,2014-01-17,23,-1
10,2014-01-18,0,-1
10,2014-01-18,1,-1
10,2014-01-18,2,-1
10,2014-01-18,3,-1
10,2014-01-18,4,-1
10,2014-01-18,5,-1
10,2014-01-18,6,-1
10,2014-01-18,7,-1
10,2014-01-18,8,-1
10,2014-01-18,9,-1
10,2014-01-18,10,-1
10,2014-01-18,11,-1
10,2014-01-18,12,1
10,2014-01-18,13,1
10,2014-01-18,14,-1
10,2014-01-18,15,1
10,2014-01-18,16,-1
10,2014-01-18,17,-1
10,2014-01-18,18,1
10,2014-01-18,19,1
10,2014-01-18,20,-1
10,2014-01-18,21,-1
10,2014-01-18,22,-1
10,2014-01-18,23,-1
10,2014-01-19,0,-1
10,2014-01-19,1,-1
10,2014-01-19,2,-1
10,2014-01-19,3,-1
10,2014-01-19,4,-1
10,2014-01-19,5,-1
10,2014-01-19,6,-1
10,2014-01-19,7,-1
10,2014-01-19,8,-1
10,2014-01-19,9,-1
10,2014-01-19,10,-1
10,2014-01-19,11,-1
10,2014-01-19,12,1
10,2014-01-19,13,-1
10,2014-01-19,14,-1
10,2014-01-19,15,-1
10,2014-01-19,16,1
10,2014-01-19,17,-1
10,2014-01-19,18,1
10,2014-01-19,19,1
10,2014-01-19,20,-1
10,2014-01-19,21,-1
10,2014-01-19,22,-1
10,2014-01-19,23,-1
11,2014-01-06,0,-1
11,2014-01-06,1,-1
11,2014-01-06,2,-1
11,2014-01-06,3,-1
11,2014-01-06,4,-1
11,2014-01-06,5,-1
11,2014-01-06,6,-1
11,2014-01-06,7,1
11,2014-01-06,8,0
11,2014-01-06,9,-1
11,2014-01-06,10,-1
11,2014-01-06,11,-1
11,2014-01-06,12,1
11,2014-01-06,13,1
11,2014-01-06,14,0
11,2014-01-06,15,-1
11,2014-01-06,16,-1
11,2014-01-06,17,1
11,2014-01-06,18,1
11,2014-01-06,19,-1
11,2014-01-06,20,1
11,2014-01-06,21,-1
11,2014-01-06,22,-1
11,2014-01-06,23,-1
11,2014-01-07,0,-1
11,2014-01-07,1,-1
11,2014-01-07,2,-1
11,2014-01-07,3,-1
11,2014-01-07,4,-1
11,2014-01-07,5,-1
11,2014-01-07,6,-1
11,2014-01-07,7,1
11,2014-01-07,8,0
11,2014-01-07,9,-1
11,2014-01-07,10,-1
11,2014-01-07,11,-1
11,2014-01-07,12,1
11,2014-01-07,13,1
11,2014-01-07,14,0
11,2014-01-07,15,-1
11,2014-01-07,16,-1
11,2014-01-07,17,1
11,2014-01-07,18,-1
11,2014-01-07,19,1
11,2014-01-07,20,1
11,2014-01-07,21,-1
11,2014-01-07,22,-1
11,2014-01-07,23,-1
11,2014-01-08,0,-1
11,2014-01-08,1,-1
11,2014-01-08,2,-1
11,2014-01-08,3,-1
11,2014-01-08,4,-1
11,2014-01-08,5,-1
11,2014-01-08,6,-1
11,2014-01-08,7,1
11,2014-01-08,8,0
11,2014-01-08,9,-1
11,2014-01-08,10,-1
11,2014-01-08,11,-1
11,2014-01-08,12,1
11,2014-01-08,13,1
11,2014-01-08,14,-1
11,2014-01-08,15,-1
11,2014-01-08,16,-1
11,2014-01-08,17,1
11,2014-01-08,18,1
11,2014-01-08,19,-1
11,2014-01-08,20,1
11,2014-01-08,21,-1
11,2014-01-08,22,-1
11,2014-01-08,23,-1
11,2014-01-09,0,-1
11,2014-01-09,1,-1
11,2014-01-09,2,-1
11,2014-01-09,3,-1
11,2014-01-09,4,-1
11,2014-01-09,5,-1
11,2014-01-09,6,-1
11,2014-01-09,7,1
11,2014-01-09,8,1
11,2014-01-09,9,-1
11,2014-01-09,10,-1
11,2014-01-09,11,-1
11,2014-01-09,12,1
11,2014-01-09,13,1
11,2014-01-09,14,-1
11,2014-01-09,15,-1
11,2014-01-09,16,-1
11,2014-01-09,17,1
11,2014-01-09,18,-1
11,2014-01-09,19,1
11,2014-01-09,20,1
11,2014-01-09,21,-1
11,2014-01-09,22,-1
11,2014-01-09,23,-1
11,2014-01-10,0,-1
11,2014-01-10,1,-1
11,2014-01-10,2,-1
11,2014-01-10,3,-1
11,2014-01-10,4,-1
11,2014-01-10,5,-1
11,2014-01-10,6,-1
11,2014-01-10,7,1
11,2014-01-10,8,0
11,2014-01-10,9,-1
11,2014-01-10,10,-1
11,2014-01-10,11,-1
11,2014-01-10,12,1
11,2014-01-10,13,1
11,2014-01-10,14,0
11,2014-01-10,15,-1
11,2014-01-10,16,-1
11,2014-01-10,17,1
11,2014-01-10,18,1
11,2014-01-10,19,-1
11,2014-01-10,20,-1
11,2014-01-10,21,-1
11,2014-01-10,22,-1
11,2014-01-10,23,1
11,2014-01-11,0,-1
11,2014-01-11,1,-1
11,2014-01-11,2,-1
11,2014-01-11,3,-1
11,2014-01-11,4,-1
11,2014-01-11,5,-1
11,2014-01-11,6,-1
11,2014-01-11,7,-1
11,2014-01-11,8,-1
11,2014-01-11,9,-1
11,2014-01-11,10,-1
11,2014-01-11,11,-1
11,2014-01-11,12,1
11,2014-01-11,13,1
11,2014-01-11,14,0
11,2014-01-11,15,-1
11,2014-01-11,16,-1
11,2014-01-11,17,-1
11,2014-01-11,18,-1
11,2014-01-11,19,-1
11,2014-01-11,20,-1
11,2014-01-11,21,-1
11,2014-01-11,22,-1
11,2014-01-11,23,-1
11,2014-01-12,0,-1
11,2014-01-12,1,-1
11,2014-01-12,2,-1
11,2014-01-12,3,-1
11,2014-01-12,4,-1
11,2014-01-12,5,-1
11,2014-01-12,6,-1
11,2014-01-12,7,-1
11,2014-01-12,8,-1
11,2014-01-12,9,-1
11,2014-01-12,10,-1
11,2014-01-12,11,-1
11,2014-01-12,12,-1
11,2014-01-12,13,-1
11,2014-01-12,14,-1
11,2014-01-12,15,-1
11,2014-01-12,16,-1
11,2014-01-12,17,-1
11,2014-01-12,18,1
11,2014-01-12,19,1
11,2014-01-12,20,-1
11,2014-01-12,21,-1
11,2014-01-12,22,-1
11,2014-01-12,23,-1
11,2014-01-13,0,-1
11,2014-01-13,1,-1
11,2014-01-13,2,-1
11,2014-01-13,3,-1
11,2014-01-13,4,-1
11,2014-01-13,5,-1
11,2014-01-13,6,-1
11,2014-01-13,7,1
11,2014-01-13,8,1
11,2014-01-13,9,-1
11,2014-01-13,10,-1
11,2014-01-13,11,-1
11,2014-01-13,12,1
11,2014-01-13,13,1
11,2014-01-13,14,-1
11,2014-01-13,15,-1
11,2014-01-13,16,-1
11,2014-01-13,17,1
11,2014-01-13,18,1
11,2014-01-13,19,-1
11,2014-01-13,20,1
11,2014-01-13,21,-1
11,2014-01-13,22,-1
11,2014-01-13,23,-1
11,2014-01-14,0,-1
11,2014-01-14,1,-1
11,2014-01-14,2,-1
11,2014-01-14,3,-1
11,2014-01-14,4,-1
11,2014-01-14,5,-1
11,2014-01-14,6,-1
11,2014-01-14,7,1
11,2014-01-14,8,0
11,2014-01-14,9,-1
11,2014-01-14,10,-1
11,2014-01-14,11,-1
11,2014-01-14,12,1
11,2014-01-14,13,1
11,2014-01-14,14,0
11,2014-01-14,15,-1
11,2014-01-14,16,-1
11,2014-01-14,17,1
11,2014-01-14,18,-1
11,2014-01-14,19,-1
11,2014-01-14,20,-1
11,2014-01-14,21,-1
11,2014-01-14,22,-1
11,2014-01-14,23,-1
11,2014-01-15,0,-1
11,2014-01-15,1,-1
11,2014-01-15,2,-1
11,2014-01-15,3,-1
11,2014-01-15,4,-1
11,2014-01-15,5,-1
11,2014-01-15,6,-1
11,2014-01-15,7,1
11,2014-01-15,8,1
11,2014-01-15,9,-1
11,2014-01-15,10,-1
11,2014-01-15,11,1
11,2014-01-15,12,-1
11,2014-01-15,13,1
11,2014-01-15,14,-1
11,2014-01-15,15,-1
11,2014-01-15,16,-1
11,2014-01-15,17,1
11,2014-01-15,18,1
11,2014-01-15,19,-1
11,2014-01-15,20,1
11,2014-01-15,21,-1
11,2014-01-15,22,-1
11,2014-01-15,23,-1
11,2014-01-16,0,-1
11,2014-01-16,1,-1
11,2014-01-16,2,-1
11,2014-01-16,3,-1
11,2014-01-16,4,-1
11,2014-01-16,5,-1
11,2014-01-16,6,-1
11,2014-01-16,7,1
11,2014-01-16,8,1
11,2014-01-16,9,-1
11,2014-01-16,10,-1
11,2014-01-16,11,1
11,2014-01-16,12,0
11,2014-01-16,13,1
11,2014-01-16,14,0
11,2014-01-16,15,-1
11,2014-01-16,16,-1
11,2014-01-16,17,1
11,2014-01-16,18,1
11,2014-01-16,19,-1
11,2014-01-16,20,1
11,2014-01-16,21,-1
11,2014-01-16,22,-1
11,2014-01-16,23,-1
11,2014-01-17,0,-1
11,2014-01-17,1,-1
11,2014-01-17,2,-1
11,2014-01-17,3,-1
11,2014-01-17,4,-1
11,2014-01-17,5,-1
11,2014-01-17,6,-1
11,2014-01-17,7,1
11,2014-01-17,8,0
11,2014-01-17,9,-1
11,2014-01-17,10,-1
11,2014-01-17,11,1
11,2014-01-17,12,0
11,2014-01-17,13,1
11,2014-01-17,14,-1
11,2014-01-17,15,-1
11,2014-01-17,16,-1
11,2014-01-17,17,1
11,2014-01-17,18,1
11,2014-01-17,19,1
11,2014-01-17,20,-1
11,2014-01-17,21,-1
11,2014-01-17,22,-1
11,2014-01-17,23,-1
11,2014-01-18,0,-1
11,2014-01-18,1,-1
11,2014-01-18,2,-1
11,2014-01-18,3,-1
11,2014-01-18,4,-1
11,2014-01-18,5,-1
11,2014-01-18,6,-1
11,2014-01-18,7,-1
11,2014-01-18,8,-1
11,2014-01-18,9,-1
11,2014-01-18,10,-1
11,2014-01-18,11,-1
11,2014-01-18,12,1
11,2014-01-18,13,-1
11,2014-01-18,14,1
11,2014-01-18,15,-1
11,2014-01-18,16,-1
11,2014-01-18,17,-1
11,2014-01-18,18,1
11,2014-01-18,19,1
11,2014-01-18,20,-1
11,2014-01-18,21,-1
11,2014-01-18,22,-1
11,2014-01-18,23,-1
11,2014-01-19,0,-1
11,2014-01-19,1,-1
11,2014-01-19,2,-1
11,2014-01-19,3,-1
11,2014-01-19,4,-1
11,2014-01-19,5,-1
11,2014-01-19,6,-1
11,2014-01-19,7,-1
11,2014-01-19,8,-1
11,2014-01-19,9,-1
11,2014-01-19,10,-1
11,2014-01-19,11,-1
11,2014-01-19,12,-1
11,2014-01-19,13,-1
11,2014-01-19,14,-1
11,2014-01-19,15,-1
11,2014-01-19,16,-1
11,2014-01-19,17,-1
11,2014-01-19,18,1
11,2014-01-19,19,1
11,2014-01-19,20,-1
11,2014-01-19,21,-1
11,2014-01-19,22,-1
11,2014-01-19,23,-1
12,2014-01-06,0,-1
12,2014-01-06,1,-1
12,2014-01-06,2,-1
12,2014-01-06,3,-1
12,2014-01-06,4,-1
12,2014-01-06,5,-1
12,2014-01-06,6,-1
12,2014-01-06,7,1
12,2014-01-06,8,-1
12,2014-01-06,9,-1
12,2014-01-06,10,-1
12,2014-01-06,11,-1
12,2014-01-06,12,1
12,2014-01-06,13,-1
12,2014-01-06,14,1
12,2014-01-06,15,-1
12,2014-01-06,16,-1
12,2014-01-06,17,1
12,2014-01-06,18,1
12,2014-01-06,19,-1
12,2014-01-06,20,1
12,2014-01-06,21,-1
12,2014-01-06,22,-1
12,2014-01-06,23,-1
12,2014-01-07,0,-1
12,2014-01-07,1,-1
12,2014-01-07,2,-1
12,2014-01-07,3,-1
12,2014-01-07,4,-1
12,2014-01-07,5,-1
12,2014-01-07,6,-1
12,2014-01-07,7,1
12,2014-01-07,8,-1
12,2014-01-07,9,-1
12,2014-01-07,10,-1
12,2014-01-07,11,-1
12,2014-01-07,12,1
12,2014-01-07,13,1
12,2014-01-07,14,-1
12,2014-01-07,15,-1
12,2014-01-07,16,-1
12,2014-01-07,17,1
12,2014-01-07,18,-1
12,2014-01-07,19,-1
12,2014-01-07,20,-1
12,2014-01-07,21,-1
12,2014-01-07,22,-1
12,2014-01-07,23,-1
12,2014-01-08,0,-1
12,2014-01-08,1,-1
12,2014-01-08,2,-1
12,2014-01-08,3,-1
12,2014-01-08,4,-1
12,2014-01-08,5,-1
12,2014-01-08,6,-1
12,2014-01-08,7,1
12,2014-01-08,8,-1
12,2014-01-08,9,-1
12,2014-01-08,10,-1
12,2014-01-08,11,-1
12,2014-01-08,12,1
12,2014-01-08,13,-1
12,2014-01-08,14,1
12,2014-01-08,15,-1
12,2014-01-08,16,-1
12,2014-01-08,17,1
12,2014-01-08,18,-1
12,2014-01-08,19,1
12,2014-01-08,20,-1
12,2014-01-08,21,1
12,2014-01-08,22,-1
12,2014-01-08,23,-1
12,2014-01-09,0,-1
12,2014-01-09,1,-1
12,2014-01-09,2,-1
12,2014-01-09,3,-1
12,2014-01-09,4,-1
12,2014-01-09,5,-1
12,2014-01-09,6,-1
12,2014-01-09,7,1
12,2014-01-09,8,-1
12,2014-01-09,9,-1
12,2014-01-09,10,-1
12,2014-01-09,11,-1
12,2014-01-09,12,1
12,2014-01-09,13,-1
12,2014-01-09,14,1
12,2014-01-09,15,-1
12,2014-01-09,16,-1
12,2014-01-09,17,1
12,2014-01-09,18,-1
12,2014-01-09,19,-1
12,2014-01-09,20,-1
12,2014-01-09,21,-1
12,2014-01-09,22,-1
12,2014-01-09,23,-1
12,2014-01-10,0,-1
12,2014-01-10,1,-1
12,2014-01-10,2,-1
12,2014-01-10,3,-1
12,2014-01-10,4,-1
12,2014-01-10,5,-1
12,2014-01-10,6,-1
12,2014-01-10,7,1
12,2014-01-10,8,-1
12,2014-01-10,9,-1
12,2014-01-10,10,-1
12,2014-01-10,11,-1
12,2014-01-10,12,1
12,2014-01-10,13,-1
12,2014-01-10,14,1
12,2014-01-10,15,-1
12,2014-01-10,16,-1
12,2014-01-10,17,1
12,2014-01-10,18,1
12,2014-01-10,19,0
12,2014-01-10,20,1
12,2014-01-10,21,-1
12,2014-01-10,22,-1
12,2014-01-10,23,-1
12,2014-01-11,0,-1
12,2014-01-11,1,-1
12,2014-01-11,2,-1
12,2014-01-11,3,-1
12,2014-01-11,4,-1
12,2014-01-11,5,-1
12,2014-01-11,6,-1
12,2014-01-11,7,-1
12,2014-01-11,8,-1
12,2014-01-11,9,-1
12,2014-01-11,10,-1
12,2014-01-11,11,-1
12,2014-01-11,12,-1
12,2014-01-11,13,1
12,2014-01-11,14,1
12,2014-01-11,15,-1
12,2014-01-11,16,-1
12,2014-01-11,17,-1
12,2014-01-11,18,1
12,2014-01-11,19,-1
12,2014-01-11,20,1
12,2014-01-11,21,-1
12,2014-01-11,22,-1
12,2014-01-11,23,-1
12,2014-01-12,0,-1
12,2014-01-12,1,-1
12,2014-01-12,2,-1
12,2014-01-12,3,-1
12,2014-01-12,4,-1
12,2014-01-12,5,-1
12,2014-01-12,6,-1
12,2014-01-12,7,-1
12,2014-01-12,8,-1
12,2014-01-12,9,-1
12,2014-01-12,10,-1
12,2014-01-12,11,-1
12,2014-01-12,12,-1
12,2014-01-12,13,-1
12,2014-01-12,14,-1
12,2014-01-12,15,-1
12,2014-01-12,16,-1
12,2014-01-12,17,-1
12,2014-01-12,18,1
12,2014-01-12,19,1
12,2014-01-12,20,-1
12,2014-01-12,21,-1
12,2014-01-12,22,-1
12,2014-01-12,23,-1
12,2014-01-13,0,-1
12,2014-01-13,1,-1
12,2014-01-13,2,-1
12,2014-01-13,3,-1
12,2014-01-13,4,-1
12,2014-01-13,5,-1
12,2014-01-13,6,-1
12,2014-01-13,7,1
12,2014-01-13,8,0
12,2014-01-13,9,-1
12,2014-01-13,10,-1
12,2014-01-13,11,-1
12,2014-01-13,12,1
12,2014-01-13,13,1
12,2014-01-13,14,0
12,2014-01-13,15,-1
12,2014-01-13,16,-1
12,2014-01-13,17,1
12,2014-01-13,18,1
12,2014-01-13,19,-1
12,2014-01-13,20,-1
12,2014-01-13,21,1
12,2014-01-13,22,-1
12,2014-01-13,23,-1
12,2014-01-14,0,-1
12,2014-01-14,1,-1
12,2014-01-14,2,-1
12,2014-01-14,3,-1
12,2014-01-14,4,-1
12,2014-01-14,5,-1
12,2014-01-14,6,-1
12,2014-01-14,7,1
12,2014-01-14,8,-1
12,2014-01-14,9,-1
12,2014-01-14,10,-1
12,2014-01-14,11,-1
12,2014-01-14,12,1
12,2014-01-14,13,-1
12,2014-01-14,14,1
12,2014-01-14,15,-1
12,2014-01-14,16,-1
12,2014-01-14,17,1
12,2014-01-14,18,-1
12,2014-01-14,19,1
12,2014-01-14,20,1
12,2014-01-14,21,-1
12,2014-01-14,22,-1
12,2014-01-14,23,-1
12,2014-01-15,0,-1
12,2014-01-15,1,-1
12,2014-01-15,2,-1
12,2014-01-15,3,-1
12,2014-01-15,4,-1
12,2014-01-15,5,-1
12,2014-01-15,6,-1
12,2014-01-15,7,1
12,2014-01-15,8,-1
12,2014-01-15,9,-1
12,2014-01-15,10,-1
12,2014-01-15,11,-1
12,2014-01-15,12,1
12,2014-01-15,13,1
12,2014-01-15,14,-1
12,2014-01-15,15,-1
12,2014-01-15,16,-1
12,2014-01-15,17,1
12,2014-01-15,18,1
12,2014-01-15,19,1
12,2014-01-15,20,-1
12,2014-01-15,21,-1
12,2014-01-15,22,-1
12,2014-01-15,23,-1
12,2014-01-16,0,-1
12,2014-01-16,1,-1
12,2014-01-16,2,-1
12,2014-01-16,3,-1
12,2014-01-16,4,-1
12,2014-01-16,5,-1
12,2014-01-16,6,-1
12,2014-01-16,7,1
12,2014-01-16,8,-1
12,2014-01-16,9,-1
12,2014-01-16,10,-1
12,2014-01-16,11,-1
12,2014-01-16,12,1
12,2014-01-16,13,1
12,2014-01-16,14,0
12,2014-01-16,15,-1
12,2014-01-16,16,-1
12,2014-01-16,17,1
12,2014-01-16,18,-1
12,2014-01-16,19,1
12,2014-01-16,20,1
12,2014-01-16,21,-1
12,2014-01-16,22,-1
12,2014-01-16,23,-1
12,2014-01-17,0,-1
12,2014-01-17,1,-1
12,2014-01-17,2,-1
12,2014-01-17,3,-1
12,2014-01-17,4,-1
12,2014-01-17,5,-1
12,2014-01-17,6,-1
12,2014-01-17,7,1
12,2014-01-17,8,-1
12,2014-01-17,9,-1
12,2014-01-17,10,-1
12,2014-01-17,11,-1
12,2014-01-17,12,1
12,2014-01-17,13,-1
12,2014-01-17,14,1
12,2014-01-17,15,-1
12,2014-01-17,16,-1
12,2014-01-17,17,1
12,2014-01-17,18,1
12,2014-01-17,19,0
12,2014-01-17,20,1
12,2014-01-17,21,0
12,2014-01-17,22,-1
12,2014-01-17,23,-1
12,2014-01-18,0,-1
12,2014-01-18,1,-1
12,2014-01-18,2,-1
12,2014-01-18,3,-1
12,2014-01-18,4,-1
12,2014-01-18,5,-1
12,2014-01-18,6,-1
12,2014-01-18,7,-1
12,2014-01-18,8,-1
12,2014-01-18,9,-1
12,2014-01-18,10,-1
12,2014-01-18,11,-1
12,2014-01-18,12,-1
12,2014-01-18,13,-1
12,2014-01-18,14,-1
12,2014-01-18,15,-1
12,2014-01-18,16,-1
12,2014-01-18,17,-1
12,2014-01-18,18,-1
12,2014-01-18,19,-1
12,2014-01-18,20,-1
12,2014-01-18,21,-1
12,2014-01-18,22,-1
12,2014-01-18,23,-1
12,2014-01-19,0,-1
12,2014-01-19,1,-1
12,2014-01-19,2,-1
12,2014-01-19,3,-1
12,2014-01-19,4,-1
12,2014-01-19,5,-1
12,2014-01-19,6,-1
12,2014-01-19,7,-1
12,2014-01-19,8,-1
12,2014-01-19,9,-1
12,2014-01-19,10,-1
12,2014-01-19,11,-1
12,2014-01-19,12,-1
12,2014-01-19,13,-1
12,2014-01-19,14,-1
12,2014-01-19,15,-1
12,2014-01-19,16,-1
12,2014-01-19,17,-1
12,2014-01-19,18,1
12,2014-01-19,19,-1
12,2014-01-19,20,1
12,2014-01-19,21,-1
12,2014-01-19,22,-1
12,2014-01-19,23,-1
13,2014-01-06,0,-1
13,2014-01-06,1,-1
13,2014-01-06,2,-1
13,2014-01-06,3,-1
13,2014-01-06,4,-1
13,2014-01-06,5,-1
13,2014-01-06,6,-1
13,2014-01-06,7,0
13,2014-01-06,8,1
13,2014-01-06,9,-1
13,2014-01-06,10,-1
13,2014-01-06,11,-1
13,2014-01-06,12,1
13,2014-01-06,13,-1
13,2014-01-06,14,1
13,2014-01-06,15,-1
13,2014-01-06,16,-1
13,2014-01-06,17,1
13,2014-01-06,18,-1
13,2014-01-06,19,1
13,2014-01-06,20,1
13,2014-01-06,21,-1
13,2014-01-06,22,-1
13,2014-01-06,23,-1
13,2014-01-07,0,-1
13,2014-01-07,1,-1
13,2014-01-07,2,-1
13,2014-01-07,3,-1
13,2014-01-07,4,-1
13,2014-01-07,5,-1
13,2014-01-07,6,-1
13,2014-01-07,7,1
13,2014-01-07,8,1
13,2014-01-07,9,-1
13,2014-01-07,10,-1
13,2014-01-07,11,1
13,2014-01-07,12,1
13,2014-01-07,13,1
13,2014-01-07,14,0
13,2014-01-07,15,-1
13,2014-01-07,16,-1
13,2014-01-07,17,1
13,2014-01-07,18,1
13,2014-01-07,19,1
13,2014-01-07,20,-1
13,2014-01-07,21,-1
13,2014-01-07,22,-1
13,2014-01-07,23,-1
13,2014-01-08,0,-1
13,2014-01-08,1,-1
13,2014-01-08,2,-1
13,2014-01-08,3,-1
13,2014-01-08,4,-1
13,2014-01-08,5,-1
13,2014-01-08,6,-1
13,2014-01-08,7,1
13,2014-01-08,8,1
13,2014-01-08,9,-1
13,2014-01-08,10,-1
13,2014-01-08,11,-1
13,2014-01-08,12,1
13,2014-01-08,13,1
13,2014-01-08,14,-1
13,2014-01-08,15,-1
13,2014-01-08,16,-1
13,2014-01-08,17,1
13,2014-01-08,18,-1
13,2014-01-08,19,1
13,2014-01-08,20,-1
13,2014-01-08,21,1
13,2014-01-08,22,-1
13,2014-01-08,23,-1
13,2014-01-09,0,-1
13,2014-01-09,1,-1
13,2014-01-09,2,-1
13,2014-01-09,3,-1
13,2014-01-09,4,-1
13,2014-01-09,5,-1
13,2014-01-09,6,-1
13,2014-01-09,7,1
13,2014-01-09,8,0
13,2014-01-09,9,-1
13,2014-01-09,10,-1
13,2014-01-09,11,1
13,2014-01-09,12,1
13,2014-01-09,13,-1
13,2014-01-09,14,1
13,2014-01-09,15,-1
13,2014-01-09,16,-1
13,2014-01-09,17,1
13,2014-01-09,18,-1
13,2014-01-09,19,-1
13,2014-01-09,20,-1
13,2014-01-09,21,-1
13,2014-01-09,22,-1
13,2014-01-09,23,-1
13,2014-01-10,0,-1
13,2014-01-10,1,-1
13,2014-01-10,2,-1
13,2014-01-10,3,-1
13,2014-01-10,4,-1
13,2014-01-10,5,-1
13,2014-01-10,6,-1
13,2014-01-10,7,1
13,2014-01-10,8,1
13,2014-01-10,9,-1
13,2014-01-10,10,-1
13,2014-01-10,11,1
13,2014-01-10,12,1
13,2014-01-10,13,-1
13,2014-01-10,14,1
13,2014-01-10,15,-1
13,2014-01-10,16,-1
13,2014-01-10,17,1
13,2014-01-10,18,1
13,2014-01-10,19,-1
13,2014-01-10,20,1
13,2014-01-10,21,-1
13,2014-01-10,22,-1
13,2014-01-10,23,-1
13,2014-01-11,0,-1
13,2014-01-11,1,-1
13,2014-01-11,2,-1
13,2014-01-11,3,-1
13,2014-01-11,4,-1
13,2014-01-11,5,-1
13,2014-01-11,6,-1
13,2014-01-11,7,-1
13,2014-01-11,8,-1
13,2014-01-11,9,-1
13,2014-01-11,10,-1
13,2014-01-11,11,-1
13,2014-01-11,12,-1
13,2014-01-11,13,-1
13,2014-01-11,14,-1
13,2014-01-11,15,-1
13,2014-01-11,16,-1
13,2014-01-11,17,-1
13,2014-01-11,18,1
13,2014-01-11,19,1
13,2014-01-11,20,-1
13,2014-01-11,21,-1
13,2014-01-11,22,-1
13,2014-01-11,23,-1
13,2014-01-12,0,-1
13,2014-01-12,1,-1
13,2014-01-12,2,-1
13,2014-01-12,3,-1
13,2014-01-12,4,-1
13,2014-01-12,5,-1
13,2014-01-12,6,-1
13,2014-01-12,7,-1
13,2014-01-12,8,-1
13,2014-01-12,9,-1
13,2014-01-12,10,-1
13,2014-01-12,11,-1
13,2014-01-12,12,1
13,2014-01-12,13,1
13,2014-01-12,14,-1
13,2014-01-12,15,1
13,2014-01-12,16,-1
13,2014-01-12,17,-1
13,2014-01-12,18,-1
13,2014-01-12,19,-1
13,2014-01-12,20,-1
13,2014-01-12,21,-1
13,2014-01-12,22,-1
13,2014-01-12,23,-1
13,2014-01-13,0,-1
13,2014-01-13,1,-1
13,2014-01-13,2,-1
13,2014-01-13,3,-1
13,2014-01-13,4,-1
13,2014-01-13,5,-1
13,2014-01-13,6,-1
13,2014-01-13,7,-1
13,2014-01-13,8,1
13,2014-01-13,9,-1
13,2014-01-13,10,-1
13,2014-01-13,11,1
13,2014-01-13,12,1
13,2014-01-13,13,1
13,2014-01-13,14,0
13,2014-01-13,15,-1
13,2014-01-13,16,-1
13,2014-01-13,17,1
13,2014-01-13,18,-1
13,2014-01-13,19,1
13,2014-01-13,20,1
13,2014-01-13,21,-1
13,2014-01-13,22,-1
13,2014-01-13,23,-1
13,2014-01-14,0,-1
13,2014-01-14,1,-1
13,2014-01-14,2,-1
13,2014-01-14,3,-1
13,2014-01-14,4,-1
13,2014-01-14,5,-1
13,2014-01-14,6,-1
13,2014-01-14,7,1
13,2014-01-14,8,1
13,2014-01-14,9,-1
13,2014-01-14,10,-1
13,2014-01-14,11,-1
13,2014-01-14,12,1
13,2014-01-14,13,-1
13,2014-01-14,14,1
13,2014-01-14,15,-1
13,2014-01-14,16,-1
13,2014-01-14,17,1
13,2014-01-14,18,-1
13,2014-01-14,19,1
13,2014-01-14,20,1
13,2014-01-14,21,-1
13,2014-01-14,22,-1
13,2014-01-14,23,-1
13,2014-01-15,0,-1
13,2014-01-15,1,-1
13,2014-01-15,2,-1
13,2014-01-15,3,-1
13,2014-01-15,4,-1
13,2014-01-15,5,-1
13,2014-01-15,6,-1
13,2014-01-15,7,1
13,2014-01-15,8,0
13,2014-01-15,9,-1
13,2014-01-15,10,-1
13,2014-01-15,11,1
13,2014-01-15,12,1
13,2014-01-15,13,-1
13,2014-01-15,14,1
13,2014-01-15,15,-1
13,2014-01-15,16,-1
13,2014-01-15,17,1
13,2014-01-15,18,-1
13,2014-01-15,19,1
13,2014-01-15,20,0
13,2014-01-15,21,-1
13,2014-01-15,22,-1
13,2014-01-15,23,-1
13,2014-01-16,0,-1
13,2014-01-16,1,-1
13,2014-01-16,2,-1
13,2014-01-16,3,-1
13,2014-01-16,4,-1
13,2014-01-16,5,-1
13,2014-01-16,6,-1
13,2014-01-16,7,-1
13,2014-01-16,8,1
13,2014-01-16,9,-1
13,2014-01-16,10,-1
13,2014-01-16,11,1
13,2014-01-16,12,1
13,2014-01-16,13,1
13,2014-01-16,14,-1
13,2014-01-16,15,-1
13,2014-01-16,16,-1
13,2014-01-16,17,1
13,2014-01-16,18,1
13,2014-01-16,19,-1
13,2014-01-16,20,1
13,2014-01-16,21,-1
13,2014-01-16,22,-1
13,2014-01-16,23,-1
13,2014-01-17,0,-1
13,2014-01-17,1,-1
13,2014-01-17,2,-1
13,2014-01-17,3,-1
13,2014-01-17,4,-1
13,2014-01-17,5,-1
13,2014-01-17,6,-1
13,2014-01-17,7,1
13,2014-01-17,8,1
13,2014-01-17,9,-1
13,2014-01-17,10,-1
13,2014-01-17,11,1
13,2014-01-17,12,1
13,2014-01-17,13,1
13,2014-01-17,14,0
13,2014-01-17,15,-1
13,2014-01-17,16,-1
13,2014-01-17,17,1
13,2014-01-17,18,1
13,2014-01-17,19,-1
13,2014-01-17,20,1
13,2014-01-17,21,-1
13,2014-01-17,22,-1
13,2014-01-17,23,-1
13,2014-01-18,0,-1
13,2014-01-18,1,-1
13,2014-01-18,2,-1
13,2014-01-18,3,-1
13,2014-01-18,4,-1
13,2014-01-18,5,-1
13,2014-01-18,6,-1
13,2014-01-18,7,-1
13,2014-01-18,8,-1
13,2014-01-18,9,-1
13,2014-01-18,10,-1
13,2014-01-18,11,1
13,2014-01-18,12,1
13,2014-01-18,13,0
13,2014-01-18,14,1
13,2014-01-18,15,-1
13,2014-01-18,16,-1
13,2014-01-18,17,-1
13,2014-01-18,18,1
13,2014-01-18,19,-1
13,2014-01-18,20,1
13,2014-01-18,21,-1
13,2014-01-18,22,-1
13,2014-01-18,23,-1
13,2014-01-19,0,-1
13,2014-01-19,1,-1
13,2014-01-19,2,-1
13,2014-01-19,3,-1
13,2014-01-19,4,-1
13,2014-01-19,5,-1
13,2014-01-19,6,-1
13,2014-01-19,7,-1
13,2014-01-19,8,-1
13,2014-01-19,9,-1
13,2014-01-19,10,-1
13,2014-01-19,11,-1
13,2014-01-19,12,-1
13,2014-01-19,13,-1
13,2014-01-19,14,-1
13,2014-01-19,15,-1
13,2014-01-19,16,-1
13,2014-01-19,17,-1
13,2014-01-19,18,-1
13,2014-01-19,19,-1
13,2014-01-19,20,-1
13,2014-01-19,21,-1
13,2014-01-19,22,-1
13,2014-01-19,23,-1
14,2014-01-06,0,-1
14,2014-01-06,1,-1
14,2014-01-06,2,-1
14,2014-01-06,3,-1
14,2014-01-06,4,-1
14,2014-01-06,5,-1
14,2014-01-06,6,-1
14,2014-01-06,7,0
14,2014-01-06,8,1
14,2014-01-06,9,-1
14,2014-01-06,10,-1
14,2014-01-06,11,-1
14,2014-01-06,12,1
14,2014-01-06,13,1
14,2014-01-06,14,0
14,2014-01-06,15,-1
14,2014-01-06,16,-1
14,2014-01-06,17,1
14,2014-01-06,18,-1
14,2014-01-06,19,1
14,2014-01-06,20,1
14,2014-01-06,21,-1
14,2014-01-06,22,-1
14,2014-01-06,23,-1
14,2014-01-07,0,-1
14,2014-01-07,1,-1
14,2014-01-07,2,-1
14,2014-01-07,3,-1
14,2014-01-07,4,-1
14,2014-01-07,5,-1
14,2014-01-07,6,-1
14,2014-01-07,7,1
14,2014-01-07,8,-1
14,2014-01-07,9,-1
14,2014-01-07,10,-1
14,2014-01-07,11,-1
14,2014-01-07,12,1
14,2014-01-07,13,-1
14,2014-01-07,14,1
14,2014-01-07,15,-1
14,2014-01-07,16,-1
14,2014-01-07,17,1
14,2014-01-07,18,1
14,2014-01-07,19,-1
14,2014-01-07,20,1
14,2014-01-07,21,-1
14,2014-01-07,22,-1
14,2014-01-07,23,-1
14,2014-01-08,0,-1
14,2014-01-08,1,-1
14,2014-01-08,2,-1
14,2014-01-08,3,-1
14,2014-01-08,4,-1
14,2014-01-08,5,-1
14,2014-01-08,6,-1
14,2014-01-08,7,1
14,2014-01-08,8,-1
14,2014-01-08,9,-1
14,2014-01-08,10,-1
14,2014-01-08,11,-1
14,2014-01-08,12,1
14,2014-01-08,13,1
14,2014-01-08,14,0
14,2014-01-08,15,-1
14,2014-01-08,16,-1
14,2014-01-08,17,1
14,2014-01-08,18,-1
14,2014-01-08,19,1
14,2014-01-08,20,-1
14,2014-01-08,21,1
14,2014-01-08,22,-1
14,2014-01-08,23,-1
14,2014-01-09,0,-1
14,2014-01-09,1,-1
14,2014-01-09,2,-1
14,2014-01-09,3,-1
14,2014-01-09,4,-1
14,2014-01-09,5,-1
14,2014-01-09,6,-1
14,2014-01-09,7,1
14,2014-01-09,8,0
14,2014-01-09,9,-1
14,2014-01-09,10,-1
14,2014-01-09,11,-1
14,2014-01-09,12,1
14,2014-01-09,13,1
14,2014-01-09,14,-1
14,2014-01-09,15,-1
14,2014-01-09,16,-1
14,2014-01-09,17,1
14,2014-01-09,18,-1
14,2014-01-09,19,-1
14,2014-01-09,20,-1
14,2014-01-09,21,-1
14,2014-01-09,22,-1
14,2014-01-09,23,-1
14,2014-01-10,0,-1
14,2014-01-10,1,-1
14,2014-01-10,2,-1
14,2014-01-10,3,-1
14,2014-01-10,4,-1
14,2014-01-10,5,-1
14,2014-01-10,6,-1
14,2014-01-10,7,1
14,2014-01-10,8,-1
14,2014-01-10,9,-1
14,2014-01-10,10,-1
14,2014-01-10,11,-1
14,2014-01-10,12,1
14,2014-01-10,13,-1
14,2014-01-10,14,1
14,2014-01-10,15,-1
14,2014-01-10,16,-1
14,2014-01-10,17,1
14,2014-01-10,18,1
14,2014-01-10,19,-1
14,2014-01-10,20,-1
14,2014-01-10,21,-1
14,2014-01-10,22,-1
14,2014-01-10,23,1
14,2014-01-11,0,-1
14,2014-01-11,1,-1
14,2014-01-11,2,-1
14,2014-01-11,3,-1
14,2014-01-11,4,-1
14,2014-01-11,5,-1
14,2014-01-11,6,-1
14,2014-01-11,7,-1
14,2014-01-11,8,-1
14,2014-01-11,9,-1
14,2014-01-11,10,-1
14,2014-01-11,11,-1
14,2014-01-11,12,-1
14,2014-01-11,13,-1
14,2014-01-11,14,-1
14,2014-01-11,15,-1
14,2014-01-11,16,-1
14,2014-01-11,17,-1
14,2014-01-11,18,1
14,2014-01-11,19,-1
14,2014-01-11,20,1
14,2014-01-11,21,-1
14,2014-01-11,22,-1
14,2014-01-11,23,-1
14,2014-01-12,0,-1
14,2014-01-12,1,-1
14,2014-01-12,2,-1
14,2014-01-12,3,-1
14,2014-01-12,4,-1
14,2014-01-12,5,-1
14,2014-01-12,6,-1
14,2014-01-12,7,-1
14,2014-01-12,8,-1
14,2014-01-12,9,-1
14,2014-01-12,10,-1
14,2014-01-12,11,1
14,2014-01-12,12,1
14,2014-01-12,13,-1
14,2014-01-12,14,1
14,2014-01-12,15,-1
14,2014-01-12,16,-1
14,2014-01-12,17,-1
14,2014-01-12,18,1
14,2014-01-12,19,-1
14,2014-01-12,20,1
14,2014-01-12,21,-1
14,2014-01-12,22,-1
14,2014-01-12,23,1
14,2014-01-13,0,-1
14,2014-01-13,1,-1
14,2014-01-13,2,-1
14,2014-01-13,3,-1
14,2014-01-13,4,-1
14,2014-01-13,5,-1
14,2014-01-13,6,-1
14,2014-01-13,7,1
14,2014-01-13,8,0
14,2014-01-13,9,-1
14,2014-01-13,10,-1
14,2014-01-13,11,-1
14,2014-01-13,12,1
14,2014-01-13,13,1
14,2014-01-13,14,-1
14,2014-01-13,15,-1
14,2014-01-13,16,-1
14,2014-01-13,17,1
14,2014-01-13,18,-1
14,2014-01-13,19,1
14,2014-01-13,20,-1
14,2014-01-13,21,1
14,2014-01-13,22,-1
14,2014-01-13,23,-1
14,2014-01-14,0,-1
14,2014-01-14,1,-1
14,2014-01-14,2,-1
14,2014-01-14,3,-1
14,2014-01-14,4,-1
14,2014-01-14,5,-1
14,2014-01-14,6,-1
14,2014-01-14,7,1
14,2014-01-14,8,0
14,2014-01-14,9,-1
14,2014-01-14,10,-1
14,2014-01-14,11,-1
14,2014-01-14,12,1
14,2014-01-14,13,1
14,2014-01-14,14,-1
14,2014-01-14,15,-1
14,2014-01-14,16,-1
14,2014-01-14,17,1
14,2014-01-14,18,-1
14,2014-01-14,19,1
14,2014-01-14,20,1
14,2014-01-14,21,-1
14,2014-01-14,22,-1
14,2014-01-14,23,-1
14,2014-01-15,0,-1
14,2014-01-15,1,-1
14,2014-01-15,2,-1
14,2014-01-15,3,-1
14,2014-01-15,4,-1
14,2014-01-15,5,-1
14,2014-01-15,6,-1
14,2014-01-15,7,1
14,2014-01-15,8,-1
14,2014-01-15,9,-1
14,2014-01-15,10,-1
14,2014-01-15,11,-1
14,2014-01-15,12,1
14,2014-01-15,13,1
14,2014-01-15,14,-1
14,2014-01-15,15,-1
14,2014-01-15,16,-1
14,2014-01-15,17,1
14,2014-01-15,18,1
14,2014-01-15,19,-1
14,2014-01-15,20,1
14,2014-01-15,21,-1
14,2014-01-15,22,-1
14,2014-01-15,23,-1
14,2014-01-16,0,-1
14,2014-01-16,1,-1
14,2014-01-16,2,-1
14,2014-01-16,3,-1
14,2014-01-16,4,-1
14,2014-01-16,5,-1
14,2014-01-16,6,-1
14,2014-01-16,7,1
14,2014-01-16,8,0
14,2014-01-16,9,-1
14,2014-01-16,10,-1
14,2014-01-16,11,-1
14,2014-01-16,12,1
14,2014-01-16,13,1
14,2014-01-16,14,-1
14,2014-01-16,15,-1
14,2014-01-16,16,-1
14,2014-01-16,17,1
14,2014-01-16,18,-1
14,2014-01-16,19,1
14,2014-01-16,20,-1
14,2014-01-16,21,-1
14,2014-01-16,22,-1
14,2014-01-16,23,-1
14,2014-01-17,0,-1
14,2014-01-17,1,-1
14,2014-01-17,2,-1
14,2014-01-17,3,-1
14,2014-01-17,4,-1
14,2014-01-17,5,-1
14,2014-01-17,6,-1
14,2014-01-17,7,1
14,2014-01-17,8,1
14,2014-01-17,9,-1
14,2014-01-17,10,-1
14,2014-01-17,11,1
14,2014-01-17,12,0
14,2014-01-17,13,1
14,2014-01-17,14,0
14,2014-01-17,15,-1
14,2014-01-17,16,-1
14,2014-01-17,17,1
14,2014-01-17,18,-1
14,2014-01-17,19,-1
14,2014-01-17,20,-1
14,2014-01-17,21,-1
14,2014-01-17,22,-1
14,2014-01-17,23,-1
14,2014-01-18,0,-1
14,2014-01-18,1,-1
14,2014-01-18,2,-1
14,2014-01-18,3,-1
14,2014-01-18,4,-1
14,2014-01-18,5,-1
14,2014-01-18,6,-1
14,2014-01-18,7,-1
14,2014-01-18,8,-1
14,2014-01-18,9,-1
14,2014-01-18,10,-1
14,2014-01-18,11,-1
14,2014-01-18,12,1
14,2014-01-18,13,1
14,2014-01-18,14,-1
14,2014-01-18,15,1
14,2014-01-18,16,-1
14,2014-01-18,17,-1
14,2014-01-18,18,1
14,2014-01-18,19,1
14,2014-01-18,20,-1
14,2014-01-18,21,-1
14,2014-01-18,22,-1
14,2014-01-18,23,-1
14,2014-01-19,0,-1
14,2014-01-19,1,-1
14,2014-01-19,2,-1
14,2014-01-19,3,-1
14,2014-01-19,4,-1
14,2014-01-19,5,-1
14,2014-01-19,6,-1
14,2014-01-19,7,-1
14,2014-01-19,8,-1
14,2014-01-19,9,-1
14,2014-01-19,10,-1
14,2014-01-19,11,-1
14,2014-01-19,12,-1
14,2014-01-19,13,-1
14,2014-01-19,14,-1
14,2014-01-19,15,-1
14,2014-01-19,16,-1
14,2014-01-19,17,-1
14,2014-01-19,18,1
14,2014-01-19,19,-1
14,2014-01-19,20,1
14,2014-01-19,21,-1
14,2014-01-19,22,-1
14,2014-01-19,23,-1
15,2014-01-06,0,-1
15,2014-01-06,1,-1
15,2014-01-06,2,-1
15,2014-01-06,3,-1
15,2014-01-06,4,-1
15,2014-01-06,5,-1
15,2014-01-06,6,-1
15,2014-01-06,7,0
15,2014-01-06,8,1
15,2014-01-06,9,-1
15,2014-01-06,10,-1
15,2014-01-06,11,-1
15,2014-01-06,12,1
15,2014-01-06,13,-1
15,2014-01-06,14,1
15,2014-01-06,15,-1
15,2014-01-06,16,-1
15,2014-01-06,17,1
15,2014-01-06,18,-1
15,2014-01-06,19,-1
15,2014-01-06,20,-1
15,2014-01-06,21,-1
15,2014-01-06,22,-1
15,2014-01-06,23,-1
15,2014-01-07,0,-1
15,2014-01-07,1,-1
15,2014-01-07,2,-1
15,2014-01-07,3,1
15,2014-01-07,4,-1
15,2014-01-07,5,-1
15,2014-01-07,6,1
15,2014-01-07,7,1
15,2014-01-07,8,1
15,2014-01-07,9,-1
15,2014-01-07,10,-1
15,2014-01-07,11,1
15,2014-01-07,12,1
15,2014-01-07,13,1
15,2014-01-07,14,0
15,2014-01-07,15,-1
15,2014-01-07,16,-1
15,2014-01-07,17,1
15,2014-01-07,18,1
15,2014-01-07,19,-1
15,2014-01-07,20,1
15,2014-01-07,21,-1
15,2014-01-07,22,-1
15,2014-01-07,23,-1
15,2014-01-08,0,-1
15,2014-01-08,1,-1
15,2014-01-08,2,-1
15,2014-01-08,3,-1
15,2014-01-08,4,-1
15,2014-01-08,5,-1
15,2014-01-08,6,-1
15,2014-01-08,7,1
15,2014-01-08,8,-1
15,2014-01-08,9,-1
15,2014-01-08,10,-1
15,2014-01-08,11,1
15,2014-01-08,12,1
15,2014-01-08,13,1
15,2014-01-08,14,-1
15,2014-01-08,15,-1
15,2014-01-08,16,-1
15,2014-01-08,17,1
15,2014-01-08,18,1
15,2014-01-08,19,-1
15,2014-01-08,20,1
15,2014-01-08,21,-1
15,2014-01-08,22,-1
15,2014-01-08,23,-1
15,2014-01-09,0,-1
15,2014-01-09,1,-1
15,2014-01-09,2,-1
15,2014-01-09,3,1
15,2014-01-09,4,-1
15,2014-01-09,5,-1
15,2014-01-09,6,-1
15,2014-01-09,7,1
15,2014-01-09,8,1
15,2014-01-09,9,-1
15,2014-01-09,10,-1
15,2014-01-09,11,1
15,2014-01-09,12,1
15,2014-01-09,13,1
15,2014-01-09,14,-1
15,2014-01-09,15,-1
15,2014-01-09,16,-1
15,2014-01-09,17,1
15,2014-01-09,18,-1
15,2014-01-09,19,1
15,2014-01-09,20,1
15,2014-01-09,21,-1
15,2014-01-09,22,-1
15,2014-01-09,23,-1
15,2014-01-10,0,-1
15,2014-01-10,1,-1
15,2014-01-10,2,-1
15,2014-01-10,3,-1
15,2014-01-10,4,-1
15,2014-01-10,5,-1
15,2014-01-10,6,-1
15,2014-01-10,7,1
15,2014-01-10,8,1
15,2014-01-10,9,-1
15,2014-01-10,10,-1
15,2014-01-10,11,-1
15,2014-01-10,12,1
15,2014-01-10,13,1
15,2014-01-10,14,-1
15,2014-01-10,15,-1
15,2014-01-10,16,-1
15,2014-01-10,17,1
15,2014-01-10,18,-1
15,2014-01-10,19,1
15,2014-01-10,20,1
15,2014-01-10,21,-1
15,2014-01-10,22,-1
15,2014-01-10,23,-1
15,2014-01-11,0,-1
15,2014-01-11,1,-1
15,2014-01-11,2,-1
15,2014-01-11,3,-1
15,2014-01-11,4,-1
15,2014-01-11,5,-1
15,2014-01-11,6,-1
15,2014-01-11,7,-1
15,2014-01-11,8,-1
15,2014-01-11,9,-1
15,2014-01-11,10,-1
15,2014-01-11,11,1
15,2014-01-11,12,1
15,2014-01-11,13,-1
15,2014-01-11,14,1
15,2014-01-11,15,-1
15,2014-01-11,16,-1
15,2014-01-11,17,-1
15,2014-01-11,18,-1
15,2014-01-11,19,-1
15,2014-01-11,20,-1
15,2014-01-11,21,-1
15,2014-01-11,22,-1
15,2014-01-11,23,-1
15,2014-01-12,0,-1
15,2014-01-12,1,-1
15,2014-01-12,2,-1
15,2014-01-12,3,-1
15,2014-01-12,4,-1
15,2014-01-12,5,-1
15,2014-01-12,6,-1
15,2014-01-12,7,-1
15,2014-01-12,8,-1
15,2014-01-12,9,-1
15,2014-01-12,10,-1
15,2014-01-12,11,-1
15,2014-01-12,12,-1
15,2014-01-12,13,-1
15,2014-01-12,14,-1
15,2014-01-12,15,-1
15,2014-01-12,16,-1
15,2014-01-12,17,-1
15,2014-01-12,18,1
15,2014-01-12,19,1
15,2014-01-12,20,-1
15,2014-01-12,21,-1
15,2014-01-12,22,-1
15,2014-01-12,23,-1
15,2014-01-13,0,-1
15,2014-01-13,1,-1
15,2014-01-13,2,-1
15,2014-01-13,3,-1
15,2014-01-13,4,-1
15,2014-01-13,5,-1
15,2014-01-13,6,-1
15,2014-01-13,7,1
15,2014-01-13,8,1
15,2014-01-13,9,-1
15,2014-01-13,10,-1
15,2014-01-13,11,1
15,2014-01-13,12,1
15,2014-01-13,13,1
15,2014-01-13,14,-1
15,2014-01-13,15,-1
15,2014-01-13,16,-1
15,2014-01-13,17,1
15,2014-01-13,18,1
15,2014-01-13,19,1
15,2014-01-13,20,-1
15,2014-01-13,21,-1
15,2014-01-13,22,-1
15,2014-01-13,23,-1
15,2014-01-14,0,-1
15,2014-01-14,1,-1
15,2014-01-14,2,-1
15,2014-01-14,3,-1
15,2014-01-14,4,-1
15,2014-01-14,5,-1
15,2014-01-14,6,-1
15,2014-01-14,7,1
15,2014-01-14,8,0
15,2014-01-14,9,-1
15,2014-01-14,10,-1
15,2014-01-14,11,1
15,2014-01-14,12,1
15,2014-01-14,13,1
15,2014-01-14,14,-1
15,2014-01-14,15,-1
15,2014-01-14,16,-1
15,2014-01-14,17,1
15,2014-01-14,18,-1
15,2014-01-14,19,1
15,2014-01-14,20,1
15,2014-01-14,21,-1
15,2014-01-14,22,-1
15,2014-01-14,23,-1
15,2014-01-15,0,-1
15,2014-01-15,1,-1
15,2014-01-15,2,-1
15,2014-01-15,3,-1
15,2014-01-15,4,-1
15,2014-01-15,5,-1
15,2014-01-15,6,-1
15,2014-01-15,7,1
15,2014-01-15,8,1
15,2014-01-15,9,-1
15,2014-01-15,10,-1
15,2014-01-15,11,1
15,2014-01-15,12,1
15,2014-01-15,13,1
15,2014-01-15,14,0
15,2014-01-15,15,-1
15,2014-01-15,16,-1
15,2014-01-15,17,1
15,2014-01-15,18,-1
15,2014-01-15,19,1
15,2014-01-15,20,-1
15,2014-01-15,21,1
15,2014-01-15,22,-1
15,2014-01-15,23,-1
15,2014-01-16,0,-1
15,2014-01-16,1,-1
15,2014-01-16,2,-1
15,2014-01-16,3,-1
15,2014-01-16,4,-1
15,2014-01-16,5,-1
15,2014-01-16,6,-1
15,2014-01-16,7,1
15,2014-01-16,8,1
15,2014-01-16,9,-1
15,2014-01-16,10,-1
15,2014-01-16,11,-1
15,2014-01-16,12,1
15,2014-01-16,13,1
15,2014-01-16,14,-1
15,2014-01-16,15,-1
15,2014-01-16,16,-1
15,2014-01-16,17,1
15,2014-01-16,18,-1
15,2014-01-16,19,1
15,2014-01-16,20,1
15,2014-01-16,21,-1
15,2014-01-16,22,-1
15,2014-01-16,23,-1
15,2014-01-17,0,-1
15,2014-01-17,1,-1
15,2014-01-17,2,-1
15,2014-01-17,3,-1
15,2014-01-17,4,-1
15,2014-01-17,5,-1
15,2014-01-17,6,-1
15,2014-01-17,7,1
15,2014-01-17,8,1
15,2014-01-17,9,-1
15,2014-01-17,10,-1
15,2014-01-17,11,1
15,2014-01-17,12,1
15,2014-01-17,13,1
15,2014-01-17,14,-1
15,2014-01-17,15,-1
15,2014-01-17,16,-1
15,2014-01-17,17,1
15,2014-01-17,18,1
15,2014-01-17,19,-1
15,2014-01-17,20,1
15,2014-01-17,21,-1
15,2014-01-17,22,-1
15,2014-01-17,23,-1
15,2014-01-18,0,-1
15,2014-01-18,1,-1
15,2014-01-18,2,-1
15,2014-01-18,3,-1
15,2014-01-18,4,-1
15,2014-01-18,5,-1
15,2014-01-18,6,-1
15,2014-01-18,7,-1
15,2014-01-18,8,-1
15,2014-01-18,9,-1
15,2014-01-18,10,-1
15,2014-01-18,11,-1
15,2014-01-18,12,1
15,2014-01-18,13,0
15,2014-01-18,14,-1
15,2014-01-18,15,1
15,2014-01-18,16,-1
15,2014-01-18,17,-1
15,2014-01-18,18,1
15,2014-01-18,19,-1
15,2014-01-18,20,1
15,2014-01-18,21,-1
15,2014-01-18,22,-1
15,2014-01-18,23,-1
15,2014-01-19,0,-1
15,2014-01-19,1,-1
15,2014-01-19,2,-1
15,2014-01-19,3,-1
15,2014-01-19,4,-1
15,2014-01-19,5,-1
15,2014-01-19,6,-1
15,2014-01-19,7,-1
15,2014-01-19,8,-1
15,2014-01-19,9,-1
15,2014-01-19,10,-1
15,2014-01-19,11,-1
15,2014-01-19,12,-1
15,2014-01-19,13,-1
15,2014-01-19,14,-1
15,2014-01-19,15,-1
15,2014-01-19,16,-1
15,2014-01-19,17,-1
15,2014-01-19,18,1
15,2014-01-19,19,-1
15,2014-01-19,20,1
15,2014-01-19,21,-1
15,2014-01-19,22,-1
15,2014-01-19,23,-1
16,2014-01-06,0,-1
16,2014-01-06,1,-1
16,2014-01-06,2,-1
16,2014-01-06,3,-1
16,2014-01-06,4,-1
16,2014-01-06,5,-1
16,2014-01-06,6,-1
16,2014-01-06,7,0
16,2014-01-06,8,1
16,2014-01-06,9,-1
16,2014-01-06,10,-1
16,2014-01-06,11,1
16,2014-01-06,12,-1
16,2014-01-06,13,1
16,2014-01-06,14,-1
16,2014-01-06,15,-1
16,2014-01-06,16,-1
16,2014-01-06,17,1
16,2014-01-06,18,0
16,2014-01-06,19,1
16,2014-01-06,20,1
16,2014-01-06,21,0
16,2014-01-06,22,-1
16,2014-01-06,23,1
16,2014-01-07,0,-1
16,2014-01-07,1,1
16,2014-01-07,2,-1
16,2014-01-07,3,1
16,2014-01-07,4,-1
16,2014-01-07,5,-1
16,2014-01-07,6,-1
16,2014-01-07,7,1
16,2014-01-07,8,-1
16,2014-01-07,9,-1
16,2014-01-07,10,-1
16,2014-01-07,11,1
16,2014-01-07,12,-1
16,2014-01-07,13,1
16,2014-01-07,14,-1
16,2014-01-07,15,-1
16,2014-01-07,16,-1
16,2014-01-07,17,1
16,2014-01-07,18,-1
16,2014-01-07,19,1
16,2014-01-07,20,1
16,2014-01-07,21,-1
16,2014-01-07,22,-1
16,2014-01-07,23,-1
16,2014-01-08,0,-1
16,2014-01-08,1,-1
16,2014-01-08,2,-1
16,2014-01-08,3,-1
16,2014-01-08,4,-1
16,2014-01-08,5,-1
16,2014-01-08,6,1
16,2014-01-08,7,1
16,2014-01-08,8,-1
16,2014-01-08,9,-1
16,2014-01-08,10,-1
16,2014-01-08,11,1
16,2014-01-08,12,-1
16,2014-01-08,13,1
16,2014-01-08,14,-1
16,2014-01-08,15,-1
16,2014-01-08,16,-1
16,2014-01-08,17,1
16,2014-01-08,18,1
16,2014-01-08,19,1
16,2014-01-08,20,-1
16,2014-01-08,21,-1
16,2014-01-08,22,-1
16,2014-01-08,23,-1
16,2014-01-09,0,-1
16,2014-01-09,1,-1
16,2014-01-09,2,-1
16,2014-01-09,3,-1
16,2014-01-09,4,-1
16,2014-01-09,5,-1
16,2014-01-09,6,-1
16,2014-01-09,7,1
16,2014-01-09,8,-1
16,2014-01-09,9,-1
16,2014-01-09,10,-1
16,2014-01-09,11,1
16,2014-01-09,12,0
16,2014-01-09,13,1
16,2014-01-09,14,-1
16,2014-01-09,15,-1
16,2014-01-09,16,-1
16,2014-01-09,17,1
16,2014-01-09,18,1
16,2014-01-09,19,1
16,2014-01-09,20,-1
16,2014-01-09,21,-1
16,2014-01-09,22,-1
16,2014-01-09,23,-1
16,2014-01-10,0,-1
16,2014-01-10,1,-1
16,2014-01-10,2,-1
16,2014-01-10,3,-1
16,2014-01-10,4,-1
16,2014-01-10,5,-1
16,2014-01-10,6,-1
16,2014-01-10,7,1
16,2014-01-10,8,0
16,2014-01-10,9,-1
16,2014-01-10,10,-1
16,2014-01-10,11,-1
16,2014-01-10,12,1
16,2014-01-10,13,1
16,2014-01-10,14,-1
16,2014-01-10,15,-1
16,2014-01-10,16,-1
16,2014-01-10,17,1
16,2014-01-10,18,-1
16,2014-01-10,19,1
16,2014-01-10,20,-1
16,2014-01-10,21,1
16,2014-01-10,22,-1
16,2014-01-10,23,1
16,2014-01-11,0,-1
16,2014-01-11,1,-1
16,2014-01-11,2,-1
16,2014-01-11,3,1
16,2014-01-11,4,-1
16,2014-01-11,5,-1
16,2014-01-11,6,-1
16,2014-01-11,7,-1
16,2014-01-11,8,-1
16,2014-01-11,9,-1
16,2014-01-11,10,-1
16,2014-01-11,11,1
16,2014-01-11,12,-1
16,2014-01-11,13,-1
16,2014-01-11,14,-1
16,2014-01-11,15,-1
16,2014-01-11,16,-1
16,2014-01-11,17,-1
16,2014-01-11,18,1
16,2014-01-11,19,-1
16,2014-01-11,20,1
16,2014-01-11,21,-1
16,2014-01-11,22,-1
16,2014-01-11,23,-1
16,2014-01-12,0,-1
16,2014-01-12,1,-1
16,2014-01-12,2,-1
16,2014-01-12,3,-1
16,2014-01-12,4,-1
16,2014-01-12,5,-1
16,2014-01-12,6,-1
16,2014-01-12,7,-1
16,2014-01-12,8,-1
16,2014-01-12,9,-1
16,2014-01-12,10,-1
16,2014-01-12,11,-1
16,2014-01-12,12,-1
16,2014-01-12,13,-1
16,2014-01-12,14,-1
16,2014-01-12,15,-1
16,2014-01-12,16,-1
16,2014-01-12,17,-1
16,2014-01-12,18,1
16,2014-01-12,19,1
16,2014-01-12,20,-1
16,2014-01-12,21,-1
16,2014-01-12,22,-1
16,2014-01-12,23,-1
16,2014-01-13,0,-1
16,2014-01-13,1,-1
16,2014-01-13,2,-1
16,2014-01-13,3,-1
16,2014-01-13,4,-1
16,2014-01-13,5,-1
16,2014-01-13,6,-1
16,2014-01-13,7,1
16,2014-01-13,8,0
16,2014-01-13,9,-1
16,2014-01-13,10,-1
16,2014-01-13,11,1
16,2014-01-13,12,-1
16,2014-01-13,13,1
16,2014-01-13,14,-1
16,2014-01-13,15,-1
16,2014-01-13,16,-1
16,2014-01-13,17,1
16,2014-01-13,18,-1
16,2014-01-13,19,1
16,2014-01-13,20,1
16,2014-01-13,21,-1
16,2014-01-13,22,-1
16,2014-01-13,23,-1
16,2014-01-14,0,-1
16,2014-01-14,1,-1
16,2014-01-14,2,-1
16,2014-01-14,3,-1
16,2014-01-14,4,-1
16,2014-01-14,5,-1
16,2014-01-14,6,-1
16,2014-01-14,7,1
16,2014-01-14,8,-1
16,2014-01-14,9,-1
16,2014-01-14,10,-1
16,2014-01-14,11,1
16,2014-01-14,12,0
16,2014-01-14,13,1
16,2014-01-14,14,-1
16,2014-01-14,15,-1
16,2014-01-14,16,-1
16,2014-01-14,17,1
16,2014-01-14,18,-1
16,2014-01-14,19,1
16,2014-01-14,20,-1
16,2014-01-14,21,1
16,2014-01-14,22,-1
16,2014-01-14,23,-1
16,2014-01-15,0,-1
16,2014-01-15,1,-1
16,2014-01-15,2,-1
16,2014-01-15,3,-1
16,2014-01-15,4,-1
16,2014-01-15,5,-1
16,2014-01-15,6,-1
16,2014-01-15,7,1
16,2014-01-15,8,-1
16,2014-01-15,9,-1
16,2014-01-15,10,-1
16,2014-01-15,11,1
16,2014-01-15,12,-1
16,2014-01-15,13,1
16,2014-01-15,14,-1
16,2014-01-15,15,-1
16,2014-01-15,16,-1
16,2014-01-15,17,1
16,2014-01-15,18,-1
16,2014-01-15,19,1
16,2014-01-15,20,1
16,2014-01-15,21,-1
16,2014-01-15,22,-1
16,2014-01-15,23,-1
16,2014-01-16,0,-1
16,2014-01-16,1,-1
16,2014-01-16,2,-1
16,2014-01-16,3,-1
16,2014-01-16,4,-1
16,2014-01-16,5,-1
16,2014-01-16,6,1
16,2014-01-16,7,1
16,2014-01-16,8,-1
16,2014-01-16,9,-1
16,2014-01-16,10,-1
16,2014-01-16,11,-1
16,2014-01-16,12,1
16,2014-01-16,13,1
16,2014-01-16,14,0
16,2014-01-16,15,-1
16,2014-01-16,16,-1
16,2014-01-16,17,1
16,2014-01-16,18,-1
16,2014-01-16,19,1
16,2014-01-16,20,1
16,2014-01-16,21,0
16,2014-01-16,22,-1
16,2014-01-16,23,-1
16,2014-01-17,0,-1
16,2014-01-17,1,-1
16,2014-01-17,2,-1
16,2014-01-17,3,-1
16,2014-01-17,4,-1
16,2014-01-17,5,-1
16,2014-01-17,6,-1
16,2014-01-17,7,1
16,2014-01-17,8,0
16,2014-01-17,9,-1
16,2014-01-17,10,-1
16,2014-01-17,11,1
16,2014-01-17,12,0
16,2014-01-17,13,1
16,2014-01-17,14,0
16,2014-01-17,15,-1
16,2014-01-17,16,-1
16,2014-01-17,17,1
16,2014-01-17,18,-1
16,2014-01-17,19,1
16,2014-01-17,20,1
16,2014-01-17,21,-1
16,2014-01-17,22,-1
16,2014-01-17,23,-1
16,2014-01-18,0,-1
16,2014-01-18,1,-1
16,2014-01-18,2,-1
16,2014-01-18,3,-1
16,2014-01-18,4,-1
16,2014-01-18,5,-1
16,2014-01-18,6,-1
16,2014-01-18,7,-1
16,2014-01-18,8,-1
16,2014-01-18,9,-1
16,2014-01-18,10,-1
16,2014-01-18,11,-1
16,2014-01-18,12,-1
16,2014-01-18,13,-1
16,2014-01-18,14,-1
16,2014-01-18,15,-1
16,2014-01-18,16,-1
16,2014-01-18,17,-1
16,2014-01-18,18,1
16,2014-01-18,19,-1
16,2014-01-18,20,1
16,2014-01-18,21,-1
16,2014-01-18,22,-1
16,2014-01-18,23,-1
16,2014-01-19,0,-1
16,2014-01-19,1,-1
16,2014-01-19,2,-1
16,2014-01-19,3,-1
16,2014-01-19,4,-1
16,2014-01-19,5,-1
16,2014-01-19,6,-1
16,2014-01-19,7,-1
16,2014-01-19,8,-1
16,2014-01-19,9,-1
16,2014-01-19,10,-1
16,2014-01-19,11,-1
16,2014-01-19,12,1
16,2014-01-19,13,1
16,2014-01-19,14,-1
16,2014-01-19,15,1
16,2014-01-19,16,-1
16,2014-01-19,17,-1
16,2014-01-19,18,1
16,2014-01-19,19,-1
16,2014-01-19,20,1
16,2014-01-19,21,-1
16,2014-01-19,22,-1
16,2014-01-19,23,-1
17,2014-01-06,0,-1
17,2014-01-06,1,-1
17,2014-01-06,2,-1
17,2014-01-06,3,-1
17,2014-01-06,4,-1
17,2014-01-06,5,-1
17,2014-01-06,6,-1
17,2014-01-06,7,1
17,2014-01-06,8,-1
17,2014-01-06,9,-1
17,2014-01-06,10,-1
17,2014-01-06,11,-1
17,2014-01-06,12,1
17,2014-01-06,13,1
17,2014-01-06,14,-1
17,2014-01-06,15,-1
17,2014-01-06,16,-1
17,2014-01-06,17,1
17,2014-01-06,18,1
17,2014-01-06,19,1
17,2014-01-06,20,-1
17,2014-01-06,21,-1
17,2014-01-06,22,-1
17,2014-01-06,23,-1
17,2014-01-07,0,-1
17,2014-01-07,1,-1
17,2014-01-07,2,-1
17,2014-01-07,3,-1
17,2014-01-07,4,-1
17,2014-01-07,5,-1
17,2014-01-07,6,1
17,2014-01-07,7,1
17,2014-01-07,8,-1
17,2014-01-07,9,-1
17,2014-01-07,10,-1
17,2014-01-07,11,-1
17,2014-01-07,12,1
17,2014-01-07,13,1
17,2014-01-07,14,-1
17,2014-01-07,15,-1
17,2014-01-07,16,-1
17,2014-01-07,17,1
17,2014-01-07,18,1
17,2014-01-07,19,-1
17,2014-01-07,20,1
17,2014-01-07,21,-1
17,2014-01-07,22,-1
17,2014-01-07,23,-1
17,2014-01-08,0,-1
17,2014-01-08,1,-1
17,2014-01-08,2,-1
17,2014-01-08,3,-1
17,2014-01-08,4,-1
17,2014-01-08,5,-1
17,2014-01-08,6,-1
17,2014-01-08,7,1
17,2014-01-08,8,1
17,2014-01-08,9,-1
17,2014-01-08,10,-1
17,2014-01-08,11,-1
17,2014-01-08,12,1
17,2014-01-08,13,1
17,2014-01-08,14,-1
17,2014-01-08,15,-1
17,2014-01-08,16,-1
17,2014-01-08,17,1
17,2014-01-08,18,-1
17,2014-01-08,19,1
17,2014-01-08,20,1
17,2014-01-08,21,-1
17,2014-01-08,22,-1
17,2014-01-08,23,-1
17,2014-01-09,0,-1
17,2014-01-09,1,-1
17,2014-01-09,2,-1
17,2014-01-09,3,-1
17,2014-01-09,4,-1
17,2014-01-09,5,-1
17,2014-01-09,6,-1
17,2014-01-09,7,1
17,2014-01-09,8,-1
17,2014-01-09,9,-1
17,2014-01-09,10,-1
17,2014-01-09,11,-1
17,2014-01-09,12,1
17,2014-01-09,13,1
17,2014-01-09,14,-1
17,2014-01-09,15,-1
17,2014-01-09,16,-1
17,2014-01-09,17,1
17,2014-01-09,18,-1
17,2014-01-09,19,1
17,2014-01-09,20,1
17,2014-01-09,21,-1
17,2014-01-09,22,-1
17,2014-01-09,23,-1
17,2014-01-10,0,-1
17,2014-01-10,1,-1
17,2014-01-10,2,-1
17,2014-01-10,3,-1
17,2014-01-10,4,-1
17,2014-01-10,5,-1
17,2014-01-10,6,-1
17,2014-01-10,7,1
17,2014-01-10,8,0
17,2014-01-10,9,-1
17,2014-01-10,10,-1
17,2014-01-10,11,-1
17,2014-01-10,12,1
17,2014-01-10,13,1
17,2014-01-10,14,-1
17,2014-01-10,15,-1
17,2014-01-10,16,-1
17,2014-01-10,17,1
17,2014-01-10,18,1
17,2014-01-10,19,-1
17,2014-01-10,20,1
17,2014-01-10,21,-1
17,2014-01-10,22,-1
17,2014-01-10,23,-1
17,2014-01-11,0,-1
17,2014-01-11,1,-1
17,2014-01-11,2,-1
17,2014-01-11,3,-1
17,2014-01-11,4,-1
17,2014-01-11,5,-1
17,2014-01-11,6,-1
17,2014-01-11,7,-1
17,2014-01-11,8,-1
17,2014-01-11,9,-1
17,2014-01-11,10,-1
17,2014-01-11,11,-1
17,2014-01-11,12,-1
17,2014-01-11,13,-1
17,2014-01-11,14,-1
17,2014-01-11,15,-1
17,2014-01-11,16,-1
17,2014-01-11,17,-1
17,2014-01-11,18,1
17,2014-01-11,19,-1
17,2014-01-11,20,1
17,2014-01-11,21,-1
17,2014-01-11,22,-1
17,2014-01-11,23,-1
17,2014-01-12,0,-1
17,2014-01-12,1,-1
17,2014-01-12,2,-1
17,2014-01-12,3,-1
17,2014-01-12,4,-1
17,2014-01-12,5,-1
17,2014-01-12,6,-1
17,2014-01-12,7,-1
17,2014-01-12,8,-1
17,2014-01-12,9,-1
17,2014-01-12,10,-1
17,2014-01-12,11,-1
17,2014-01-12,12,-1
17,2014-01-12,13,-1
17,2014-01-12,14,-1
17,2014-01-12,15,-1
17,2014-01-12,16,-1
17,2014-01-12,17,-1
17,2014-01-12,18,1
17,2014-01-12,19,1
17,2014-01-12,20,-1
17,2014-01-12,21,-1
17,2014-01-12,22,-1
17,2014-01-12,23,-1
17,2014-01-13,0,-1
17,2014-01-13,1,-1
17,2014-01-13,2,-1
17,2014-01-13,3,-1
17,2014-01-13,4,-1
17,2014-01-13,5,-1
17,2014-01-13,6,-1
17,2014-01-13,7,1
17,2014-01-13,8,-1
17,2014-01-13,9,-1
17,2014-01-13,10,-1
17,2014-01-13,11,-1
17,2014-01-13,12,1
17,2014-01-13,13,1
17,2014-01-13,14,0
17,2014-01-13,15,-1
17,2014-01-13,16,-1
17,2014-01-13,17,1
17,2014-01-13,18,1
17,2014-01-13,19,-1
17,2014-01-13,20,1
17,2014-01-13,21,-1
17,2014-01-13,22,-1
17,2014-01-13,23,-1
17,2014-01-14,0,-1
17,2014-01-14,1,-1
17,2014-01-14,2,-1
17,2014-01-14,3,-1
17,2014-01-14,4,-1
17,2014-01-14,5,-1
17,2014-01-14,6,-1
17,2014-01-14,7,1
17,2014-01-14,8,-1
17,2014-01-14,9,-1
17,2014-01-14,10,-1
17,2014-01-14,11,-1
17,2014-01-14,12,1
17,2014-01-14,13,1
17,2014-01-14,14,-1
17,2014-01-14,15,-1
17,2014-01-14,16,-1
17,2014-01-14,17,1
17,2014-01-14,18,1
17,2014-01-14,19,-1
17,2014-01-14,20,1
17,2014-01-14,21,-1
17,2014-01-14,22,-1
17,2014-01-14,23,-1
17,2014-01-15,0,-1
17,2014-01-15,1,-1
17,2014-01-15,2,-1
17,2014-01-15,3,-1
17,2014-01-15,4,-1
17,2014-01-15,5,-1
17,2014-01-15,6,1
17,2014-01-15,7,1
17,2014-01-15,8,-1
17,2014-01-15,9,-1
17,2014-01-15,10,-1
17,2014-01-15,11,-1
17,2014-01-15,12,1
17,2014-01-15,13,1
17,2014-01-15,14,-1
17,2014-01-15,15,-1
17,2014-01-15,16,-1
17,2014-01-15,17,1
17,2014-01-15,18,1
17,2014-01-15,19,-1
17,2014-01-15,20,1
17,2014-01-15,21,0
17,2014-01-15,22,-1
17,2014-01-15,23,-1
17,2014-01-16,0,-1
17,2014-01-16,1,-1
17,2014-01-16,2,-1
17,2014-01-16,3,-1
17,2014-01-16,4,-1
17,2014-01-16,5,-1
17,2014-01-16,6,-1
17,2014-01-16,7,1
17,2014-01-16,8,-1
17,2014-01-16,9,-1
17,2014-01-16,10,-1
17,2014-01-16,11,-1
17,2014-01-16,12,1
17,2014-01-16,13,1
17,2014-01-16,14,-1
17,2014-01-16,15,-1
17,2014-01-16,16,-1
17,2014-01-16,17,1
17,2014-01-16,18,1
17,2014-01-16,19,1
17,2014-01-16,20,-1
17,2014-01-16,21,-1
17,2014-01-16,22,-1
17,2014-01-16,23,-1
17,2014-01-17,0,-1
17,2014-01-17,1,-1
17,2014-01-17,2,-1
17,2014-01-17,3,-1
17,2014-01-17,4,-1
17,2014-01-17,5,-1
17,2014-01-17,6,-1
17,2014-01-17,7,1
17,2014-01-17,8,-1
17,2014-01-17,9,-1
17,2014-01-17,10,-1
17,2014-01-17,11,-1
17,2014-01-17,12,-1
17,2014-01-17,13,-1
17,2014-01-17,14,-1
17,2014-01-17,15,-1
17,2014-01-17,16,-1
17,2014-01-17,17,1
17,2014-01-17,18,-1
17,2014-01-17,19,1
17,2014-01-17,20,1
17,2014-01-17,21,-1
17,2014-01-17,22,-1
17,2014-01-17,23,-1
17,2014-01-18,0,-1
17,2014-01-18,1,-1
17,2014-01-18,2,-1
17,2014-01-18,3,-1
17,2014-01-18,4,-1
17,2014-01-18,5,-1
17,2014-01-18,6,-1
17,2014-01-18,7,-1
17,2014-01-18,8,-1
17,2014-01-18,9,-1
17,2014-01-18,10,-1
17,2014-01-18,11,-1
17,2014-01-18,12,1
17,2014-01-18,13,1
17,2014-01-18,14,-1
17,2014-01-18,15,-1
17,2014-01-18,16,-1
17,2014-01-18,17,-1
17,2014-01-18,18,1
17,2014-01-18,19,-1
17,2014-01-18,20,-1
17,2014-01-18,21,-1
17,2014-01-18,22,-1
17,2014-01-18,23,-1
17,2014-01-19,0,-1
17,2014-01-19,1,-1
17,2014-01-19,2,-1
17,2014-01-19,3,-1
17,2014-01-19,4,-1
17,2014-01-19,5,-1
17,2014-01-19,6,-1
17,2014-01-19,7,-1
17,2014-01-19,8,-1
17,2014-01-19,9,-1
17,2014-01-19,10,-1
17,2014-01-19,11,-1
17,2014-01-19,12,1
17,2014-01-19,13,-1
17,2014-01-19,14,1
17,2014-01-19,15,-1
17,2014-01-19,16,-1
17,2014-01-19,17,-1
17,2014-01-19,18,1
17,2014-01-19,19,1
17,2014-01-19,20,-1
17,2014-01-19,21,-1
17,2014-01-19,22,-1
17,2014-01-19,23,-1
18,2014-01-06,0,-1
18,2014-01-06,1,-1
18,2014-01-06,2,-1
18,2014-01-06,3,-1
18,2014-01-06,4,-1
18,2014-01-06,5,-1
18,2014-01-06,6,-1
18,2014-01-06,7,1
18,2014-01-06,8,-1
18,2014-01-06,9,-1
18,2014-01-06,10,-1
18,2014-01-06,11,-1
18,2014-01-06,12,1
18,2014-01-06,13,1
18,2014-01-06,14,0
18,2014-01-06,15,-1
18,2014-01-06,16,-1
18,2014-01-06,17,1
18,2014-01-06,18,1
18,2014-01-06,19,-1
18,2014-01-06,20,-1
18,2014-01-06,21,1
18,2014-01-06,22,-1
18,2014-01-06,23,-1
18,2014-01-07,0,-1
18,2014-01-07,1,-1
18,2014-01-07,2,-1
18,2014-01-07,3,-1
18,2014-01-07,4,-1
18,2014-01-07,5,-1
18,2014-01-07,6,-1
18,2014-01-07,7,1
18,2014-01-07,8,0
18,2014-01-07,9,-1
18,2014-01-07,10,-1
18,2014-01-07,11,-1
18,2014-01-07,12,1
18,2014-01-07,13,-1
18,2014-01-07,14,1
18,2014-01-07,15,-1
18,2014-01-07,16,-1
18,2014-01-07,17,1
18,2014-01-07,18,1
18,2014-01-07,19,-1
18,2014-01-07,20,1
18,2014-01-07,21,-1
18,2014-01-07,22,-1
18,2014-01-07,23,-1
18,2014-01-08,0,-1
18,2014-01-08,1,-1
18,2014-01-08,2,-1
18,2014-01-08,3,-1
18,2014-01-08,4,-1
18,2014-01-08,5,-1
18,2014-01-08,6,-1
18,2014-01-08,7,1
18,2014-01-08,8,-1
18,2014-01-08,9,-1
18,2014-01-08,10,-1
18,2014-01-08,11,-1
18,2014-01-08,12,1
18,2014-01-08,13,1
18,2014-01-08,14,0
18,2014-01-08,15,-1
18,2014-01-08,16,-1
18,2014-01-08,17,1
18,2014-01-08,18,-1
18,2014-01-08,19,-1
18,2014-01-08,20,-1
18,2014-01-08,21,-1
18,2014-01-08,22,-1
18,2014-01-08,23,-1
18,2014-01-09,0,-1
18,2014-01-09,1,-1
18,2014-01-09,2,-1
18,2014-01-09,3,-1
18,2014-01-09,4,-1
18,2014-01-09,5,-1
18,2014-01-09,6,-1
18,2014-01-09,7,1
18,2014-01-09,8,1
18,2014-01-09,9,-1
18,2014-01-09,10,-1
18,2014-01-09,11,-1
18,2014-01-09,12,1
18,2014-01-09,13,1
18,2014-01-09,14,-1
18,2014-01-09,15,-1
18,2014-01-09,16,-1
18,2014-01-09,17,1
18,2014-01-09,18,-1
18,2014-01-09,19,1
18,2014-01-09,20,1
18,2014-01-09,21,0
18,2014-01-09,22,-1
18,2014-01-09,23,-1
18,2014-01-10,0,-1
18,2014-01-10,1,-1
18,2014-01-10,2,-1
18,2014-01-10,3,-1
18,2014-01-10,4,-1
18,2014-01-10,5,-1
18,2014-01-10,6,-1
18,2014-01-10,7,1
18,2014-01-10,8,-1
18,2014-01-10,9,-1
18,2014-01-10,10,-1
18,2014-01-10,11,-1
18,2014-01-10,12,1
18,2014-01-10,13,-1
18,2014-01-10,14,1
18,2014-01-10,15,-1
18,2014-01-10,16,-1
18,2014-01-10,17,1
18,2014-01-10,18,-1
18,2014-01-10,19,1
18,2014-01-10,20,-1
18,2014-01-10,21,-1
18,2014-01-10,22,1
18,2014-01-10,23,-1
18,2014-01-11,0,-1
18,2014-01-11,1,-1
18,2014-01-11,2,-1
18,2014-01-11,3,-1
18,2014-01-11,4,-1
18,2014-01-11,5,-1
18,2014-01-11,6,-1
18,2014-01-11,7,-1
18,2014-01-11,8,-1
18,2014-01-11,9,-1
18,2014-01-11,10,-1
18,2014-01-11,11,-1
18,2014-01-11,12,1
18,2014-01-11,13,1
18,2014-01-11,14,-1
18,2014-01-11,15,1
18,2014-01-11,16,-1
18,2014-01-11,17,-1
18,2014-01-11,18,1
18,2014-01-11,19,1
18,2014-01-11,20,-1
18,2014-01-11,21,-1
18,2014-01-11,22,-1
18,2014-01-11,23,-1
18,2014-01-12,0,-1
18,2014-01-12,1,-1
18,2014-01-12,2,-1
18,2014-01-12,3,-1
18,2014-01-12,4,-1
18,2014-01-12,5,-1
18,2014-01-12,6,-1
18,2014-01-12,7,-1
18,2014-01-12,8,-1
18,2014-01-12,9,-1
18,2014-01-12,10,-1
18,2014-01-12,11,-1
18,2014-01-12,12,-1
18,2014-01-12,13,-1
18,2014-01-12,14,-1
18,2014-01-12,15,-1
18,2014-01-12,16,-1
18,2014-01-12,17,-1
18,2014-01-12,18,-1
18,2014-01-12,19,-1
18,2014-01-12,20,-1
18,2014-01-12,21,-1
18,2014-01-12,22,-1
18,2014-01-12,23,-1
18,2014-01-13,0,-1
18,2014-01-13,1,-1
18,2014-01-13,2,-1
18,2014-01-13,3,-1
18,2014-01-13,4,-1
18,2014-01-13,5,-1
18,2014-01-13,6,-1
18,2014-01-13,7,1
18,2014-01-13,8,-1
18,2014-01-13,9,-1
18,2014-01-13,10,-1
18,2014-01-13,11,-1
18,2014-01-13,12,1
18,2014-01-13,13,-1
18,2014-01-13,14,1
18,2014-01-13,15,-1
18,2014-01-13,16,-1
18,2014-01-13,17,1
18,2014-01-13,18,-1
18,2014-01-13,19,-1
18,2014-01-13,20,-1
18,2014-01-13,21,-1
18,2014-01-13,22,-1
18,2014-01-13,23,-1
18,2014-01-14,0,-1
18,2014-01-14,1,-1
18,2014-01-14,2,-1
18,2014-01-14,3,-1
18,2014-01-14,4,-1
18,2014-01-14,5,-1
18,2014-01-14,6,-1
18,2014-01-14,7,1
18,2014-01-14,8,0
18,2014-01-14,9,-1
18,2014-01-14,10,-1
18,2014-01-14,11,-1
18,2014-01-14,12,1
18,2014-01-14,13,1
18,2014-01-14,14,-1
18,2014-01-14,15,-1
18,2014-01-14,16,-1
18,2014-01-14,17,1
18,2014-01-14,18,-1
18,2014-01-14,19,1
18,2014-01-14,20,-1
18,2014-01-14,21,1
18,2014-01-14,22,-1
18,2014-01-14,23,-1
18,2014-01-15,0,-1
18,2014-01-15,1,-1
18,2014-01-15,2,-1
18,2014-01-15,3,-1
18,2014-01-15,4,-1
18,2014-01-15,5,-1
18,2014-01-15,6,1
18,2014-01-15,7,1
18,2014-01-15,8,-1
18,2014-01-15,9,-1
18,2014-01-15,10,-1
18,2014-01-15,11,-1
18,2014-01-15,12,1
18,2014-01-15,13,-1
18,2014-01-15,14,1
18,2014-01-15,15,-1
18,2014-01-15,16,-1
18,2014-01-15,17,1
18,2014-01-15,18,1
18,2014-01-15,19,-1
18,2014-01-15,20,1
18,2014-01-15,21,-1
18,2014-01-15,22,-1
18,2014-01-15,23,-1
18,2014-01-16,0,-1
18,2014-01-16,1,-1
18,2014-01-16,2,-1
18,2014-01-16,3,-1
18,2014-01-16,4,-1
18,2014-01-16,5,-1
18,2014-01-16,6,-1
18,2014-01-16,7,1
18,2014-01-16,8,1
18,2014-01-16,9,-1
18,2014-01-16,10,-1
18,2014-01-16,11,-1
18,2014-01-16,12,1
18,2014-01-16,13,1
18,2014-01-16,14,0
18,2014-01-16,15,-1
18,2014-01-16,16,-1
18,2014-01-16,17,1
18,2014-01-16,18,1
18,2014-01-16,19,-1
18,2014-01-16,20,1
18,2014-01-16,21,-1
18,2014-01-16,22,-1
18,2014-01-16,23,-1
18,2014-01-17,0,-1
18,2014-01-17,1,-1
18,2014-01-17,2,-1
18,2014-01-17,3,-1
18,2014-01-17,4,-1
18,2014-01-17,5,-1
18,2014-01-17,6,-1
18,2014-01-17,7,1
18,2014-01-17,8,-1
18,2014-01-17,9,-1
18,2014-01-17,10,-1
18,2014-01-17,11,-1
18,2014-01-17,12,1
18,2014-01-17,13,1
18,2014-01-17,14,0
18,2014-01-17,15,-1
18,2014-01-17,16,-1
18,2014-01-17,17,1
18,2014-01-17,18,-1
18,2014-01-17,19,1
18,2014-01-17,20,1
18,2014-01-17,21,-1
18,2014-01-17,22,-1
18,2014-01-17,23,-1
18,2014-01-18,0,-1
18,2014-01-18,1,-1
18,2014-01-18,2,-1
18,2014-01-18,3,-1
18,2014-01-18,4,-1
18,2014-01-18,5,-1
18,2014-01-18,6,-1
18,2014-01-18,7,-1
18,2014-01-18,8,-1
18,2014-01-18,9,-1
18,2014-01-18,10,-1
18,2014-01-18,11,-1
18,2014-01-18,12,-1
18,2014-01-18,13,1
18,2014-01-18,14,1
18,2014-01-18,15,-1
18,2014-01-18,16,-1
18,2014-01-18,17,-1
18,2014-01-18,18,1
18,2014-01-18,19,1
18,2014-01-18,20,-1
18,2014-01-18,21,-1
18,2014-01-18,22,-1
18,2014-01-18,23,-1
18,2014-01-19,0,-1
18,2014-01-19,1,-1
18,2014-01-19,2,-1
18,2014-01-19,3,-1
18,2014-01-19,4,-1
18,2014-01-19,5,-1
18,2014-01-19,6,-1
18,2014-01-19,7,-1
18,2014-01-19,8,-1
18,2014-01-19,9,-1
18,2014-01-19,10,-1
18,2014-01-19,11,-1
18,2014-01-19,12,-1
18,2014-01-19,13,-1
18,2014-01-19,14,-1
18,2014-01-19,15,-1
18,2014-01-19,16,-1
18,2014-01-19,17,-1
18,2014-01-19,18,1
18,2014-01-19,19,-1
18,2014-01-19,20,1
18,2014-01-19,21,-1
18,2014-01-19,22,-1
18,2014-01-19,23,-1
19,2014-01-06,0,-1
19,2014-01-06,1,-1
19,2014-01-06,2,-1
19,2014-01-06,3,-1
19,2014-01-06,4,-1
19,2014-01-06,5,-1
19,2014-01-06,6,0
19,2014-01-06,7,1
19,2014-01-06,8,0
19,2014-01-06,9,-1
19,2014-01-06,10,-1
19,2014-01-06,11,1
19,2014-01-06,12,0
19,2014-01-06,13,1
19,2014-01-06,14,-1
19,2014-01-06,15,-1
19,2014-01-06,16,-1
19,2014-01-06,17,1
19,2014-01-06,18,-1
19,2014-01-06,19,1
19,2014-01-06,20,1
19,2014-01-06,21,-1
19,2014-01-06,22,-1
19,2014-01-06,23,-1
19,2014-01-07,0,-1
19,2014-01-07,1,-1
19,2014-01-07,2,-1
19,2014-01-07,3,-1
19,2014-01-07,4,-1
19,2014-01-07,5,-1
19,2014-01-07,6,-1
19,2014-01-07,7,1
19,2014-01-07,8,0
19,2014-01-07,9,-1
19,2014-01-07,10,-1
19,2014-01-07,11,-1
19,2014-01-07,12,1
19,2014-01-07,13,1
19,2014-01-07,14,-1
19,2014-01-07,15,-1
19,2014-01-07,16,-1
19,2014-01-07,17,1
19,2014-01-07,18,0
19,2014-01-07,19,1
19,2014-01-07,20,1
19,2014-01-07,21,-1
19,2014-01-07,22,-1
19,2014-01-07,23,-1
19,2014-01-08,0,-1
19,2014-01-08,1,-1
19,2014-01-08,2,-1
19,2014-01-08,3,-1
19,2014-01-08,4,-1
19,2014-01-08,5,-1
19,2014-01-08,6,-1
19,2014-01-08,7,1
19,2014-01-08,8,0
19,2014-01-08,9,-1
19,2014-01-08,10,-1
19,2014-01-08,11,-1
19,2014-01-08,12,1
19,2014-01-08,13,1
19,2014-01-08,14,-1
19,2014-01-08,15,-1
19,2014-01-08,16,-1
19,2014-01-08,17,1
19,2014-01-08,18,-1
19,2014-01-08,19,1
19,2014-01-08,20,1
19,2014-01-08,21,-1
19,2014-01-08,22,-1
19,2014-01-08,23,-1
19,2014-01-09,0,-1
19,2014-01-09,1,-1
19,2014-01-09,2,-1
19,2014-01-09,3,-1
19,2014-01-09,4,-1
19,2014-01-09,5,-1
19,2014-01-09,6,-1
19,2014-01-09,7,1
19,2014-01-09,8,-1
19,2014-01-09,9,-1
19,2014-01-09,10,-1
19,2014-01-09,11,1
19,2014-01-09,12,0
19,2014-01-09,13,1
19,2014-01-09,14,-1
19,2014-01-09,15,-1
19,2014-01-09,16,-1
19,2014-01-09,17,1
19,2014-01-09,18,0
19,2014-01-09,19,1
19,2014-01-09,20,-1
19,2014-01-09,21,1
19,2014-01-09,22,-1
19,2014-01-09,23,-1
19,2014-01-10,0,-1
19,2014-01-10,1,-1
19,2014-01-10,2,-1
19,2014-01-10,3,-1
19,2014-01-10,4,-1
19,2014-01-10,5,-1
19,2014-01-10,6,-1
19,2014-01-10,7,1
19,2014-01-10,8,0
19,2014-01-10,9,-1
19,2014-01-10,10,-1
19,2014-01-10,11,1
19,2014-01-10,12,-1
19,2014-01-10,13,1
19,2014-01-10,14,-1
19,2014-01-10,15,-1
19,2014-01-10,16,-1
19,2014-01-10,17,1
19,2014-01-10,18,-1
19,2014-01-10,19,1
19,2014-01-10,20,1
19,2014-01-10,21,-1
19,2014-01-10,22,-1
19,2014-01-10,23,1
19,2014-01-11,0,1
19,2014-01-11,1,-1
19,2014-01-11,2,-1
19,2014-01-11,3,-1
19,2014-01-11,4,-1
19,2014-01-11,5,-1
19,2014-01-11,6,-1
19,2014-01-11,7,-1
19,2014-01-11,8,-1
19,2014-01-11,9,-1
19,2014-01-11,10,-1
19,2014-01-11,11,-1
19,2014-01-11,12,1
19,2014-01-11,13,1
19,2014-01-11,14,-1
19,2014-01-11,15,-1
19,2014-01-11,16,-1
19,2014-01-11,17,-1
19,2014-01-11,18,-1
19,2014-01-11,19,-1
19,2014-01-11,20,-1
19,2014-01-11,21,-1
19,2014-01-11,22,-1
19,2014-01-11,23,-1
19,2014-01-12,0,-1
19,2014-01-12,1,-1
19,2014-01-12,2,-1
19,2014-01-12,3,-1
19,2014-01-12,4,-1
19,2014-01-12,5,-1
19,2014-01-12,6,-1
19,2014-01-12,7,-1
19,2014-01-12,8,-1
19,2014-01-12,9,-1
19,2014-01-12,10,-1
19,2014-01-12,11,-1
19,2014-01-12,12,-1
19,2014-01-12,13,-1
19,2014-01-12,14,-1
19,2014-01-12,15,-1
19,2014-01-12,16,-1
19,2014-01-12,17,-1
19,2014-01-12,18,1
19,2014-01-12,19,1
19,2014-01-12,20,-1
19,2014-01-12,21,-1
19,2014-01-12,22,-1
19,2014-01-12,23,-1
19,2014-01-13,0,-1
19,2014-01-13,1,-1
19,2014-01-13,2,-1
19,2014-01-13,3,-1
19,2014-01-13,4,-1
19,2014-01-13,5,-1
19,2014-01-13,6,-1
19,2014-01-13,7,1
19,2014-01-13,8,0
19,2014-01-13,9,-1
19,2014-01-13,10,-1
19,2014-01-13,11,1
19,2014-01-13,12,0
19,2014-01-13,13,1
19,2014-01-13,14,-1
19,2014-01-13,15,-1
19,2014-01-13,16,-1
19,2014-01-13,17,1
19,2014-01-13,18,-1
19,2014-01-13,19,-1
19,2014-01-13,20,-1
19,2014-01-13,21,-1
19,2014-01-13,22,-1
19,2014-01-13,23,-1
19,2014-01-14,0,-1
19,2014-01-14,1,-1
19,2014-01-14,2,-1
19,2014-01-14,3,-1
19,2014-01-14,4,-1
19,2014-01-14,5,-1
19,2014-01-14,6,-1
19,2014-01-14,7,1
19,2014-01-14,8,0
19,2014-01-14,9,-1
19,2014-01-14,10,-1
19,2014-01-14,11,-1
19,2014-01-14,12,1
19,2014-01-14,13,1
19,2014-01-14,14,-1
19,2014-01-14,15,-1
19,2014-01-14,16,-1
19,2014-01-14,17,1
19,2014-01-14,18,-1
19,2014-01-14,19,1
19,2014-01-14,20,-1
19,2014-01-14,21,1
19,2014-01-14,22,-1
19,2014-01-14,23,-1
19,2014-01-15,0,-1
19,2014-01-15,1,-1
19,2014-01-15,2,-1
19,2014-01-15,3,-1
19,2014-01-15,4,-1
19,2014-01-15,5,-1
19,2014-01-15,6,-1
19,2014-01-15,7,1
19,2014-01-15,8,0
19,2014-01-15,9,-1
19,2014-01-15,10,-1
19,2014-01-15,11,-1
19,2014-01-15,12,1
19,2014-01-15,13,1
19,2014-01-15,14,-1
19,2014-01-15,15,-1
19,2014-01-15,16,-1
19,2014-01-15,17,1
19,2014-01-15,18,-1
19,2014-01-15,19,1
19,2014-01-15,20,-1
19,2014-01-15,21,1
19,2014-01-15,22,-1
19,2014-01-15,23,-1
19,2014-01-16,0,-1
19,2014-01-16,1,-1
19,2014-01-16,2,-1
19,2014-01-16,3,-1
19,2014-01-16,4,-1
19,2014-01-16,5,-1
19,2014-01-16,6,-1
19,2014-01-16,7,1
19,2014-01-16,8,0
19,2014-01-16,9,-1
19,2014-01-16,10,-1
19,2014-01-16,11,1
19,2014-01-16,12,-1
19,2014-01-16,13,1
19,2014-01-16,14,-1
19,2014-01-16,15,-1
19,2014-01-16,16,-1
19,2014-01-16,17,1
19,2014-01-16,18,-1
19,2014-01-16,19,1
19,2014-01-16,20,1
19,2014-01-16,21,-1
19,2014-01-16,22,-1
19,2014-01-16,23,-1
19,2014-01-17,0,-1
19,2014-01-17,1,-1
19,2014-01-17,2,-1
19,2014-01-17,3,-1
19,2014-01-17,4,-1
19,2014-01-17,5,-1
19,2014-01-17,6,-1
19,2014-01-17,7,1
19,2014-01-17,8,0
19,2014-01-17,9,-1
19,2014-01-17,10,-1
19,2014-01-17,11,1
19,2014-01-17,12,0
19,2014-01-17,13,1
19,2014-01-17,14,-1
19,2014-01-17,15,-1
19,2014-01-17,16,-1
19,2014-01-17,17,1
19,2014-01-17,18,-1
19,2014-01-17,19,-1
19,2014-01-17,20,-1
19,2014-01-17,21,-1
19,2014-01-17,22,-1
19,2014-01-17,23,-1
19,2014-01-18,0,-1
19,2014-01-18,1,-1
19,2014-01-18,2,-1
19,2014-01-18,3,-1
19,2014-01-18,4,-1
19,2014-01-18,5,-1
19,2014-01-18,6,-1
19,2014-01-18,7,-1
19,2014-01-18,8,-1
19,2014-01-18,9,-1
19,2014-01-18,10,-1
19,2014-01-18,11,-1
19,2014-01-18,12,1
19,2014-01-18,13,1
19,2014-01-18,14,-1
19,2014-01-18,15,1
19,2014-01-18,16,-1
19,2014-01-18,17,-1
19,2014-01-18,18,1
19,2014-01-18,19,1
19,2014-01-18,20,-1
19,2014-01-18,21,-1
19,2014-01-18,22,-1
19,2014-01-18,23,-1
19,2014-01-19,0,-1
19,2014-01-19,1,-1
19,2014-01-19,2,-1
19,2014-01-19,3,-1
19,2014-01-19,4,-1
19,2014-01-19,5,-1
19,2014-01-19,6,-1
19,2014-01-19,7,-1
19,2014-01-19,8,-1
19,2014-01-19,9,-1
19,2014-01-19,10,-1
19,2014-01-19,11,-1
19,2014-01-19,12,1
19,2014-01-19,13,1
19,2014-01-19,14,-1
19,2014-01-19,15,1
19,2014-01-19,16,-1
19,2014-01-19,17,-1
19,2014-01-19,18,1
19,2014-01-19,19,1
19,2014-01-19,20,-1
19,2014-01-19,21,-1
19,2014-01-19,22,-1
19,2014-01-19,23,-1
20,2014-01-06,0,-1
20,2014-01-06,1,-1
20,2014-01-06,2,-1
20,2014-01-06,3,-1
20,2014-01-06,4,-1
20,2014-01-06,5,-1
20,2014-01-06,6,-1
20,2014-01-06,7,1
20,2014-01-06,8,-1
20,2014-01-06,9,-1
20,2014-01-06,10,-1
20,2014-01-06,11,1
20,2014-01-06,12,-1
20,2014-01-06,13,1
20,2014-01-06,14,-1
20,2014-01-06,15,-1
20,2014-01-06,16,-1
20,2014-01-06,17,1
20,2014-01-06,18,1
20,2014-01-06,19,-1
20,2014-01-06,20,1
20,2014-01-06,21,-1
20,2014-01-06,22,-1
20,2014-01-06,23,-1
20,2014-01-07,0,-1
20,2014-01-07,1,-1
20,2014-01-07,2,-1
20,2014-01-07,3,-1
20,2014-01-07,4,-1
20,2014-01-07,5,-1
20,2014-01-07,6,-1
20,2014-01-07,7,1
20,2014-01-07,8,-1
20,2014-01-07,9,-1
20,2014-01-07,10,-1
20,2014-01-07,11,1
20,2014-01-07,12,-1
20,2014-01-07,13,1
20,2014-01-07,14,-1
20,2014-01-07,15,-1
20,2014-01-07,16,-1
20,2014-01-07,17,1
20,2014-01-07,18,-1
20,2014-01-07,19,-1
20,2014-01-07,20,-1
20,2014-01-07,21,-1
20,2014-01-07,22,-1
20,2014-01-07,23,-1
20,2014-01-08,0,-1
20,2014-01-08,1,-1
20,2014-01-08,2,-1
20,2014-01-08,3,-1
20,2014-01-08,4,-1
20,2014-01-08,5,-1
20,2014-01-08,6,-1
20,2014-01-08,7,1
20,2014-01-08,8,0
20,2014-01-08,9,-1
20,2014-01-08,10,-1
20,2014-01-08,11,1
20,2014-01-08,12,0
20,2014-01-08,13,1
20,2014-01-08,14,0
20,2014-01-08,15,-1
20,2014-01-08,16,-1
20,2014-01-08,17,1
20,2014-01-08,18,-1
20,2014-01-08,19,-1
20,2014-01-08,20,-1
20,2014-01-08,21,-1
20,2014-01-08,22,-1
20,2014-01-08,23,-1
20,2014-01-09,0,-1
20,2014-01-09,1,-1
20,2014-01-09,2,-1
20,2014-01-09,3,-1
20,2014-01-09,4,-1
20,2014-01-09,5,-1
20,2014-01-09,6,-1
20,2014-01-09,7,1
20,2014-01-09,8,-1
20,2014-01-09,9,-1
20,2014-01-09,10,-1
20,2014-01-09,11,-1
20,2014-01-09,12,1
20,2014-01-09,13,1
20,2014-01-09,14,-1
20,2014-01-09,15,-1
20,2014-01-09,16,-1
20,2014-01-09,17,1
20,2014-01-09,18,1
20,2014-01-09,19,1
20,2014-01-09,20,0
20,2014-01-09,21,-1
20,2014-01-09,22,-1
20,2014-01-09,23,-1
20,2014-01-10,0,-1
20,2014-01-10,1,-1
20,2014-01-10,2,-1
20,2014-01-10,3,-1
20,2014-01-10,4,-1
20,2014-01-10,5,-1
20,2014-01-10,6,-1
20,2014-01-10,7,1
20,2014-01-10,8,-1
20,2014-01-10,9,-1
20,2014-01-10,10,-1
20,2014-01-10,11,-1
20,2014-01-10,12,1
20,2014-01-10,13,1
20,2014-01-10,14,-1
20,2014-01-10,15,-1
20,2014-01-10,16,-1
20,2014-01-10,17,1
20,2014-01-10,18,1
20,2014-01-10,19,1
20,2014-01-10,20,0
20,2014-01-10,21,-1
20,2014-01-10,22,-1
20,2014-01-10,23,-1
20,2014-01-11,0,-1
20,2014-01-11,1,-1
20,2014-01-11,2,-1
20,2014-01-11,3,-1
20,2014-01-11,4,-1
20,2014-01-11,5,-1
20,2014-01-11,6,-1
20,2014-01-11,7,-1
20,2014-01-11,8,-1
20,2014-01-11,9,-1
20,2014-01-11,10,-1
20,2014-01-11,11,-1
20,2014-01-11,12,-1
20,2014-01-11,13,-1
20,2014-01-11,14,-1
20,2014-01-11,15,-1
20,2014-01-11,16,-1
20,2014-01-11,17,-1
20,2014-01-11,18,1
20,2014-01-11,19,1
20,2014-01-11,20,-1
20,2014-01-11,21,-1
20,2014-01-11,22,-1
20,2014-01-11,23,-1
20,2014-01-12,0,-1
20,2014-01-12,1,-1
20,2014-01-12,2,-1
20,2014-01-12,3,-1
20,2014-01-12,4,-1
20,2014-01-12,5,-1
20,2014-01-12,6,-1
20,2014-01-12,7,-1
20,2014-01-12,8,-1
20,2014-01-12,9,-1
20,2014-01-12,10,-1
20,2014-01-12,11,-1
20,2014-01-12,12,-1
20,2014-01-12,13,-1
20,2014-01-12,14,-1
20,2014-01-12,15,-1
20,2014-01-12,16,-1
20,2014-01-12,17,-1
20,2014-01-12,18,1
20,2014-01-12,19,-1
20,2014-01-12,20,1
20,2014-01-12,21,-1
20,2014-01-12,22,-1
20,2014-01-12,23,-1
20,2014-01-13,0,-1
20,2014-01-13,1,-1
20,2014-01-13,2,-1
20,2014-01-13,3,-1
20,2014-01-13,4,-1
20,2014-01-13,5,-1
20,2014-01-13,6,-1
20,2014-01-13,7,1
20,2014-01-13,8,-1
20,2014-01-13,9,-1
20,2014-01-13,10,-1
20,2014-01-13,11,-1
20,2014-01-13,12,1
20,2014-01-13,13,1
20,2014-01-13,14,-1
20,2014-01-13,15,-1
20,2014-01-13,16,-1
20,2014-01-13,17,1
20,2014-01-13,18,-1
20,2014-01-13,19,-1
20,2014-01-13,20,-1
20,2014-01-13,21,-1
20,2014-01-13,22,-1
20,2014-01-13,23,-1
20,2014-01-14,0,-1
20,2014-01-14,1,-1
20,2014-01-14,2,-1
20,2014-01-14,3,-1
20,2014-01-14,4,-1
20,2014-01-14,5,-1
20,2014-01-14,6,-1
20,2014-01-14,7,1
20,2014-01-14,8,0
20,2014-01-14,9,-1
20,2014-01-14,10,-1
20,2014-01-14,11,-1
20,2014-01-14,12,1
20,2014-01-14,13,1
20,2014-01-14,14,1
20,2014-01-14,15,1
20,2014-01-14,16,1
20,2014-01-14,17,1
20,2014-01-14,18,1
20,2014-01-14,19,-1
20,2014-01-14,20,1
20,2014-01-14,21,-1
20,2014-01-14,22,-1
20,2014-01-14,23,-1
20,2014-01-15,0,-1
20,2014-01-15,1,-1
20,2014-01-15,2,-1
20,2014-01-15,3,-1
20,2014-01-15,4,-1
20,2014-01-15,5,-1
20,2014-01-15,6,-1
20,2014-01-15,7,1
20,2014-01-15,8,-1
20,2014-01-15,9,-1
20,2014-01-15,10,-1
20,2014-01-15,11,-1
20,2014-01-15,12,1
20,2014-01-15,13,1
20,2014-01-15,14,-1
20,2014-01-15,15,-1
20,2014-01-15,16,-1
20,2014-01-15,17,1
20,2014-01-15,18,-1
20,2014-01-15,19,1
20,2014-01-15,20,1
20,2014-01-15,21,-1
20,2014-01-15,22,-1
20,2014-01-15,23,-1
20,2014-01-16,0,-1
20,2014-01-16,1,-1
20,2014-01-16,2,-1
20,2014-01-16,3,-1
20,2014-01-16,4,-1
20,2014-01-16,5,-1
20,2014-01-16,6,-1
20,2014-01-16,7,1
20,2014-01-16,8,0
20,2014-01-16,9,-1
20,2014-01-16,10,-1
20,2014-01-16,11,-1
20,2014-01-16,12,1
20,2014-01-16,13,1
20,2014-01-16,14,-1
20,2014-01-16,15,-1
20,2014-01-16,16,-1
20,2014-01-16,17,1
20,2014-01-16,18,1
20,2014-01-16,19,-1
20,2014-01-16,20,1
20,2014-01-16,21,-1
20,2014-01-16,22,-1
20,2014-01-16,23,-1
20,2014-01-17,0,-1
20,2014-01-17,1,-1
20,2014-01-17,2,-1
20,2014-01-17,3,-1
20,2014-01-17,4,-1
20,2014-01-17,5,-1
20,2014-01-17,6,-1
20,2014-01-17,7,1
20,2014-01-17,8,1
20,2014-01-17,9,-1
20,2014-01-17,10,-1
20,2014-01-17,11,-1
20,2014-01-17,12,1
20,2014-01-17,13,1
20,2014-01-17,14,-1
20,2014-01-17,15,-1
20,2014-01-17,16,-1
20,2014-01-17,17,1
20,2014-01-17,18,1
20,2014-01-17,19,1
20,2014-01-17,20,-1
20,2014-01-17,21,-1
20,2014-01-17,22,-1
20,2014-01-17,23,-1
20,2014-01-18,0,-1
20,2014-01-18,1,-1
20,2014-01-18,2,-1
20,2014-01-18,3,-1
20,2014-01-18,4,-1
20,2014-01-18,5,-1
20,2014-01-18,6,-1
20,2014-01-18,7,-1
20,2014-01-18,8,-1
20,2014-01-18,9,-1
20,2014-01-18,10,-1
20,2014-01-18,11,-1
20,2014-01-18,12,-1
20,2014-01-18,13,-1
20,2014-01-18,14,-1
20,2014-01-18,15,-1
20,2014-01-18,16,-1
20,2014-01-18,17,-1
20,2014-01-18,18,1
20,2014-01-18,19,1
20,2014-01-18,20,-1
20,2014-01-18,21,-1
20,2014-01-18,22,-1
20,2014-01-18,23,-1
20,2014-01-19,0,-1
20,2014-01-19,1,-1
20,2014-01-19,2,-1
20,2014-01-19,3,-1
20,2014-01-19,4,-1
20,2014-01-19,5,-1
20,2014-01-19,6,-1
20,2014-01-19,7,-1
20,2014-01-19,8,-1
20,2014-01-19,9,-1
20,2014-01-19,10,-1
20,2014-01-19,11,-1
20,2014-01-19,12,-1
20,2014-01-19,13,-1
20,2014-01-19,14,-1
20,2014-01-19,15,-1
20,2014-01-19,16,-1
20,2014-01-19,17,-1
20,2014-01-19,18,1
20,2014-01-19,19,1
20,2014-01-19,20,-1
20,2014-01-19,21,-1
20,2014-01-19,22,-1
20,2014-01-19,23,-1
21,2014-01-06,0,-1
21,2014-01-06,1,-1
21,2014-01-06,2,-1
21,2014-01-06,3,-1
21,2014-01-06,4,-1
21,2014-01-06,5,-1
21,2014-01-06,6,-1
21,2014-01-06,7,1
21,2014-01-06,8,0
21,2014-01-06,9,-1
21,2014-01-06,10,-1
21,2014-01-06,11,-1
21,2014-01-06,12,1
21,2014-01-06,13,1
21,2014-01-06,14,0
21,2014-01-06,15,-1
21,2014-01-06,16,-1
21,2014-01-06,17,1
21,2014-01-06,18,-1
21,2014-01-06,19,1
21,2014-01-06,20,1
21,2014-01-06,21,-1
21,2014-01-06,22,-1
21,2014-01-06,23,-1
21,2014-01-07,0,-1
21,2014-01-07,1,-1
21,2014-01-07,2,-1
21,2014-01-07,3,-1
21,2014-01-07,4,-1
21,2014-01-07,5,-1
21,2014-01-07,6,-1
21,2014-01-07,7,1
21,2014-01-07,8,1
21,2014-01-07,9,-1
21,2014-01-07,10,-1
21,2014-01-07,11,-1
21,2014-01-07,12,1
21,2014-01-07,13,1
21,2014-01-07,14,-1
21,2014-01-07,15,-1
21,2014-01-07,16,-1
21,2014-01-07,17,1
21,2014-01-07,18,-1
21,2014-01-07,19,1
21,2014-01-07,20,-1
21,2014-01-07,21,1
21,2014-01-07,22,-1
21,2014-01-07,23,-1
21,2014-01-08,0,-1
21,2014-01-08,1,-1
21,2014-01-08,2,-1
21,2014-01-08,3,-1
21,2014-01-08,4,-1
21,2014-01-08,5,-1
21,2014-01-08,6,-1
21,2014-01-08,7,1
21,2014-01-08,8,-1
21,2014-01-08,9,-1
21,2014-01-08,10,-1
21,2014-01-08,11,1
21,2014-01-08,12,1
21,2014-01-08,13,1
21,2014-01-08,14,-1
21,2014-01-08,15,-1
21,2014-01-08,16,-1
21,2014-01-08,17,1
21,2014-01-08,18,-1
21,2014-01-08,19,-1
21,2014-01-08,20,-1
21,2014-01-08,21,-1
21,2014-01-08,22,-1
21,2014-01-08,23,-1
21,2014-01-09,0,-1
21,2014-01-09,1,-1
21,2014-01-09,2,-1
21,2014-01-09,3,-1
21,2014-01-09,4,-1
21,2014-01-09,5,-1
21,2014-01-09,6,-1
21,2014-01-09,7,1
21,2014-01-09,8,1
21,2014-01-09,9,-1
21,2014-01-09,10,-1
21,2014-01-09,11,1
21,2014-01-09,12,1
21,2014-01-09,13,1
21,2014-01-09,14,-1
21,2014-01-09,15,-1
21,2014-01-09,16,-1
21,2014-01-09,17,1
21,2014-01-09,18,1
21,2014-01-09,19,-1
21,2014-01-09,20,1
21,2014-01-09,21,-1
21,2014-01-09,22,-1
21,2014-01-09,23,-1
21,2014-01-10,0,-1
21,2014-01-10,1,-1
21,2014-01-10,2,-1
21,2014-01-10,3,-1
21,2014-01-10,4,-1
21,2014-01-10,5,-1
21,2014-01-10,6,-1
21,2014-01-10,7,1
21,2014-01-10,8,-1
21,2014-01-10,9,-1
21,2014-01-10,10,-1
21,2014-01-10,11,1
21,2014-01-10,12,1
21,2014-01-10,13,1
21,2014-01-10,14,-1
21,2014-01-10,15,-1
21,2014-01-10,16,-1
21,2014-01-10,17,1
21,2014-01-10,18,-1
21,2014-01-10,19,1
21,2014-01-10,20,1
21,2014-01-10,21,-1
21,2014-01-10,22,-1
21,2014-01-10,23,-1
21,2014-01-11,0,-1
21,2014-01-11,1,-1
21,2014-01-11,2,-1
21,2014-01-11,3,1
21,2014-01-11,4,-1
21,2014-01-11,5,-1
21,2014-01-11,6,-1
21,2014-01-11,7,-1
21,2014-01-11,8,-1
21,2014-01-11,9,-1
21,2014-01-11,10,-1
21,2014-01-11,11,1
21,2014-01-11,12,-1
21,2014-01-11,13,-1
21,2014-01-11,14,-1
21,2014-01-11,15,-1
21,2014-01-11,16,-1
21,2014-01-11,17,-1
21,2014-01-11,18,1
21,2014-01-11,19,-1
21,2014-01-11,20,1
21,2014-01-11,21,-1
21,2014-01-11,22,-1
21,2014-01-11,23,-1
21,2014-01-12,0,-1
21,2014-01-12,1,-1
21,2014-01-12,2,-1
21,2014-01-12,3,-1
21,2014-01-12,4,-1
21,2014-01-12,5,-1
21,2014-01-12,6,-1
21,2014-01-12,7,-1
21,2014-01-12,8,-1
21,2014-01-12,9,-1
21,2014-01-12,10,-1
21,2014-01-12,11,-1
21,2014-01-12,12,-1
21,2014-01-12,13,-1
21,2014-01-12,14,-1
21,2014-01-12,15,-1
21,2014-01-12,16,-1
21,2014-01-12,17,-1
21,2014-01-12,18,1
21,2014-01-12,19,-1
21,2014-01-12,20,1
21,2014-01-12,21,-1
21,2014-01-12,22,-1
21,2014-01-12,23,-1
21,2014-01-13,0,-1
21,2014-01-13,1,-1
21,2014-01-13,2,-1
21,2014-01-13,3,-1
21,2014-01-13,4,-1
21,2014-01-13,5,-1
21,2014-01-13,6,-1
21,2014-01-13,7,1
21,2014-01-13,8,-1
21,2014-01-13,9,-1
21,2014-01-13,10,-1
21,2014-01-13,11,-1
21,2014-01-13,12,1
21,2014-01-13,13,1
21,2014-01-13,14,-1
21,2014-01-13,15,-1
21,2014-01-13,16,-1
21,2014-01-13,17,1
21,2014-01-13,18,-1
21,2014-01-13,19,1
21,2014-01-13,20,-1
21,2014-01-13,21,1
21,2014-01-13,22,-1
21,2014-01-13,23,1
21,2014-01-14,0,-1
21,2014-01-14,1,-1
21,2014-01-14,2,-1
21,2014-01-14,3,1
21,2014-01-14,4,-1
21,2014-01-14,5,-1
21,2014-01-14,6,1
21,2014-01-14,7,1
21,2014-01-14,8,-1
21,2014-01-14,9,-1
21,2014-01-14,10,-1
21,2014-01-14,11,-1
21,2014-01-14,12,1
21,2014-01-14,13,1
21,2014-01-14,14,-1
21,2014-01-14,15,-1
21,2014-01-14,16,-1
21,2014-01-14,17,1
21,2014-01-14,18,-1
21,2014-01-14,19,1
21,2014-01-14,20,-1
21,2014-01-14,21,1
21,2014-01-14,22,-1
21,2014-01-14,23,-1
21,2014-01-15,0,-1
21,2014-01-15,1,-1
21,2014-01-15,2,-1
21,2014-01-15,3,-1
21,2014-01-15,4,-1
21,2014-01-15,5,-1
21,2014-01-15,6,-1
21,2014-01-15,7,1
21,2014-01-15,8,-1
21,2014-01-15,9,-1
21,2014-01-15,10,-1
21,2014-01-15,11,1
21,2014-01-15,12,1
21,2014-01-15,13,1
21,2014-01-15,14,-1
21,2014-01-15,15,-1
21,2014-01-15,16,-1
21,2014-01-15,17,1
21,2014-01-15,18,-1
21,2014-01-15,19,-1
21,2014-01-15,20,-1
21,2014-01-15,21,-1
21,2014-01-15,22,-1
21,2014-01-15,23,-1
21,2014-01-16,0,-1
21,2014-01-16,1,-1
21,2014-01-16,2,-1
21,2014-01-16,3,-1
21,2014-01-16,4,-1
21,2014-01-16,5,-1
21,2014-01-16,6,-1
21,2014-01-16,7,1
21,2014-01-16,8,0
21,2014-01-16,9,-1
21,2014-01-16,10,-1
21,2014-01-16,11,1
21,2014-01-16,12,1
21,2014-01-16,13,1
21,2014-01-16,14,-1
21,2014-01-16,15,-1
21,2014-01-16,16,-1
21,2014-01-16,17,1
21,2014-01-16,18,1
21,2014-01-16,19,-1
21,2014-01-16,20,1
21,2014-01-16,21,-1
21,2014-01-16,22,-1
21,2014-01-16,23,-1
21,2014-01-17,0,-1
21,2014-01-17,1,-1
21,2014-01-17,2,-1
21,2014-01-17,3,-1
21,2014-01-17,4,-1
21,2014-01-17,5,-1
21,2014-01-17,6,-1
21,2014-01-17,7,1
21,2014-01-17,8,1
21,2014-01-17,9,-1
21,2014-01-17,10,-1
21,2014-01-17,11,1
21,2014-01-17,12,1
21,2014-01-17,13,1
21,2014-01-17,14,-1
21,2014-01-17,15,-1
21,2014-01-17,16,-1
21,2014-01-17,17,1
21,2014-01-17,18,-1
21,2014-01-17,19,1
21,2014-01-17,20,-1
21,2014-01-17,21,1
21,2014-01-17,22,-1
21,2014-01-17,23,-1
21,2014-01-18,0,-1
21,2014-01-18,1,-1
21,2014-01-18,2,-1
21,2014-01-18,3,-1
21,2014-01-18,4,-1
21,2014-01-18,5,-1
21,2014-01-18,6,-1
21,2014-01-18,7,-1
21,2014-01-18,8,-1
21,2014-01-18,9,-1
21,2014-01-18,10,-1
21,2014-01-18,11,-1
21,2014-01-18,12,-1
21,2014-01-18,13,-1
21,2014-01-18,14,-1
21,2014-01-18,15,-1
21,2014-01-18,16,-1
21,2014-01-18,17,-1
21,2014-01-18,18,1
21,2014-01-18,19,-1
21,2014-01-18,20,1
21,2014-01-18,21,-1
21,2014-01-18,22,-1
21,2014-01-18,23,-1
21,2014-01-19,0,-1
21,2014-01-19,1,-1
21,2014-01-19,2,-1
21,2014-01-19,3,-1
21,2014-01-19,4,-1
21,2014-01-19,5,-1
21,2014-01-19,6,-1
21,2014-01-19,7,-1
21,2014-01-19,8,-1
21,2014-01-19,9,-1
21,2014-01-19,10,-1
21,2014-01-19,11,-1
21,2014-01-19,12,-1
21,2014-01-19,13,-1
21,2014-01-19,14,-1
21,2014-01-19,15,-1
21,2014-01-19,16,-1
21,2014-01-19,17,-1
21,2014-01-19,18,1
21,2014-01-19,19,1
21,2014-01-19,20,-1
21,2014-01-19,21,-1
21,2014-01-19,22,-1
21,2014-01-19,23,-1
22,2014-01-06,0,-1
22,2014-01-06,1,-1
22,2014-01-06,2,-1
22,2014-01-06,3,-1
22,2014-01-06,4,-1
22,2014-01-06,5,-1
22,2014-01-06,6,-1
22,2014-01-06,7,-1
22,2014-01-06,8,0
22,2014-01-06,9,-1
22,2014-01-06,10,-1
22,2014-01-06,11,-1
22,2014-01-06,12,1
22,2014-01-06,13,1
22,2014-01-06,14,-1
22,2014-01-06,15,-1
22,2014-01-06,16,-1
22,2014-01-06,17,1
22,2014-01-06,18,-1
22,2014-01-06,19,-1
22,2014-01-06,20,-1
22,2014-01-06,21,-1
22,2014-01-06,22,-1
22,2014-01-06,23,-1
22,2014-01-07,0,-1
22,2014-01-07,1,-1
22,2014-01-07,2,-1
22,2014-01-07,3,-1
22,2014-01-07,4,-1
22,2014-01-07,5,-1
22,2014-01-07,6,-1
22,2014-01-07,7,1
22,2014-01-07,8,1
22,2014-01-07,9,-1
22,2014-01-07,10,-1
22,2014-01-07,11,-1
22,2014-01-07,12,1
22,2014-01-07,13,1
22,2014-01-07,14,-1
22,2014-01-07,15,-1
22,2014-01-07,16,-1
22,2014-01-07,17,1
22,2014-01-07,18,-1
22,2014-01-07,19,-1
22,2014-01-07,20,-1
22,2014-01-07,21,-1
22,2014-01-07,22,-1
22,2014-01-07,23,-1
22,2014-01-08,0,-1
22,2014-01-08,1,-1
22,2014-01-08,2,-1
22,2014-01-08,3,-1
22,2014-01-08,4,-1
22,2014-01-08,5,-1
22,2014-01-08,6,-1
22,2014-01-08,7,1
22,2014-01-08,8,1
22,2014-01-08,9,-1
22,2014-01-08,10,-1
22,2014-01-08,11,-1
22,2014-01-08,12,1
22,2014-01-08,13,1
22,2014-01-08,14,-1
22,2014-01-08,15,-1
22,2014-01-08,16,-1
22,2014-01-08,17,1
22,2014-01-08,18,1
22,2014-01-08,19,-1
22,2014-01-08,20,1
22,2014-01-08,21,-1
22,2014-01-08,22,-1
22,2014-01-08,23,-1
22,2014-01-09,0,-1
22,2014-01-09,1,-1
22,2014-01-09,2,-1
22,2014-01-09,3,-1
22,2014-01-09,4,-1
22,2014-01-09,5,-1
22,2014-01-09,6,-1
22,2014-01-09,7,1
22,2014-01-09,8,1
22,2014-01-09,9,-1
22,2014-01-09,10,-1
22,2014-01-09,11,-1
22,2014-01-09,12,-1
22,2014-01-09,13,-1
22,2014-01-09,14,-1
22,2014-01-09,15,-1
22,2014-01-09,16,-1
22,2014-01-09,17,1
22,2014-01-09,18,-1
22,2014-01-09,19,1
22,2014-01-09,20,1
22,2014-01-09,21,-1
22,2014-01-09,22,-1
22,2014-01-09,23,-1
22,2014-01-10,0,-1
22,2014-01-10,1,-1
22,2014-01-10,2,-1
22,2014-01-10,3,-1
22,2014-01-10,4,-1
22,2014-01-10,5,-1
22,2014-01-10,6,-1
22,2014-01-10,7,1
22,2014-01-10,8,1
22,2014-01-10,9,-1
22,2014-01-10,10,-1
22,2014-01-10,11,-1
22,2014-01-10,12,1
22,2014-01-10,13,1
22,2014-01-10,14,-1
22,2014-01-10,15,-1
22,2014-01-10,16,-1
22,2014-01-10,17,1
22,2014-01-10,18,-1
22,2014-01-10,19,-1
22,2014-01-10,20,-1
22,2014-01-10,21,-1
22,2014-01-10,22,-1
22,2014-01-10,23,-1
22,2014-01-11,0,-1
22,2014-01-11,1,-1
22,2014-01-11,2,-1
22,2014-01-11,3,-1
22,2014-01-11,4,-1
22,2014-01-11,5,-1
22,2014-01-11,6,-1
22,2014-01-11,7,-1
22,2014-01-11,8,-1
22,2014-01-11,9,-1
22,2014-01-11,10,-1
22,2014-01-11,11,-1
22,2014-01-11,12,-1
22,2014-01-11,13,-1
22,2014-01-11,14,-1
22,2014-01-11,15,-1
22,2014-01-11,16,-1
22,2014-01-11,17,-1
22,2014-01-11,18,1
22,2014-01-11,19,-1
22,2014-01-11,20,1
22,2014-01-11,21,-1
22,2014-01-11,22,-1
22,2014-01-11,23,-1
22,2014-01-12,0,-1
22,2014-01-12,1,-1
22,2014-01-12,2,-1
22,2014-01-12,3,-1
22,2014-01-12,4,-1
22,2014-01-12,5,-1
22,2014-01-12,6,-1
22,2014-01-12,7,-1
22,2014-01-12,8,-1
22,2014-01-12,9,-1
22,2014-01-12,10,-1
22,2014-01-12,11,-1
22,2014-01-12,12,1
22,2014-01-12,13,1
22,2014-01-12,14,-1
22,2014-01-12,15,1
22,2014-01-12,16,-1
22,2014-01-12,17,-1
22,2014-01-12,18,1
22,2014-01-12,19,1
22,2014-01-12,20,0
22,2014-01-12,21,-1
22,2014-01-12,22,-1
22,2014-01-12,23,-1
22,2014-01-13,0,-1
22,2014-01-13,1,-1
22,2014-01-13,2,-1
22,2014-01-13,3,-1
22,2014-01-13,4,-1
22,2014-01-13,5,-1
22,2014-01-13,6,-1
22,2014-01-13,7,1
22,2014-01-13,8,1
22,2014-01-13,9,-1
22,2014-01-13,10,-1
22,2014-01-13,11,1
22,2014-01-13,12,0
22,2014-01-13,13,1
22,2014-01-13,14,-1
22,2014-01-13,15,-1
22,2014-01-13,16,-1
22,2014-01-13,17,1
22,2014-01-13,18,-1
22,2014-01-13,19,1
22,2014-01-13,20,1
22,2014-01-13,21,-1
22,2014-01-13,22,-1
22,2014-01-13,23,-1
22,2014-01-14,0,-1
22,2014-01-14,1,-1
22,2014-01-14,2,-1
22,2014-01-14,3,-1
22,2014-01-14,4,-1
22,2014-01-14,5,-1
22,2014-01-14,6,-1
22,2014-01-14,7,1
22,2014-01-14,8,1
22,2014-01-14,9,-1
22,2014-01-14,10,-1
22,2014-01-14,11,-1
22,2014-01-14,12,-1
22,2014-01-14,13,-1
22,2014-01-14,14,-1
22,2014-01-14,15,-1
22,2014-01-14,16,-1
22,2014-01-14,17,1
22,2014-01-14,18,-1
22,2014-01-14,19,-1
22,2014-01-14,20,-1
22,2014-01-14,21,-1
22,2014-01-14,22,-1
22,2014-01-14,23,-1
22,2014-01-15,0,-1
22,2014-01-15,1,-1
22,2014-01-15,2,-1
22,2014-01-15,3,-1
22,2014-01-15,4,-1
22,2014-01-15,5,-1
22,2014-01-15,6,-1
22,2014-01-15,7,1
22,2014-01-15,8,0
22,2014-01-15,9,-1
22,2014-01-15,10,-1
22,2014-01-15,11,-1
22,2014-01-15,12,1
22,2014-01-15,13,1
22,2014-01-15,14,-1
22,2014-01-15,15,-1
22,2014-01-15,16,-1
22,2014-01-15,17,1
22,2014-01-15,18,-1
22,2014-01-15,19,1
22,2014-01-15,20,-1
22,2014-01-15,21,1
22,2014-01-15,22,-1
22,2014-01-15,23,-1
22,2014-01-16,0,-1
22,2014-01-16,1,-1
22,2014-01-16,2,-1
22,2014-01-16,3,-1
22,2014-01-16,4,-1
22,2014-01-16,5,-1
22,2014-01-16,6,-1
22,2014-01-16,7,1
22,2014-01-16,8,1
22,2014-01-16,9,-1
22,2014-01-16,10,-1
22,2014-01-16,11,-1
22,2014-01-16,12,1
22,2014-01-16,13,1
22,2014-01-16,14,-1
22,2014-01-16,15,-1
22,2014-01-16,16,-1
22,2014-01-16,17,1
22,2014-01-16,18,-1
22,2014-01-16,19,1
22,2014-01-16,20,1
22,2014-01-16,21,0
22,2014-01-16,22,-1
22,2014-01-16,23,-1
22,2014-01-17,0,-1
22,2014-01-17,1,-1
22,2014-01-17,2,-1
22,2014-01-17,3,-1
22,2014-01-17,4,-1
22,2014-01-17,5,-1
22,2014-01-17,6,-1
22,2014-01-17,7,-1
22,2014-01-17,8,1
22,2014-01-17,9,-1
22,2014-01-17,10,-1
22,2014-01-17,11,-1
22,2014-01-17,12,-1
22,2014-01-17,13,-1
22,2014-01-17,14,-1
22,2014-01-17,15,-1
22,2014-01-17,16,-1
22,2014-01-17,17,1
22,2014-01-17,18,-1
22,2014-01-17,19,1
22,2014-01-17,20,1
22,2014-01-17,21,-1
22,2014-01-17,22,-1
22,2014-01-17,23,-1
22,2014-01-18,0,-1
22,2014-01-18,1,-1
22,2014-01-18,2,-1
22,2014-01-18,3,-1
22,2014-01-18,4,-1
22,2014-01-18,5,-1
22,2014-01-18,6,-1
22,2014-01-18,7,-1
22,2014-01-18,8,-1
22,2014-01-18,9,-1
22,2014-01-18,10,1
22,2014-01-18,11,1
22,2014-01-18,12,-1
22,2014-01-18,13,1
22,2014-01-18,14,-1
22,2014-01-18,15,-1
22,2014-01-18,16,-1
22,2014-01-18,17,-1
22,2014-01-18,18,1
22,2014-01-18,19,-1
22,2014-01-18,20,1
22,2014-01-18,21,-1
22,2014-01-18,22,-1
22,2014-01-18,23,-1
22,2014-01-19,0,-1
22,2014-01-19,1,-1
22,2014-01-19,2,-1
22,2014-01-19,3,-1
22,2014-01-19,4,-1
22,2014-01-19,5,-1
22,2014-01-19,6,-1
22,2014-01-19,7,-1
22,2014-01-19,8,-1
22,2014-01-19,9,-1
22,2014-01-19,10,-1
22,2014-01-19,11,-1
22,2014-01-19,12,-1
22,2014-01-19,13,-1
22,2014-01-19,14,-1
22,2014-01-19,15,-1
22,2014-01-19,16,-1
22,2014-01-19,17,-1
22,2014-01-19,18,1
22,2014-01-19,19,1
22,2014-01-19,20,-1
22,2014-01-19,21,-1
22,2014-01-19,22,-1
22,2014-01-19,23,-1
23,2014-01-06,0,-1
23,2014-01-06,1,-1
23,2014-01-06,2,-1
23,2014-01-06,3,-1
23,2014-01-06,4,-1
23,2014-01-06,5,-1
23,2014-01-06,6,-1
23,2014-01-06,7,0
23,2014-01-06,8,0
23,2014-01-06,9,-1
23,2014-01-06,10,-1
23,2014-01-06,11,-1
23,2014-01-06,12,1
23,2014-01-06,13,1
23,2014-01-06,14,-1
23,2014-01-06,15,-1
23,2014-01-06,16,1
23,2014-01-06,17,1
23,2014-01-06,18,1
23,2014-01-06,19,-1
23,2014-01-06,20,1
23,2014-01-06,21,-1
23,2014-01-06,22,-1
23,2014-01-06,23,-1
23,2014-01-07,0,-1
23,2014-01-07,1,-1
23,2014-01-07,2,-1
23,2014-01-07,3,-1
23,2014-01-07,4,-1
23,2014-01-07,5,-1
23,2014-01-07,6,-1
23,2014-01-07,7,1
23,2014-01-07,8,0
23,2014-01-07,9,-1
23,2014-01-07,10,-1
23,2014-01-07,11,-1
23,2014-01-07,12,1
23,2014-01-07,13,1
23,2014-01-07,14,-1
23,2014-01-07,15,-1
23,2014-01-07,16,-1
23,2014-01-07,17,1
23,2014-01-07,18,1
23,2014-01-07,19,1
23,2014-01-07,20,0
23,2014-01-07,21,-1
23,2014-01-07,22,-1
23,2014-01-07,23,-1
23,2014-01-08,0,-1
23,2014-01-08,1,-1
23,2014-01-08,2,-1
23,2014-01-08,3,-1
23,2014-01-08,4,-1
23,2014-01-08,5,-1
23,2014-01-08,6,-1
23,2014-01-08,7,1
23,2014-01-08,8,0
23,2014-01-08,9,-1
23,2014-01-08,10,-1
23,2014-01-08,11,1
23,2014-01-08,12,0
23,2014-01-08,13,1
23,2014-01-08,14,-1
23,2014-01-08,15,-1
23,2014-01-08,16,-1
23,2014-01-08,17,1
23,2014-01-08,18,1
23,2014-01-08,19,-1
23,2014-01-08,20,1
23,2014-01-08,21,-1
23,2014-01-08,22,-1
23,2014-01-08,23,-1
23,2014-01-09,0,-1
23,2014-01-09,1,-1
23,2014-01-09,2,-1
23,2014-01-09,3,-1
23,2014-01-09,4,-1
23,2014-01-09,5,-1
23,2014-01-09,6,-1
23,2014-01-09,7,1
23,2014-01-09,8,1
23,2014-01-09,9,-1
23,2014-01-09,10,-1
23,2014-01-09,11,-1
23,2014-01-09,12,1
23,2014-01-09,13,1
23,2014-01-09,14,-1
23,2014-01-09,15,-1
23,2014-01-09,16,-1
23,2014-01-09,17,1
23,2014-01-09,18,1
23,2014-01-09,19,1
23,2014-01-09,20,-1
23,2014-01-09,21,-1
23,2014-01-09,22,-1
23,2014-01-09,23,-1
23,2014-01-10,0,-1
23,2014-01-10,1,-1
23,2014-01-10,2,-1
23,2014-01-10,3,-1
23,2014-01-10,4,-1
23,2014-01-10,5,-1
23,2014-01-10,6,-1
23,2014-01-10,7,1
23,2014-01-10,8,-1
23,2014-01-10,9,-1
23,2014-01-10,10,-1
23,2014-01-10,11,-1
23,2014-01-10,12,1
23,2014-01-10,13,1
23,2014-01-10,14,-1
23,2014-01-10,15,-1
23,2014-01-10,16,-1
23,2014-01-10,17,1
23,2014-01-10,18,-1
23,2014-01-10,19,-1
23,2014-01-10,20,-1
23,2014-01-10,21,-1
23,2014-01-10,22,-1
23,2014-01-10,23,-1
23,2014-01-11,0,-1
23,2014-01-11,1,-1
23,2014-01-11,2,-1
23,2014-01-11,3,-1
23,2014-01-11,4,-1
23,2014-01-11,5,-1
23,2014-01-11,6,-1
23,2014-01-11,7,-1
23,2014-01-11,8,-1
23,2014-01-11,9,-1
23,2014-01-11,10,-1
23,2014-01-11,11,-1
23,2014-01-11,12,1
23,2014-01-11,13,1
23,2014-01-11,14,-1
23,2014-01-11,15,-1
23,2014-01-11,16,-1
23,2014-01-11,17,-1
23,2014-01-11,18,-1
23,2014-01-11,19,-1
23,2014-01-11,20,-1
23,2014-01-11,21,-1
23,2014-01-11,22,-1
23,2014-01-11,23,-1
23,2014-01-12,0,-1
23,2014-01-12,1,-1
23,2014-01-12,2,-1
23,2014-01-12,3,-1
23,2014-01-12,4,-1
23,2014-01-12,5,-1
23,2014-01-12,6,-1
23,2014-01-12,7,-1
23,2014-01-12,8,-1
23,2014-01-12,9,-1
23,2014-01-12,10,-1
23,2014-01-12,11,-1
23,2014-01-12,12,-1
23,2014-01-12,13,-1
23,2014-01-12,14,-1
23,2014-01-12,15,-1
23,2014-01-12,16,-1
23,2014-01-12,17,-1
23,2014-01-12,18,1
23,2014-01-12,19,1
23,2014-01-12,20,-1
23,2014-01-12,21,-1
23,2014-01-12,22,-1
23,2014-01-12,23,-1
23,2014-01-13,0,-1
23,2014-01-13,1,-1
23,2014-01-13,2,-1
23,2014-01-13,3,-1
23,2014-01-13,4,-1
23,2014-01-13,5,-1
23,2014-01-13,6,-1
23,2014-01-13,7,1
23,2014-01-13,8,1
23,2014-01-13,9,-1
23,2014-01-13,10,-1
23,2014-01-13,11,1
23,2014-01-13,12,0
23,2014-01-13,13,1
23,2014-01-13,14,-1
23,2014-01-13,15,-1
23,2014-01-13,16,-1
23,2014-01-13,17,1
23,2014-01-13,18,-1
23,2014-01-13,19,-1
23,2014-01-13,20,-1
23,2014-01-13,21,-1
23,2014-01-13,22,-1
23,2014-01-13,23,-1
23,2014-01-14,0,-1
23,2014-01-14,1,-1
23,2014-01-14,2,-1
23,2014-01-14,3,-1
23,2014-01-14,4,-1
23,2014-01-14,5,-1
23,2014-01-14,6,-1
23,2014-01-14,7,1
23,2014-01-14,8,-1
23,2014-01-14,9,-1
23,2014-01-14,10,-1
23,2014-01-14,11,-1
23,2014-01-14,12,1
23,2014-01-14,13,1
23,2014-01-14,14,-1
23,2014-01-14,15,-1
23,2014-01-14,16,-1
23,2014-01-14,17,1
23,2014-01-14,18,1
23,2014-01-14,19,-1
23,2014-01-14,20,1
23,2014-01-14,21,-1
23,2014-01-14,22,-1
23,2014-01-14,23,-1
23,2014-01-15,0,-1
23,2014-01-15,1,-1
23,2014-01-15,2,-1
23,2014-01-15,3,-1
23,2014-01-15,4,-1
23,2014-01-15,5,-1
23,2014-01-15,6,-1
23,2014-01-15,7,1
23,2014-01-15,8,1
23,2014-01-15,9,-1
23,2014-01-15,10,-1
23,2014-01-15,11,1
23,2014-01-15,12,0
23,2014-01-15,13,1
23,2014-01-15,14,-1
23,2014-01-15,15,-1
23,2014-01-15,16,-1
23,2014-01-15,17,1
23,2014-01-15,18,1
23,2014-01-15,19,-1
23,2014-01-15,20,1
23,2014-01-15,21,-1
23,2014-01-15,22,-1
23,2014-01-15,23,-1
23,2014-01-16,0,-1
23,2014-01-16,1,-1
23,2014-01-16,2,-1
23,2014-01-16,3,-1
23,2014-01-16,4,-1
23,2014-01-16,5,-1
23,2014-01-16,6,-1
23,2014-01-16,7,1
23,2014-01-16,8,-1
23,2014-01-16,9,-1
23,2014-01-16,10,-1
23,2014-01-16,11,-1
23,2014-01-16,12,1
23,2014-01-16,13,1
23,2014-01-16,14,-1
23,2014-01-16,15,-1
23,2014-01-16,16,-1
23,2014-01-16,17,1
23,2014-01-16,18,1
23,2014-01-16,19,1
23,2014-01-16,20,-1
23,2014-01-16,21,-1
23,2014-01-16,22,-1
23,2014-01-16,23,-1
23,2014-01-17,0,-1
23,2014-01-17,1,-1
23,2014-01-17,2,-1
23,2014-01-17,3,-1
23,2014-01-17,4,-1
23,2014-01-17,5,-1
23,2014-01-17,6,-1
23,2014-01-17,7,1
23,2014-01-17,8,0
23,2014-01-17,9,-1
23,2014-01-17,10,-1
23,2014-01-17,11,-1
23,2014-01-17,12,1
23,2014-01-17,13,1
23,2014-01-17,14,-1
23,2014-01-17,15,-1
23,2014-01-17,16,-1
23,2014-01-17,17,1
23,2014-01-17,18,1
23,2014-01-17,19,-1
23,2014-01-17,20,1
23,2014-01-17,21,-1
23,2014-01-17,22,-1
23,2014-01-17,23,-1
23,2014-01-18,0,-1
23,2014-01-18,1,-1
23,2014-01-18,2,-1
23,2014-01-18,3,-1
23,2014-01-18,4,-1
23,2014-01-18,5,-1
23,2014-01-18,6,-1
23,2014-01-18,7,-1
23,2014-01-18,8,-1
23,2014-01-18,9,-1
23,2014-01-18,10,-1
23,2014-01-18,11,-1
23,2014-01-18,12,1
23,2014-01-18,13,1
23,2014-01-18,14,-1
23,2014-01-18,15,1
23,2014-01-18,16,-1
23,2014-01-18,17,-1
23,2014-01-18,18,1
23,2014-01-18,19,1
23,2014-01-18,20,-1
23,2014-01-18,21,-1
23,2014-01-18,22,-1
23,2014-01-18,23,-1
23,2014-01-19,0,-1
23,2014-01-19,1,-1
23,2014-01-19,2,-1
23,2014-01-19,3,-1
23,2014-01-19,4,-1
23,2014-01-19,5,-1
23,2014-01-19,6,-1
23,2014-01-19,7,-1
23,2014-01-19,8,-1
23,2014-01-19,9,-1
23,2014-01-19,10,-1
23,2014-01-19,11,-1
23,2014-01-19,12,1
23,2014-01-19,13,1
23,2014-01-19,14,-1
23,2014-01-19,15,1
23,2014-01-19,16,-1
23,2014-01-19,17,-1
23,2014-01-19,18,1
23,2014-01-19,19,1
23,2014-01-19,20,-1
23,2014-01-19,21,-1
23,2014-01-19,22,-1
23,2014-01-19,23,-1
24,2014-01-06,0,-1
24,2014-01-06,1,-1
24,2014-01-06,2,-1
24,2014-01-06,3,-1
24,2014-01-06,4,-1
24,2014-01-06,5,-1
24,2014-01-06,6,-1
24,2014-01-06,7,0
24,2014-01-06,8,1
24,2014-01-06,9,-1
24,2014-01-06,10,-1
24,2014-01-06,11,-1
24,2014-01-06,12,1
24,2014-01-06,13,1
24,2014-01-06,14,0
24,2014-01-06,15,-1
24,2014-01-06,16,-1
24,2014-01-06,17,1
24,2014-01-06,18,1
24,2014-01-06,19,-1
24,2014-01-06,20,-1
24,2014-01-06,21,1
24,2014-01-06,22,-1
24,2014-01-06,23,-1
24,2014-01-07,0,-1
24,2014-01-07,1,-1
24,2014-01-07,2,-1
24,2014-01-07,3,-1
24,2014-01-07,4,-1
24,2014-01-07,5,-1
24,2014-01-07,6,-1
24,2014-01-07,7,1
24,2014-01-07,8,1
24,2014-01-07,9,-1
24,2014-01-07,10,-1
24,2014-01-07,11,1
24,2014-01-07,12,1
24,2014-01-07,13,-1
24,2014-01-07,14,1
24,2014-01-07,15,-1
24,2014-01-07,16,-1
24,2014-01-07,17,1
24,2014-01-07,18,0
24,2014-01-07,19,-1
24,2014-01-07,20,-1
24,2014-01-07,21,-1
24,2014-01-07,22,-1
24,2014-01-07,23,-1
24,2014-01-08,0,-1
24,2014-01-08,1,-1
24,2014-01-08,2,-1
24,2014-01-08,3,-1
24,2014-01-08,4,-1
24,2014-01-08,5,-1
24,2014-01-08,6,-1
24,2014-01-08,7,-1
24,2014-01-08,8,1
24,2014-01-08,9,-1
24,2014-01-08,10,-1
24,2014-01-08,11,1
24,2014-01-08,12,1
24,2014-01-08,13,-1
24,2014-01-08,14,1
24,2014-01-08,15,-1
24,2014-01-08,16,-1
24,2014-01-08,17,1
24,2014-01-08,18,1
24,2014-01-08,19,1
24,2014-01-08,20,0
24,2014-01-08,21,-1
24,2014-01-08,22,-1
24,2014-01-08,23,1
24,2014-01-09,0,-1
24,2014-01-09,1,-1
24,2014-01-09,2,-1
24,2014-01-09,3,1
24,2014-01-09,4,-1
24,2014-01-09,5,-1
24,2014-01-09,6,1
24,2014-01-09,7,1
24,2014-01-09,8,1
24,2014-01-09,9,-1
24,2014-01-09,10,-1
24,2014-01-09,11,1
24,2014-01-09,12,1
24,2014-01-09,13,1
24,2014-01-09,14,0
24,2014-01-09,15,-1
24,2014-01-09,16,-1
24,2014-01-09,17,1
24,2014-01-09,18,-1
24,2014-01-09,19,1
24,2014-01-09,20,-1
24,2014-01-09,21,1
24,2014-01-09,22,-1
24,2014-01-09,23,-1
24,2014-01-10,0,-1
24,2014-01-10,1,-1
24,2014-01-10,2,-1
24,2014-01-10,3,-1
24,2014-01-10,4,-1
24,2014-01-10,5,-1
24,2014-01-10,6,-1
24,2014-01-10,7,1
24,2014-01-10,8,1
24,2014-01-10,9,-1
24,2014-01-10,10,-1
24,2014-01-10,11,1
24,2014-01-10,12,1
24,2014-01-10,13,1
24,2014-01-10,14,0
24,2014-01-10,15,-1
24,2014-01-10,16,-1
24,2014-01-10,17,1
24,2014-01-10,18,0
24,2014-01-10,19,1
24,2014-01-10,20,-1
24,2014-01-10,21,1
24,2014-01-10,22,1
24,2014-01-10,23,-1
24,2014-01-11,0,-1
24,2014-01-11,1,-1
24,2014-01-11,2,-1
24,2014-01-11,3,-1
24,2014-01-11,4,-1
24,2014-01-11,5,-1
24,2014-01-11,6,-1
24,2014-01-11,7,-1
24,2014-01-11,8,-1
24,2014-01-11,9,-1
24,2014-01-11,10,-1
24,2014-01-11,11,-1
24,2014-01-11,12,1
24,2014-01-11,13,1
24,2014-01-11,14,-1
24,2014-01-11,15,-1
24,2014-01-11,16,1
24,2014-01-11,17,1
24,2014-01-11,18,-1
24,2014-01-11,19,-1
24,2014-01-11,20,-1
24,2014-01-11,21,-1
24,2014-01-11,22,-1
24,2014-01-11,23,-1
24,2014-01-12,0,-1
24,2014-01-12,1,-1
24,2014-01-12,2,-1
24,2014-01-12,3,-1
24,2014-01-12,4,-1
24,2014-01-12,5,-1
24,2014-01-12,6,-1
24,2014-01-12,7,-1
24,2014-01-12,8,-1
24,2014-01-12,9,-1
24,2014-01-12,10,-1
24,2014-01-12,11,-1
24,2014-01-12,12,-1
24,2014-01-12,13,-1
24,2014-01-12,14,-1
24,2014-01-12,15,-1
24,2014-01-12,16,-1
24,2014-01-12,17,-1
24,2014-01-12,18,-1
24,2014-01-12,19,-1
24,2014-01-12,20,-1
24,2014-01-12,21,-1
24,2014-01-12,22,-1
24,2014-01-12,23,-1
24,2014-01-13,0,-1
24,2014-01-13,1,-1
24,2014-01-13,2,-1
24,2014-01-13,3,-1
24,2014-01-13,4,-1
24,2014-01-13,5,-1
24,2014-01-13,6,-1
24,2014-01-13,7,1
24,2014-01-13,8,1
24,2014-01-13,9,-1
24,2014-01-13,10,-1
24,2014-01-13,11,1
24,2014-01-13,12,1
24,2014-01-13,13,1
24,2014-01-13,14,-1
24,2014-01-13,15,-1
24,2014-01-13,16,-1
24,2014-01-13,17,1
24,2014-01-13,18,0
24,2014-01-13,19,1
24,2014-01-13,20,-1
24,2014-01-13,21,-1
24,2014-01-13,22,-1
24,2014-01-13,23,-1
24,2014-01-14,0,-1
24,2014-01-14,1,-1
24,2014-01-14,2,-1
24,2014-01-14,3,1
24,2014-01-14,4,-1
24,2014-01-14,5,-1
24,2014-01-14,6,-1
24,2014-01-14,7,1
24,2014-01-14,8,1
24,2014-01-14,9,-1
24,2014-01-14,10,-1
24,2014-01-14,11,1
24,2014-01-14,12,1
24,2014-01-14,13,-1
24,2014-01-14,14,1
24,2014-01-14,15,-1
24,2014-01-14,16,-1
24,2014-01-14,17,1
24,2014-01-14,18,1
24,2014-01-14,19,0
24,2014-01-14,20,1
24,2014-01-14,21,-1
24,2014-01-14,22,-1
24,2014-01-14,23,-1
24,2014-01-15,0,-1
24,2014-01-15,1,-1
24,2014-01-15,2,-1
24,2014-01-15,3,-1
24,2014-01-15,4,-1
24,2014-01-15,5,-1
24,2014-01-15,6,-1
24,2014-01-15,7,1
24,2014-01-15,8,1
24,2014-01-15,9,-1
24,2014-01-15,10,-1
24,2014-01-15,11,1
24,2014-01-15,12,1
24,2014-01-15,13,-1
24,2014-01-15,14,1
24,2014-01-15,15,-1
24,2014-01-15,16,-1
24,2014-01-15,17,1
24,2014-01-15,18,1
24,2014-01-15,19,1
24,2014-01-15,20,-1
24,2014-01-15,21,-1
24,2014-01-15,22,-1
24,2014-01-15,23,-1
24,2014-01-16,0,-1
24,2014-01-16,1,-1
24,2014-01-16,2,-1
24,2014-01-16,3,-1
24,2014-01-16,4,-1
24,2014-01-16,5,-1
24,2014-01-16,6,-1
24,2014-01-16,7,1
24,2014-01-16,8,0
24,2014-01-16,9,-1
24,2014-01-16,10,-1
24,2014-01-16,11,1
24,2014-01-16,12,1
24,2014-01-16,13,-1
24,2014-01-16,14,-1
24,2014-01-16,15,-1
24,2014-01-16,16,-1
24,2014-01-16,17,1
24,2014-01-16,18,-1
24,2014-01-16,19,1
24,2014-01-16,20,1
24,2014-01-16,21,-1
24,2014-01-16,22,-1
24,2014-01-16,23,-1
24,2014-01-17,0,-1
24,2014-01-17,1,-1
24,2014-01-17,2,-1
24,2014-01-17,3,-1
24,2014-01-17,4,-1
24,2014-01-17,5,-1
24,2014-01-17,6,-1
24,2014-01-17,7,1
24,2014-01-17,8,1
24,2014-01-17,9,-1
24,2014-01-17,10,-1
24,2014-01-17,11,-1
24,2014-01-17,12,1
24,2014-01-17,13,-1
24,2014-01-17,14,1
24,2014-01-17,15,-1
24,2014-01-17,16,-1
24,2014-01-17,17,1
24,2014-01-17,18,1
24,2014-01-17,19,-1
24,2014-01-17,20,-1
24,2014-01-17,21,1
24,2014-01-17,22,-1
24,2014-01-17,23,-1
24,2014-01-18,0,-1
24,2014-01-18,1,-1
24,2014-01-18,2,-1
24,2014-01-18,3,-1
24,2014-01-18,4,-1
24,2014-01-18,5,-1
24,2014-01-18,6,-1
24,2014-01-18,7,-1
24,2014-01-18,8,-1
24,2014-01-18,9,-1
24,2014-01-18,10,-1
24,2014-01-18,11,-1
24,2014-01-18,12,-1
24,2014-01-18,13,-1
24,2014-01-18,14,-1
24,2014-01-18,15,-1
24,2014-01-18,16,-1
24,2014-01-18,17,-1
24,2014-01-18,18,1
24,2014-01-18,19,1
24,2014-01-18,20,-1
24,2014-01-18,21,-1
24,2014-01-18,22,-1
24,2014-01-18,23,-1
24,2014-01-19,0,-1
24,2014-01-19,1,-1
24,2014-01-19,2,-1
24,2014-01-19,3,-1
24,2014-01-19,4,-1
24,2014-01-19,5,-1
24,2014-01-19,6,-1
24,2014-01-19,7,-1
24,2014-01-19,8,-1
24,2014-01-19,9,-1
24,2014-01-19,10,-1
24,2014-01-19,11,-1
24,2014-01-19,12,1
24,2014-01-19,13,1
24,2014-01-19,14,0
24,2014-01-19,15,-1
24,2014-01-19,16,-1
24,2014-01-19,17,-1
24,2014-01-19,18,1
24,2014-01-19,19,-1
24,2014-01-19,20,1
24,2014-01-19,21,-1
24,2014-01-19,22,-1
24,2014-01-19,23,-1
25,2014-01-06,0,-1
25,2014-01-06,1,-1
25,2014-01-06,2,-1
25,2014-01-06,3,-1
25,2014-01-06,4,-1
25,2014-01-06,5,-1
25,2014-01-06,6,-1
25,2014-01-06,7,0
25,2014-01-06,8,0
25,2014-01-06,9,-1
25,2014-01-06,10,-1
25,2014-01-06,11,-1
25,2014-01-06,12,1
25,2014-01-06,13,-1
25,2014-01-06,14,1
25,2014-01-06,15,-1
25,2014-01-06,16,-1
25,2014-01-06,17,1
25,2014-01-06,18,-1
25,2014-01-06,19,1
25,2014-01-06,20,-1
25,2014-01-06,21,1
25,2014-01-06,22,-1
25,2014-01-06,23,-1
25,2014-01-07,0,-1
25,2014-01-07,1,-1
25,2014-01-07,2,-1
25,2014-01-07,3,-1
25,2014-01-07,4,-1
25,2014-01-07,5,-1
25,2014-01-07,6,-1
25,2014-01-07,7,1
25,2014-01-07,8,0
25,2014-01-07,9,-1
25,2014-01-07,10,-1
25,2014-01-07,11,-1
25,2014-01-07,12,1
25,2014-01-07,13,1
25,2014-01-07,14,-1
25,2014-01-07,15,-1
25,2014-01-07,16,-1
25,2014-01-07,17,1
25,2014-01-07,18,-1
25,2014-01-07,19,1
25,2014-01-07,20,1
25,2014-01-07,21,-1
25,2014-01-07,22,-1
25,2014-01-07,23,-1
25,2014-01-08,0,-1
25,2014-01-08,1,-1
25,2014-01-08,2,-1
25,2014-01-08,3,-1
25,2014-01-08,4,-1
25,2014-01-08,5,-1
25,2014-01-08,6,-1
25,2014-01-08,7,1
25,2014-01-08,8,0
25,2014-01-08,9,-1
25,2014-01-08,10,-1
25,2014-01-08,11,-1
25,2014-01-08,12,1
25,2014-01-08,13,1
25,2014-01-08,14,-1
25,2014-01-08,15,-1
25,2014-01-08,16,-1
25,2014-01-08,17,1
25,2014-01-08,18,1
25,2014-01-08,19,-1
25,2014-01-08,20,1
25,2014-01-08,21,-1
25,2014-01-08,22,-1
25,2014-01-08,23,-1
25,2014-01-09,0,-1
25,2014-01-09,1,-1
25,2014-01-09,2,-1
25,2014-01-09,3,-1
25,2014-01-09,4,-1
25,2014-01-09,5,-1
25,2014-01-09,6,-1
25,2014-01-09,7,1
25,2014-01-09,8,1
25,2014-01-09,9,-1
25,2014-01-09,10,-1
25,2014-01-09,11,-1
25,2014-01-09,12,1
25,2014-01-09,13,1
25,2014-01-09,14,0
25,2014-01-09,15,-1
25,2014-01-09,16,-1
25,2014-01-09,17,1
25,2014-01-09,18,-1
25,2014-01-09,19,-1
25,2014-01-09,20,-1
25,2014-01-09,21,-1
25,2014-01-09,22,-1
25,2014-01-09,23,-1
25,2014-01-10,0,-1
25,2014-01-10,1,-1
25,2014-01-10,2,-1
25,2014-01-10,3,-1
25,2014-01-10,4,-1
25,2014-01-10,5,-1
25,2014-01-10,6,-1
25,2014-01-10,7,1
25,2014-01-10,8,1
25,2014-01-10,9,-1
25,2014-01-10,10,-1
25,2014-01-10,11,-1
25,2014-01-10,12,1
25,2014-01-10,13,1
25,2014-01-10,14,0
25,2014-01-10,15,-1
25,2014-01-10,16,-1
25,2014-01-10,17,1
25,2014-01-10,18,1
25,2014-01-10,19,0
25,2014-01-10,20,-1
25,2014-01-10,21,-1
25,2014-01-10,22,-1
25,2014-01-10,23,1
25,2014-01-11,0,-1
25,2014-01-11,1,-1
25,2014-01-11,2,-1
25,2014-01-11,3,-1
25,2014-01-11,4,-1
25,2014-01-11,5,-1
25,2014-01-11,6,-1
25,2014-01-11,7,-1
25,2014-01-11,8,-1
25,2014-01-11,9,-1
25,2014-01-11,10,-1
25,2014-01-11,11,-1
25,2014-01-11,12,1
25,2014-01-11,13,-1
25,2014-01-11,14,1
25,2014-01-11,15,-1
25,2014-01-11,16,-1
25,2014-01-11,17,-1
25,2014-01-11,18,1
25,2014-01-11,19,1
25,2014-01-11,20,-1
25,2014-01-11,21,-1
25,2014-01-11,22,-1
25,2014-01-11,23,-1
25,2014-01-12,0,-1
25,2014-01-12,1,-1
25,2014-01-12,2,-1
25,2014-01-12,3,-1
25,2014-01-12,4,-1
25,2014-01-12,5,-1
25,2014-01-12,6,-1
25,2014-01-12,7,-1
25,2014-01-12,8,-1
25,2014-01-12,9,-1
25,2014-01-12,10,-1
25,2014-01-12,11,-1
25,2014-01-12,12,1
25,2014-01-12,13,1
25,2014-01-12,14,-1
25,2014-01-12,15,1
25,2014-01-12,16,0
25,2014-01-12,17,-1
25,2014-01-12,18,1
25,2014-01-12,19,-1
25,2014-01-12,20,1
25,2014-01-12,21,-1
25,2014-01-12,22,-1
25,2014-01-12,23,-1
25,2014-01-13,0,-1
25,2014-01-13,1,-1
25,2014-01-13,2,-1
25,2014-01-13,3,-1
25,2014-01-13,4,-1
25,2014-01-13,5,-1
25,2014-01-13,6,-1
25,2014-01-13,7,1
25,2014-01-13,8,1
25,2014-01-13,9,-1
25,2014-01-13,10,-1
25,2014-01-13,11,-1
25,2014-01-13,12,1
25,2014-01-13,13,1
25,2014-01-13,14,-1
25,2014-01-13,15,-1
25,2014-01-13,16,-1
25,2014-01-13,17,1
25,2014-01-13,18,-1
25,2014-01-13,19,1
25,2014-01-13,20,1
25,2014-01-13,21,-1
25,2014-01-13,22,-1
25,2014-01-13,23,-1
25,2014-01-14,0,-1
25,2014-01-14,1,-1
25,2014-01-14,2,-1
25,2014-01-14,3,-1
25,2014-01-14,4,-1
25,2014-01-14,5,-1
25,2014-01-14,6,-1
25,2014-01-14,7,1
25,2014-01-14,8,0
25,2014-01-14,9,-1
25,2014-01-14,10,-1
25,2014-01-14,11,-1
25,2014-01-14,12,1
25,2014-01-14,13,1
25,2014-01-14,14,-1
25,2014-01-14,15,-1
25,2014-01-14,16,-1
25,2014-01-14,17,1
25,2014-01-14,18,-1
25,2014-01-14,19,-1
25,2014-01-14,20,-1
25,2014-01-14,21,-1
25,2014-01-14,22,-1
25,2014-01-14,23,-1
25,2014-01-15,0,-1
25,2014-01-15,1,-1
25,2014-01-15,2,-1
25,2014-01-15,3,-1
25,2014-01-15,4,-1
25,2014-01-15,5,-1
25,2014-01-15,6,-1
25,2014-01-15,7,1
25,2014-01-15,8,-1
25,2014-01-15,9,-1
25,2014-01-15,10,-1
25,2014-01-15,11,-1
25,2014-01-15,12,1
25,2014-01-15,13,1
25,2014-01-15,14,-1
25,2014-01-15,15,-1
25,2014-01-15,16,-1
25,2014-01-15,17,1
25,2014-01-15,18,1
25,2014-01-15,19,-1
25,2014-01-15,20,1
25,2014-01-15,21,-1
25,2014-01-15,22,-1
25,2014-01-15,23,-1
25,2014-01-16,0,-1
25,2014-01-16,1,-1
25,2014-01-16,2,-1
25,2014-01-16,3,-1
25,2014-01-16,4,-1
25,2014-01-16,5,-1
25,2014-01-16,6,-1
25,2014-01-16,7,-1
25,2014-01-16,8,1
25,2014-01-16,9,-1
25,2014-01-16,10,-1
25,2014-01-16,11,-1
25,2014-01-16,12,1
25,2014-01-16,13,1
25,2014-01-16,14,-1
25,2014-01-16,15,-1
25,2014-01-16,16,-1
25,2014-01-16,17,1
25,2014-01-16,18,-1
25,2014-01-16,19,1
25,2014-01-16,20,1
25,2014-01-16,21,-1
25,2014-01-16,22,-1
25,2014-01-16,23,-1
25,2014-01-17,0,-1
25,2014-01-17,1,-1
25,2014-01-17,2,-1
25,2014-01-17,3,-1
25,2014-01-17,4,-1
25,2014-01-17,5,-1
25,2014-01-17,6,-1
25,2014-01-17,7,1
25,2014-01-17,8,1
25,2014-01-17,9,-1
25,2014-01-17,10,-1
25,2014-01-17,11,-1
25,2014-01-17,12,1
25,2014-01-17,13,1
25,2014-01-17,14,-1
25,2014-01-17,15,-1
25,2014-01-17,16,-1
25,2014-01-17,17,1
25,2014-01-17,18,-1
25,2014-01-17,19,1
25,2014-01-17,20,-1
25,2014-01-17,21,1
25,2014-01-17,22,-1
25,2014-01-17,23,-1
25,2014-01-18,0,-1
25,2014-01-18,1,-1
25,2014-01-18,2,-1
25,2014-01-18,3,-1
25,2014-01-18,4,-1
25,2014-01-18,5,-1
25,2014-01-18,6,-1
25,2014-01-18,7,-1
25,2014-01-18,8,-1
25,2014-01-18,9,-1
25,2014-01-18,10,-1
25,2014-01-18,11,-1
25,2014-01-18,12,1
25,2014-01-18,13,-1
25,2014-01-18,14,-1
25,2014-01-18,15,-1
25,2014-01-18,16,-1
25,2014-01-18,17,-1
25,2014-01-18,18,-1
25,2014-01-18,19,-1
25,2014-01-18,20,-1
25,2014-01-18,21,-1
25,2014-01-18,22,-1
25,2014-01-18,23,-1
25,2014-01-19,0,-1
25,2014-01-19,1,-1
25,2014-01-19,2,-1
25,2014-01-19,3,-1
25,2014-01-19,4,-1
25,2014-01-19,5,-1
25,2014-01-19,6,-1
25,2014-01-19,7,-1
25,2014-01-19,8,-1
25,2014-01-19,9,-1
25,2014-01-19,10,-1
25,2014-01-19,11,-1
25,2014-01-19,12,1
25,2014-01-19,13,1
25,2014-01-19,14,-1
25,2014-01-19,15,1
25,2014-01-19,16,1
25,2014-01-19,17,-1
25,2014-01-19,18,1
25,2014-01-19,19,1
25,2014-01-19,20,0
25,2014-01-19,21,-1
25,2014-01-19,22,-1
25,2014-01-19,23,-1
26,2014-01-06,0,-1
26,2014-01-06,1,-1
26,2014-01-06,2,-1
26,2014-01-06,3,-1
26,2014-01-06,4,-1
26,2014-01-06,5,-1
26,2014-01-06,6,-1
26,2014-01-06,7,1
26,2014-01-06,8,-1
26,2014-01-06,9,-1
26,2014-01-06,10,-1
26,2014-01-06,11,-1
26,2014-01-06,12,1
26,2014-01-06,13,1
26,2014-01-06,14,-1
26,2014-01-06,15,-1
26,2014-01-06,16,-1
26,2014-01-06,17,1
26,2014-01-06,18,-1
26,2014-01-06,19,1
26,2014-01-06,20,-1
26,2014-01-06,21,1
26,2014-01-06,22,-1
26,2014-01-06,23,-1
26,2014-01-07,0,-1
26,2014-01-07,1,-1
26,2014-01-07,2,-1
26,2014-01-07,3,-1
26,2014-01-07,4,-1
26,2014-01-07,5,-1
26,2014-01-07,6,-1
26,2014-01-07,7,1
26,2014-01-07,8,-1
26,2014-01-07,9,-1
26,2014-01-07,10,-1
26,2014-01-07,11,-1
26,2014-01-07,12,1
26,2014-01-07,13,1
26,2014-01-07,14,-1
26,2014-01-07,15,-1
26,2014-01-07,16,-1
26,2014-01-07,17,1
26,2014-01-07,18,-1
26,2014-01-07,19,1
26,2014-01-07,20,-1
26,2014-01-07,21,1
26,2014-01-07,22,-1
26,2014-01-07,23,-1
26,2014-01-08,0,-1
26,2014-01-08,1,-1
26,2014-01-08,2,-1
26,2014-01-08,3,-1
26,2014-01-08,4,-1
26,2014-01-08,5,-1
26,2014-01-08,6,-1
26,2014-01-08,7,1
26,2014-01-08,8,-1
26,2014-01-08,9,-1
26,2014-01-08,10,-1
26,2014-01-08,11,-1
26,2014-01-08,12,1
26,2014-01-08,13,1
26,2014-01-08,14,-1
26,2014-01-08,15,-1
26,2014-01-08,16,-1
26,2014-01-08,17,1
26,2014-01-08,18,1
26,2014-01-08,19,0
26,2014-01-08,20,1
26,2014-01-08,21,-1
26,2014-01-08,22,-1
26,2014-01-08,23,-1
26,2014-01-09,0,-1
26,2014-01-09,1,-1
26,2014-01-09,2,-1
26,2014-01-09,3,-1
26,2014-01-09,4,-1
26,2014-01-09,5,-1
26,2014-01-09,6,-1
26,2014-01-09,7,1
26,2014-01-09,8,-1
26,2014-01-09,9,-1
26,2014-01-09,10,-1
26,2014-01-09,11,-1
26,2014-01-09,12,1
26,2014-01-09,13,1
26,2014-01-09,14,0
26,2014-01-09,15,-1
26,2014-01-09,16,-1
26,2014-01-09,17,1
26,2014-01-09,18,-1
26,2014-01-09,19,1
26,2014-01-09,20,-1
26,2014-01-09,21,1
26,2014-01-09,22,-1
26,2014-01-09,23,-1
26,2014-01-10,0,-1
26,2014-01-10,1,-1
26,2014-01-10,2,-1
26,2014-01-10,3,-1
26,2014-01-10,4,-1
26,2014-01-10,5,-1
26,2014-01-10,6,-1
26,2014-01-10,7,1
26,2014-01-10,8,-1
26,2014-01-10,9,-1
26,2014-01-10,10,-1
26,2014-01-10,11,1
26,2014-01-10,12,0
26,2014-01-10,13,1
26,2014-01-10,14,-1
26,2014-01-10,15,-1
26,2014-01-10,16,-1
26,2014-01-10,17,1
26,2014-01-10,18,-1
26,2014-01-10,19,-1
26,2014-01-10,20,1
26,2014-01-10,21,-1
26,2014-01-10,22,-1
26,2014-01-10,23,-1
26,2014-01-11,0,1
26,2014-01-11,1,-1
26,2014-01-11,2,-1
26,2014-01-11,3,1
26,2014-01-11,4,-1
26,2014-01-11,5,-1
26,2014-01-11,6,-1
26,2014-01-11,7,-1
26,2014-01-11,8,-1
26,2014-01-11,9,-1
26,2014-01-11,10,-1
26,2014-01-11,11,-1
26,2014-01-11,12,1
26,2014-01-11,13,1
26,2014-01-11,14,-1
26,2014-01-11,15,-1
26,2014-01-11,16,1
26,2014-01-11,17,-1
26,2014-01-11,18,1
26,2014-01-11,19,1
26,2014-01-11,20,0
26,2014-01-11,21,-1
26,2014-01-11,22,-1
26,2014-01-11,23,-1
26,2014-01-12,0,-1
26,2014-01-12,1,-1
26,2014-01-12,2,-1
26,2014-01-12,3,-1
26,2014-01-12,4,-1
26,2014-01-12,5,-1
26,2014-01-12,6,-1
26,2014-01-12,7,-1
26,2014-01-12,8,-1
26,2014-01-12,9,-1
26,2014-01-12,10,-1
26,2014-01-12,11,-1
26,2014-01-12,12,1
26,2014-01-12,13,1
26,2014-01-12,14,-1
26,2014-01-12,15,1
26,2014-01-12,16,-1
26,2014-01-12,17,-1
26,2014-01-12,18,-1
26,2014-01-12,19,-1
26,2014-01-12,20,-1
26,2014-01-12,21,-1
26,2014-01-12,22,-1
26,2014-01-12,23,-1
26,2014-01-13,0,-1
26,2014-01-13,1,-1
26,2014-01-13,2,-1
26,2014-01-13,3,-1
26,2014-01-13,4,-1
26,2014-01-13,5,-1
26,2014-01-13,6,-1
26,2014-01-13,7,1
26,2014-01-13,8,-1
26,2014-01-13,9,-1
26,2014-01-13,10,-1
26,2014-01-13,11,-1
26,2014-01-13,12,1
26,2014-01-13,13,1
26,2014-01-13,14,-1
26,2014-01-13,15,-1
26,2014-01-13,16,-1
26,2014-01-13,17,1
26,2014-01-13,18,-1
26,2014-01-13,19,1
26,2014-01-13,20,1
26,2014-01-13,21,-1
26,2014-01-13,22,-1
26,2014-01-13,23,-1
26,2014-01-14,0,-1
26,2014-01-14,1,-1
26,2014-01-14,2,-1
26,2014-01-14,3,-1
26,2014-01-14,4,-1
26,2014-01-14,5,-1
26,2014-01-14,6,-1
26,2014-01-14,7,1
26,2014-01-14,8,-1
26,2014-01-14,9,-1
26,2014-01-14,10,-1
26,2014-01-14,11,-1
26,2014-01-14,12,1
26,2014-01-14,13,1
26,2014-01-14,14,-1
26,2014-01-14,15,-1
26,2014-01-14,16,-1
26,2014-01-14,17,1
26,2014-01-14,18,-1
26,2014-01-14,19,-1
26,2014-01-14,20,-1
26,2014-01-14,21,-1
26,2014-01-14,22,-1
26,2014-01-14,23,-1
26,2014-01-15,0,-1
26,2014-01-15,1,-1
26,2014-01-15,2,-1
26,2014-01-15,3,-1
26,2014-01-15,4,-1
26,2014-01-15,5,-1
26,2014-01-15,6,-1
26,2014-01-15,7,1
26,2014-01-15,8,1
26,2014-01-15,9,-1
26,2014-01-15,10,-1
26,2014-01-15,11,-1
26,2014-01-15,12,1
26,2014-01-15,13,-1
26,2014-01-15,14,1
26,2014-01-15,15,-1
26,2014-01-15,16,-1
26,2014-01-15,17,1
26,2014-01-15,18,1
26,2014-01-15,19,-1
26,2014-01-15,20,1
26,2014-01-15,21,-1
26,2014-01-15,22,-1
26,2014-01-15,23,-1
26,2014-01-16,0,-1
26,2014-01-16,1,-1
26,2014-01-16,2,-1
26,2014-01-16,3,-1
26,2014-01-16,4,-1
26,2014-01-16,5,-1
26,2014-01-16,6,-1
26,2014-01-16,7,1
26,2014-01-16,8,-1
26,2014-01-16,9,-1
26,2014-01-16,10,-1
26,2014-01-16,11,1
26,2014-01-16,12,0
26,2014-01-16,13,-1
26,2014-01-16,14,1
26,2014-01-16,15,-1
26,2014-01-16,16,-1
26,2014-01-16,17,1
26,2014-01-16,18,-1
26,2014-01-16,19,-1
26,2014-01-16,20,-1
26,2014-01-16,21,-1
26,2014-01-16,22,-1
26,2014-01-16,23,-1
26,2014-01-17,0,-1
26,2014-01-17,1,-1
26,2014-01-17,2,-1
26,2014-01-17,3,-1
26,2014-01-17,4,-1
26,2014-01-17,5,-1
26,2014-01-17,6,-1
26,2014-01-17,7,1
26,2014-01-17,8,-1
26,2014-01-17,9,-1
26,2014-01-17,10,-1
26,2014-01-17,11,-1
26,2014-01-17,12,1
26,2014-01-17,13,1
26,2014-01-17,14,-1
26,2014-01-17,15,-1
26,2014-01-17,16,-1
26,2014-01-17,17,1
26,2014-01-17,18,-1
26,2014-01-17,19,1
26,2014-01-17,20,1
26,2014-01-17,21,-1
26,2014-01-17,22,-1
26,2014-01-17,23,-1
26,2014-01-18,0,-1
26,2014-01-18,1,-1
26,2014-01-18,2,-1
26,2014-01-18,3,-1
26,2014-01-18,4,-1
26,2014-01-18,5,-1
26,2014-01-18,6,-1
26,2014-01-18,7,-1
26,2014-01-18,8,-1
26,2014-01-18,9,-1
26,2014-01-18,10,-1
26,2014-01-18,11,-1
26,2014-01-18,12,-1
26,2014-01-18,13,-1
26,2014-01-18,14,-1
26,2014-01-18,15,-1
26,2014-01-18,16,-1
26,2014-01-18,17,-1
26,2014-01-18,18,1
26,2014-01-18,19,1
26,2014-01-18,20,0
26,2014-01-18,21,-1
26,2014-01-18,22,-1
26,2014-01-18,23,-1
26,2014-01-19,0,-1
26,2014-01-19,1,-1
26,2014-01-19,2,-1
26,2014-01-19,3,-1
26,2014-01-19,4,-1
26,2014-01-19,5,-1
26,2014-01-19,6,-1
26,2014-01-19,7,-1
26,2014-01-19,8,-1
26,2014-01-19,9,-1
26,2014-01-19,10,-1
26,2014-01-19,11,-1
26,2014-01-19,12,1
26,2014-01-19,13,-1
26,2014-01-19,14,1
26,2014-01-19,15,-1
26,2014-01-19,16,-1
26,2014-01-19,17,-1
26,2014-01-19,18,-1
26,2014-01-19,19,-1
26,2014-01-19,20,-1
26,2014-01-19,21,-1
26,2014-01-19,22,-1
26,2014-01-19,23,-1
27,2014-01-06,0,-1
27,2014-01-06,1,-1
27,2014-01-06,2,-1
27,2014-01-06,3,-1
27,2014-01-06,4,-1
27,2014-01-06,5,-1
27,2014-01-06,6,-1
27,2014-01-06,7,1
27,2014-01-06,8,-1
27,2014-01-06,9,-1
27,2014-01-06,10,-1
27,2014-01-06,11,-1
27,2014-01-06,12,1
27,2014-01-06,13,-1
27,2014-01-06,14,1
27,2014-01-06,15,-1
27,2014-01-06,16,-1
27,2014-01-06,17,1
27,2014-01-06,18,-1
27,2014-01-06,19,1
27,2014-01-06,20,-1
27,2014-01-06,21,1
27,2014-01-06,22,-1
27,2014-01-06,23,-1
27,2014-01-07,0,-1
27,2014-01-07,1,-1
27,2014-01-07,2,-1
27,2014-01-07,3,-1
27,2014-01-07,4,-1
27,2014-01-07,5,-1
27,2014-01-07,6,-1
27,2014-01-07,7,1
27,2014-01-07,8,0
27,2014-01-07,9,-1
27,2014-01-07,10,-1
27,2014-01-07,11,-1
27,2014-01-07,12,1
27,2014-01-07,13,-1
27,2014-01-07,14,1
27,2014-01-07,15,-1
27,2014-01-07,16,-1
27,2014-01-07,17,1
27,2014-01-07,18,-1
27,2014-01-07,19,1
27,2014-01-07,20,1
27,2014-01-07,21,-1
27,2014-01-07,22,-1
27,2014-01-07,23,-1
27,2014-01-08,0,-1
27,2014-01-08,1,-1
27,2014-01-08,2,-1
27,2014-01-08,3,-1
27,2014-01-08,4,-1
27,2014-01-08,5,-1
27,2014-01-08,6,-1
27,2014-01-08,7,1
27,2014-01-08,8,0
27,2014-01-08,9,-1
27,2014-01-08,10,-1
27,2014-01-08,11,-1
27,2014-01-08,12,1
27,2014-01-08,13,1
27,2014-01-08,14,0
27,2014-01-08,15,-1
27,2014-01-08,16,-1
27,2014-01-08,17,1
27,2014-01-08,18,-1
27,2014-01-08,19,-1
27,2014-01-08,20,-1
27,2014-01-08,21,-1
27,2014-01-08,22,-1
27,2014-01-08,23,-1
27,2014-01-09,0,-1
27,2014-01-09,1,-1
27,2014-01-09,2,-1
27,2014-01-09,3,-1
27,2014-01-09,4,-1
27,2014-01-09,5,-1
27,2014-01-09,6,-1
27,2014-01-09,7,1
27,2014-01-09,8,1
27,2014-01-09,9,-1
27,2014-01-09,10,-1
27,2014-01-09,11,-1
27,2014-01-09,12,1
27,2014-01-09,13,-1
27,2014-01-09,14,1
27,2014-01-09,15,-1
27,2014-01-09,16,-1
27,2014-01-09,17,1
27,2014-01-09,18,1
27,2014-01-09,19,-1
27,2014-01-09,20,1
27,2014-01-09,21,-1
27,2014-01-09,22,-1
27,2014-01-09,23,-1
27,2014-01-10,0,-1
27,2014-01-10,1,-1
27,2014-01-10,2,-1
27,2014-01-10,3,-1
27,2014-01-10,4,-1
27,2014-01-10,5,-1
27,2014-01-10,6,-1
27,2014-01-10,7,1
27,2014-01-10,8,-1
27,2014-01-10,9,-1
27,2014-01-10,10,-1
27,2014-01-10,11,-1
27,2014-01-10,12,1
27,2014-01-10,13,-1
27,2014-01-10,14,1
27,2014-01-10,15,-1
27,2014-01-10,16,-1
27,2014-01-10,17,1
27,2014-01-10,18,-1
27,2014-01-10,19,-1
27,2014-01-10,20,-1
27,2014-01-10,21,-1
27,2014-01-10,22,-1
27,2014-01-10,23,-1
27,2014-01-11,0,-1
27,2014-01-11,1,-1
27,2014-01-11,2,-1
27,2014-01-11,3,-1
27,2014-01-11,4,-1
27,2014-01-11,5,-1
27,2014-01-11,6,-1
27,2014-01-11,7,-1
27,2014-01-11,8,-1
27,2014-01-11,9,-1
27,2014-01-11,10,-1
27,2014-01-11,11,-1
27,2014-01-11,12,-1
27,2014-01-11,13,-1
27,2014-01-11,14,-1
27,2014-01-11,15,-1
27,2014-01-11,16,-1
27,2014-01-11,17,-1
27,2014-01-11,18,1
27,2014-01-11,19,-1
27,2014-01-11,20,1
27,2014-01-11,21,-1
27,2014-01-11,22,-1
27,2014-01-11,23,-1
27,2014-01-12,0,-1
27,2014-01-12,1,-1
27,2014-01-12,2,-1
27,2014-01-12,3,-1
27,2014-01-12,4,-1
27,2014-01-12,5,-1
27,2014-01-12,6,-1
27,2014-01-12,7,-1
27,2014-01-12,8,-1
27,2014-01-12,9,-1
27,2014-01-12,10,-1
27,2014-01-12,11,-1
27,2014-01-12,12,-1
27,2014-01-12,13,1
27,2014-01-12,14,0
27,2014-01-12,15,-1
27,2014-01-12,16,-1
27,2014-01-12,17,-1
27,2014-01-12,18,1
27,2014-01-12,19,1
27,2014-01-12,20,-1
27,2014-01-12,21,-1
27,2014-01-12,22,-1
27,2014-01-12,23,-1
27,2014-01-13,0,-1
27,2014-01-13,1,-1
27,2014-01-13,2,-1
27,2014-01-13,3,-1
27,2014-01-13,4,-1
27,2014-01-13,5,-1
27,2014-01-13,6,-1
27,2014-01-13,7,1
27,2014-01-13,8,-1
27,2014-01-13,9,-1
27,2014-01-13,10,-1
27,2014-01-13,11,-1
27,2014-01-13,12,1
27,2014-01-13,13,1
27,2014-01-13,14,-1
27,2014-01-13,15,-1
27,2014-01-13,16,-1
27,2014-01-13,17,1
27,2014-01-13,18,-1
27,2014-01-13,19,-1
27,2014-01-13,20,-1
27,2014-01-13,21,-1
27,2014-01-13,22,-1
27,2014-01-13,23,-1
27,2014-01-14,0,-1
27,2014-01-14,1,-1
27,2014-01-14,2,-1
27,2014-01-14,3,-1
27,2014-01-14,4,-1
27,2014-01-14,5,-1
27,2014-01-14,6,-1
27,2014-01-14,7,1
27,2014-01-14,8,1
27,2014-01-14,9,-1
27,2014-01-14,10,-1
27,2014-01-14,11,-1
27,2014-01-14,12,1
27,2014-01-14,13,1
27,2014-01-14,14,-1
27,2014-01-14,15,-1
27,2014-01-14,16,-1
27,2014-01-14,17,1
27,2014-01-14,18,1
27,2014-01-14,19,-1
27,2014-01-14,20,1
27,2014-01-14,21,-1
27,2014-01-14,22,-1
27,2014-01-14,23,-1
27,2014-01-15,0,-1
27,2014-01-15,1,-1
27,2014-01-15,2,-1
27,2014-01-15,3,-1
27,2014-01-15,4,-1
27,2014-01-15,5,-1
27,2014-01-15,6,-1
27,2014-01-15,7,1
27,2014-01-15,8,1
27,2014-01-15,9,-1
27,2014-01-15,10,-1
27,2014-01-15,11,-1
27,2014-01-15,12,1
27,2014-01-15,13,-1
27,2014-01-15,14,1
27,2014-01-15,15,-1
27,2014-01-15,16,-1
27,2014-01-15,17,1
27,2014-01-15,18,1
27,2014-01-15,19,1
27,2014-01-15,20,0
27,2014-01-15,21,-1
27,2014-01-15,22,-1
27,2014-01-15,23,-1
27,2014-01-16,0,-1
27,2014-01-16,1,-1
27,2014-01-16,2,-1
27,2014-01-16,3,-1
27,2014-01-16,4,-1
27,2014-01-16,5,-1
27,2014-01-16,6,-1
27,2014-01-16,7,1
27,2014-01-16,8,-1
27,2014-01-16,9,-1
27,2014-01-16,10,-1
27,2014-01-16,11,-1
27,2014-01-16,12,1
27,2014-01-16,13,1
27,2014-01-16,14,-1
27,2014-01-16,15,-1
27,2014-01-16,16,-1
27,2014-01-16,17,1
27,2014-01-16,18,-1
27,2014-01-16,19,1
27,2014-01-16,20,1
27,2014-01-16,21,-1
27,2014-01-16,22,-1
27,2014-01-16,23,-1
27,2014-01-17,0,-1
27,2014-01-17,1,-1
27,2014-01-17,2,-1
27,2014-01-17,3,-1
27,2014-01-17,4,-1
27,2014-01-17,5,-1
27,2014-01-17,6,-1
27,2014-01-17,7,1
27,2014-01-17,8,1
27,2014-01-17,9,-1
27,2014-01-17,10,-1
27,2014-01-17,11,-1
27,2014-01-17,12,1
27,2014-01-17,13,-1
27,2014-01-17,14,1
27,2014-01-17,15,-1
27,2014-01-17,16,-1
27,2014-01-17,17,1
27,2014-01-17,18,1
27,2014-01-17,19,1
27,2014-01-17,20,-1
27,2014-01-17,21,-1
27,2014-01-17,22,-1
27,2014-01-17,23,-1
27,2014-01-18,0,-1
27,2014-01-18,1,-1
27,2014-01-18,2,-1
27,2014-01-18,3,-1
27,2014-01-18,4,-1
27,2014-01-18,5,-1
27,2014-01-18,6,-1
27,2014-01-18,7,-1
27,2014-01-18,8,-1
27,2014-01-18,9,-1
27,2014-01-18,10,-1
27,2014-01-18,11,-1
27,2014-01-18,12,-1
27,2014-01-18,13,-1
27,2014-01-18,14,-1
27,2014-01-18,15,-1
27,2014-01-18,16,-1
27,2014-01-18,17,-1
27,2014-01-18,18,-1
27,2014-01-18,19,-1
27,2014-01-18,20,-1
27,2014-01-18,21,-1
27,2014-01-18,22,-1
27,2014-01-18,23,-1
27,2014-01-19,0,-1
27,2014-01-19,1,-1
27,2014-01-19,2,-1
27,2014-01-19,3,-1
27,2014-01-19,4,-1
27,2014-01-19,5,-1
27,2014-01-19,6,-1
27,2014-01-19,7,-1
27,2014-01-19,8,-1
27,2014-01-19,9,-1
27,2014-01-19,10,-1
27,2014-01-19,11,-1
27,2014-01-19,12,1
27,2014-01-19,13,0
27,2014-01-19,14,1
27,2014-01-19,15,-1
27,2014-01-19,16,-1
27,2014-01-19,17,-1
27,2014-01-19,18,-1
27,2014-01-19,19,-1
27,2014-01-19,20,-1
27,2014-01-19,21,-1
27,2014-01-19,22,-1
27,2014-01-19,23,-1
28,2014-01-06,0,-1
28,2014-01-06,1,-1
28,2014-01-06,2,-1
28,2014-01-06,3,-1
28,2014-01-06,4,-1
28,2014-01-06,5,-1
28,2014-01-06,6,-1
28,2014-01-06,7,0
28,2014-01-06,8,1
28,2014-01-06,9,-1
28,2014-01-06,10,-1
28,2014-01-06,11,-1
28,2014-01-06,12,-1
28,2014-01-06,13,-1
28,2014-01-06,14,-1
28,2014-01-06,15,-1
28,2014-01-06,16,-1
28,2014-01-06,17,1
28,2014-01-06,18,1
28,2014-01-06,19,1
28,2014-01-06,20,0
28,2014-01-06,21,-1
28,2014-01-06,22,-1
28,2014-01-06,23,-1
28,2014-01-07,0,-1
28,2014-01-07,1,-1
28,2014-01-07,2,-1
28,2014-01-07,3,-1
28,2014-01-07,4,-1
28,2014-01-07,5,-1
28,2014-01-07,6,-1
28,2014-01-07,7,1
28,2014-01-07,8,0
28,2014-01-07,9,-1
28,2014-01-07,10,-1
28,2014-01-07,11,-1
28,2014-01-07,12,-1
28,2014-01-07,13,-1
28,2014-01-07,14,-1
28,2014-01-07,15,-1
28,2014-01-07,16,-1
28,2014-01-07,17,1
28,2014-01-07,18,-1
28,2014-01-07,19,1
28,2014-01-07,20,1
28,2014-01-07,21,-1
28,2014-01-07,22,-1
28,2014-01-07,23,-1
28,2014-01-08,0,-1
28,2014-01-08,1,-1
28,2014-01-08,2,-1
28,2014-01-08,3,-1
28,2014-01-08,4,-1
28,2014-01-08,5,-1
28,2014-01-08,6,-1
28,2014-01-08,7,1
28,2014-01-08,8,1
28,2014-01-08,9,-1
28,2014-01-08,10,-1
28,2014-01-08,11,-1
28,2014-01-08,12,-1
28,2014-01-08,13,-1
28,2014-01-08,14,-1
28,2014-01-08,15,-1
28,2014-01-08,16,-1
28,2014-01-08,17,1
28,2014-01-08,18,1
28,2014-01-08,19,-1
28,2014-01-08,20,1
28,2014-01-08,21,-1
28,2014-01-08,22,-1
28,2014-01-08,23,-1
28,2014-01-09,0,-1
28,2014-01-09,1,-1
28,2014-01-09,2,-1
28,2014-01-09,3,-1
28,2014-01-09,4,-1
28,2014-01-09,5,-1
28,2014-01-09,6,-1
28,2014-01-09,7,1
28,2014-01-09,8,0
28,2014-01-09,9,-1
28,2014-01-09,10,-1
28,2014-01-09,11,-1
28,2014-01-09,12,1
28,2014-01-09,13,1
28,2014-01-09,14,-1
28,2014-01-09,15,-1
28,2014-01-09,16,-1
28,2014-01-09,17,1
28,2014-01-09,18,1
28,2014-01-09,19,1
28,2014-01-09,20,-1
28,2014-01-09,21,-1
28,2014-01-09,22,-1
28,2014-01-09,23,-1
28,2014-01-10,0,-1
28,2014-01-10,1,-1
28,2014-01-10,2,-1
28,2014-01-10,3,-1
28,2014-01-10,4,-1
28,2014-01-10,5,-1
28,2014-01-10,6,-1
28,2014-01-10,7,1
28,2014-01-10,8,-1
28,2014-01-10,9,-1
28,2014-01-10,10,-1
28,2014-01-10,11,-1
28,2014-01-10,12,-1
28,2014-01-10,13,-1
28,2014-01-10,14,-1
28,2014-01-10,15,-1
28,2014-01-10,16,-1
28,2014-01-10,17,1
28,2014-01-10,18,-1
28,2014-01-10,19,1
28,2014-01-10,20,-1
28,2014-01-10,21,-1
28,2014-01-10,22,1
28,2014-01-10,23,-1
28,2014-01-11,0,-1
28,2014-01-11,1,-1
28,2014-01-11,2,-1
28,2014-01-11,3,-1
28,2014-01-11,4,-1
28,2014-01-11,5,-1
28,2014-01-11,6,-1
28,2014-01-11,7,-1
28,2014-01-11,8,-1
28,2014-01-11,9,-1
28,2014-01-11,10,-1
28,2014-01-11,11,-1
28,2014-01-11,12,-1
28,2014-01-11,13,-1
28,2014-01-11,14,-1
28,2014-01-11,15,-1
28,2014-01-11,16,-1
28,2014-01-11,17,-1
28,2014-01-11,18,1
28,2014-01-11,19,-1
28,2014-01-11,20,1
28,2014-01-11,21,-1
28,2014-01-11,22,-1
28,2014-01-11,23,-1
28,2014-01-12,0,-1
28,2014-01-12,1,-1
28,2014-01-12,2,-1
28,2014-01-12,3,-1
28,2014-01-12,4,-1
28,2014-01-12,5,-1
28,2014-01-12,6,-1
28,2014-01-12,7,-1
28,2014-01-12,8,-1
28,2014-01-12,9,-1
28,2014-01-12,10,-1
28,2014-01-12,11,-1
28,2014-01-12,12,-1
28,2014-01-12,13,-1
28,2014-01-12,14,-1
28,2014-01-12,15,-1
28,2014-01-12,16,-1
28,2014-01-12,17,-1
28,2014-01-12,18,1
28,2014-01-12,19,1
28,2014-01-12,20,0
28,2014-01-12,21,-1
28,2014-01-12,22,-1
28,2014-01-12,23,1
28,2014-01-13,0,-1
28,2014-01-13,1,-1
28,2014-01-13,2,-1
28,2014-01-13,3,-1
28,2014-01-13,4,-1
28,2014-01-13,5,-1
28,2014-01-13,6,1
28,2014-01-13,7,1
28,2014-01-13,8,-1
28,2014-01-13,9,-1
28,2014-01-13,10,-1
28,2014-01-13,11,-1
28,2014-01-13,12,-1
28,2014-01-13,13,-1
28,2014-01-13,14,-1
28,2014-01-13,15,-1
28,2014-01-13,16,-1
28,2014-01-13,17,1
28,2014-01-13,18,-1
28,2014-01-13,19,-1
28,2014-01-13,20,-1
28,2014-01-13,21,-1
28,2014-01-13,22,-1
28,2014-01-13,23,-1
28,2014-01-14,0,-1
28,2014-01-14,1,-1
28,2014-01-14,2,-1
28,2014-01-14,3,-1
28,2014-01-14,4,-1
28,2014-01-14,5,-1
28,2014-01-14,6,-1
28,2014-01-14,7,1
28,2014-01-14,8,1
28,2014-01-14,9,-1
28,2014-01-14,10,-1
28,2014-01-14,11,-1
28,2014-01-14,12,1
28,2014-01-14,13,1
28,2014-01-14,14,-1
28,2014-01-14,15,-1
28,2014-01-14,16,-1
28,2014-01-14,17,1
28,2014-01-14,18,-1
28,2014-01-14,19,1
28,2014-01-14,20,1
28,2014-01-14,21,-1
28,2014-01-14,22,-1
28,2014-01-14,23,-1
28,2014-01-15,0,-1
28,2014-01-15,1,-1
28,2014-01-15,2,-1
28,2014-01-15,3,-1
28,2014-01-15,4,-1
28,2014-01-15,5,-1
28,2014-01-15,6,-1
28,2014-01-15,7,1
28,2014-01-15,8,0
28,2014-01-15,9,-1
28,2014-01-15,10,-1
28,2014-01-15,11,-1
28,2014-01-15,12,-1
28,2014-01-15,13,-1
28,2014-01-15,14,-1
28,2014-01-15,15,-1
28,2014-01-15,16,-1
28,2014-01-15,17,1
28,2014-01-15,18,1
28,2014-01-15,19,1
28,2014-01-15,20,-1
28,2014-01-15,21,-1
28,2014-01-15,22,-1
28,2014-01-15,23,-1
28,2014-01-16,0,-1
28,2014-01-16,1,-1
28,2014-01-16,2,-1
28,2014-01-16,3,-1
28,2014-01-16,4,-1
28,2014-01-16,5,-1
28,2014-01-16,6,-1
28,2014-01-16,7,1
28,2014-01-16,8,0
28,2014-01-16,9,-1
28,2014-01-16,10,-1
28,2014-01-16,11,-1
28,2014-01-16,12,-1
28,2014-01-16,13,-1
28,2014-01-16,14,-1
28,2014-01-16,15,-1
28,2014-01-16,16,-1
28,2014-01-16,17,1
28,2014-01-16,18,-1
28,2014-01-16,19,1
28,2014-01-16,20,-1
28,2014-01-16,21,1
28,2014-01-16,22,-1
28,2014-01-16,23,-1
28,2014-01-17,0,-1
28,2014-01-17,1,-1
28,2014-01-17,2,-1
28,2014-01-17,3,-1
28,2014-01-17,4,-1
28,2014-01-17,5,-1
28,2014-01-17,6,1
28,2014-01-17,7,1
28,2014-01-17,8,0
28,2014-01-17,9,-1
28,2014-01-17,10,-1
28,2014-01-17,11,1
28,2014-01-17,12,0
28,2014-01-17,13,1
28,2014-01-17,14,-1
28,2014-01-17,15,-1
28,2014-01-17,16,-1
28,2014-01-17,17,1
28,2014-01-17,18,1
28,2014-01-17,19,-1
28,2014-01-17,20,1
28,2014-01-17,21,-1
28,2014-01-17,22,-1
28,2014-01-17,23,-1
28,2014-01-18,0,-1
28,2014-01-18,1,-1
28,2014-01-18,2,-1
28,2014-01-18,3,-1
28,2014-01-18,4,-1
28,2014-01-18,5,-1
28,2014-01-18,6,-1
28,2014-01-18,7,-1
28,2014-01-18,8,-1
28,2014-01-18,9,-1
28,2014-01-18,10,1
28,2014-01-18,11,-1
28,2014-01-18,12,-1
28,2014-01-18,13,1
28,2014-01-18,14,-1
28,2014-01-18,15,-1
28,2014-01-18,16,-1
28,2014-01-18,17,-1
28,2014-01-18,18,1
28,2014-01-18,19,-1
28,2014-01-18,20,1
28,2014-01-18,21,-1
28,2014-01-18,22,-1
28,2014-01-18,23,1
28,2014-01-19,0,0
28,2014-01-19,1,-1
28,2014-01-19,2,-1
28,2014-01-19,3,-1
28,2014-01-19,4,-1
28,2014-01-19,5,-1
28,2014-01-19,6,-1
28,2014-01-19,7,-1
28,2014-01-19,8,-1
28,2014-01-19,9,-1
28,2014-01-19,10,-1
28,2014-01-19,11,-1
28,2014-01-19,12,1
28,2014-01-19,13,-1
28,2014-01-19,14,-1
28,2014-01-19,15,1
28,2014-01-19,16,-1
28,2014-01-19,17,-1
28,2014-01-19,18,1
28,2014-01-19,19,-1
28,2014-01-19,20,1
28,2014-01-19,21,-1
28,2014-01-19,22,-1
28,2014-01-19,23,-1
29,2014-01-06,0,-1
29,2014-01-06,1,-1
29,2014-01-06,2,-1
29,2014-01-06,3,-1
29,2014-01-06,4,-1
29,2014-01-06,5,-1
29,2014-01-06,6,-1
29,2014-01-06,7,1
29,2014-01-06,8,0
29,2014-01-06,9,-1
29,2014-01-06,10,-1
29,2014-01-06,11,-1
29,2014-01-06,12,1
29,2014-01-06,13,1
29,2014-01-06,14,-1
29,2014-01-06,15,-1
29,2014-01-06,16,-1
29,2014-01-06,17,1
29,2014-01-06,18,-1
29,2014-01-06,19,1
29,2014-01-06,20,1
29,2014-01-06,21,-1
29,2014-01-06,22,-1
29,2014-01-06,23,-1
29,2014-01-07,0,-1
29,2014-01-07,1,-1
29,2014-01-07,2,-1
29,2014-01-07,3,-1
29,2014-01-07,4,-1
29,2014-01-07,5,-1
29,2014-01-07,6,-1
29,2014-01-07,7,1
29,2014-01-07,8,-1
29,2014-01-07,9,-1
29,2014-01-07,10,-1
29,2014-01-07,11,-1
29,2014-01-07,12,1
29,2014-01-07,13,-1
29,2014-01-07,14,1
29,2014-01-07,15,-1
29,2014-01-07,16,-1
29,2014-01-07,17,1
29,2014-01-07,18,1
29,2014-01-07,19,-1
29,2014-01-07,20,1
29,2014-01-07,21,-1
29,2014-01-07,22,-1
29,2014-01-07,23,-1
29,2014-01-08,0,-1
29,2014-01-08,1,-1
29,2014-01-08,2,-1
29,2014-01-08,3,-1
29,2014-01-08,4,-1
29,2014-01-08,5,-1
29,2014-01-08,6,-1
29,2014-01-08,7,1
29,2014-01-08,8,0
29,2014-01-08,9,-1
29,2014-01-08,10,-1
29,2014-01-08,11,-1
29,2014-01-08,12,1
29,2014-01-08,13,1
29,2014-01-08,14,-1
29,2014-01-08,15,-1
29,2014-01-08,16,-1
29,2014-01-08,17,1
29,2014-01-08,18,-1
29,2014-01-08,19,1
29,2014-01-08,20,1
29,2014-01-08,21,-1
29,2014-01-08,22,-1
29,2014-01-08,23,-1
29,2014-01-09,0,-1
29,2014-01-09,1,-1
29,2014-01-09,2,-1
29,2014-01-09,3,-1
29,2014-01-09,4,-1
29,2014-01-09,5,-1
29,2014-01-09,6,-1
29,2014-01-09,7,1
29,2014-01-09,8,-1
29,2014-01-09,9,-1
29,2014-01-09,10,-1
29,2014-01-09,11,-1
29,2014-01-09,12,1
29,2014-01-09,13,-1
29,2014-01-09,14,1
29,2014-01-09,15,-1
29,2014-01-09,16,-1
29,2014-01-09,17,1
29,2014-01-09,18,1
29,2014-01-09,19,1
29,2014-01-09,20,-1
29,2014-01-09,21,-1
29,2014-01-09,22,-1
29,2014-01-09,23,-1
29,2014-01-10,0,-1
29,2014-01-10,1,-1
29,2014-01-10,2,-1
29,2014-01-10,3,-1
29,2014-01-10,4,-1
29,2014-01-10,5,-1
29,2014-01-10,6,-1
29,2014-01-10,7,1
29,2014-01-10,8,-1
29,2014-01-10,9,-1
29,2014-01-10,10,-1
29,2014-01-10,11,-1
29,2014-01-10,12,1
29,2014-01-10,13,-1
29,2014-01-10,14,1
29,2014-01-10,15,-1
29,2014-01-10,16,-1
29,2014-01-10,17,1
29,2014-01-10,18,1
29,2014-01-10,19,-1
29,2014-01-10,20,1
29,2014-01-10,21,-1
29,2014-01-10,22,-1
29,2014-01-10,23,-1
29,2014-01-11,0,-1
29,2014-01-11,1,-1
29,2014-01-11,2,-1
29,2014-01-11,3,-1
29,2014-01-11,4,-1
29,2014-01-11,5,-1
29,2014-01-11,6,-1
29,2014-01-11,7,-1
29,2014-01-11,8,-1
29,2014-01-11,9,-1
29,2014-01-11,10,-1
29,2014-01-11,11,-1
29,2014-01-11,12,-1
29,2014-01-11,13,-1
29,2014-01-11,14,-1
29,2014-01-11,15,-1
29,2014-01-11,16,-1
29,2014-01-11,17,-1
29,2014-01-11,18,1
29,2014-01-11,19,-1
29,2014-01-11,20,1
29,2014-01-11,21,-1
29,2014-01-11,22,1
29,2014-01-11,23,1
29,2014-01-12,0,0
29,2014-01-12,1,-1
29,2014-01-12,2,-1
29,2014-01-12,3,-1
29,2014-01-12,4,-1
29,2014-01-12,5,-1
29,2014-01-12,6,-1
29,2014-01-12,7,-1
29,2014-01-12,8,-1
29,2014-01-12,9,-1
29,2014-01-12,10,-1
29,2014-01-12,11,-1
29,2014-01-12,12,1
29,2014-01-12,13,1
29,2014-01-12,14,-1
29,2014-01-12,15,-1
29,2014-01-12,16,1
29,2014-01-12,17,-1
29,2014-01-12,18,1
29,2014-01-12,19,-1
29,2014-01-12,20,1
29,2014-01-12,21,-1
29,2014-01-12,22,-1
29,2014-01-12,23,-1
29,2014-01-13,0,-1
29,2014-01-13,1,-1
29,2014-01-13,2,-1
29,2014-01-13,3,-1
29,2014-01-13,4,-1
29,2014-01-13,5,-1
29,2014-01-13,6,-1
29,2014-01-13,7,1
29,2014-01-13,8,-1
29,2014-01-13,9,-1
29,2014-01-13,10,-1
29,2014-01-13,11,-1
29,2014-01-13,12,1
29,2014-01-13,13,1
29,2014-01-13,14,-1
29,2014-01-13,15,-1
29,2014-01-13,16,-1
29,2014-01-13,17,1
29,2014-01-13,18,1
29,2014-01-13,19,1
29,2014-01-13,20,-1
29,2014-01-13,21,-1
29,2014-01-13,22,-1
29,2014-01-13,23,-1
29,2014-01-14,0,-1
29,2014-01-14,1,-1
29,2014-01-14,2,-1
29,2014-01-14,3,-1
29,2014-01-14,4,-1
29,2014-01-14,5,-1
29,2014-01-14,6,-1
29,2014-01-14,7,1
29,2014-01-14,8,-1
29,2014-01-14,9,-1
29,2014-01-14,10,-1
29,2014-01-14,11,-1
29,2014-01-14,12,1
29,2014-01-14,13,1
29,2014-01-14,14,-1
29,2014-01-14,15,-1
29,2014-01-14,16,-1
29,2014-01-14,17,1
29,2014-01-14,18,1
29,2014-01-14,19,-1
29,2014-01-14,20,1
29,2014-01-14,21,-1
29,2014-01-14,22,-1
29,2014-01-14,23,-1
29,2014-01-15,0,-1
29,2014-01-15,1,-1
29,2014-01-15,2,-1
29,2014-01-15,3,-1
29,2014-01-15,4,-1
29,2014-01-15,5,-1
29,2014-01-15,6,-1
29,2014-01-15,7,1
29,2014-01-15,8,0
29,2014-01-15,9,-1
29,2014-01-15,10,-1
29,2014-01-15,11,-1
29,2014-01-15,12,1
29,2014-01-15,13,1
29,2014-01-15,14,1
29,2014-01-15,15,-1
29,2014-01-15,16,-1
29,2014-01-15,17,1
29,2014-01-15,18,-1
29,2014-01-15,19,1
29,2014-01-15,20,-1
29,2014-01-15,21,1
29,2014-01-15,22,-1
29,2014-01-15,23,-1
29,2014-01-16,0,-1
29,2014-01-16,1,-1
29,2014-01-16,2,-1
29,2014-01-16,3,-1
29,2014-01-16,4,-1
29,2014-01-16,5,-1
29,2014-01-16,6,-1
29,2014-01-16,7,1
29,2014-01-16,8,-1
29,2014-01-16,9,-1
29,2014-01-16,10,-1
29,2014-01-16,11,-1
29,2014-01-16,12,1
29,2014-01-16,13,1
29,2014-01-16,14,-1
29,2014-01-16,15,-1
29,2014-01-16,16,-1
29,2014-01-16,17,1
29,2014-01-16,18,1
29,2014-01-16,19,1
29,2014-01-16,20,-1
29,2014-01-16,21,-1
29,2014-01-16,22,-1
29,2014-01-16,23,-1
29,2014-01-17,0,-1
29,2014-01-17,1,-1
29,2014-01-17,2,-1
29,2014-01-17,3,-1
29,2014-01-17,4,-1
29,2014-01-17,5,-1
29,2014-01-17,6,-1
29,2014-01-17,7,1
29,2014-01-17,8,-1
29,2014-01-17,9,-1
29,2014-01-17,10,-1
29,2014-01-17,11,-1
29,2014-01-17,12,1
29,2014-01-17,13,1
29,2014-01-17,14,-1
29,2014-01-17,15,-1
29,2014-01-17,16,-1
29,2014-01-17,17,1
29,2014-01-17,18,-1
29,2014-01-17,19,-1
29,2014-01-17,20,-1
29,2014-01-17,21,-1
29,2014-01-17,22,-1
29,2014-01-17,23,-1
29,2014-01-18,0,-1
29,2014-01-18,1,-1
29,2014-01-18,2,-1
29,2014-01-18,3,-1
29,2014-01-18,4,-1
29,2014-01-18,5,-1
29,2014-01-18,6,-1
29,2014-01-18,7,-1
29,2014-01-18,8,-1
29,2014-01-18,9,-1
29,2014-01-18,10,-1
29,2014-01-18,11,-1
29,2014-01-18,12,1
29,2014-01-18,13,1
29,2014-01-18,14,-1
29,2014-01-18,15,1
29,2014-01-18,16,-1
29,2014-01-18,17,-1
29,2014-01-18,18,1
29,2014-01-18,19,1
29,2014-01-18,20,0
29,2014-01-18,21,-1
29,2014-01-18,22,-1
29,2014-01-18,23,-1
29,2014-01-19,0,-1
29,2014-01-19,1,-1
29,2014-01-19,2,-1
29,2014-01-19,3,-1
29,2014-01-19,4,-1
29,2014-01-19,5,-1
29,2014-01-19,6,-1
29,2014-01-19,7,-1
29,2014-01-19,8,-1
29,2014-01-19,9,-1
29,2014-01-19,10,-1
29,2014-01-19,11,-1
29,2014-01-19,12,-1
29,2014-01-19,13,-1
29,2014-01-19,14,-1
29,2014-01-19,15,-1
29,2014-01-19,16,-1
29,2014-01-19,17,-1
29,2014-01-19,18,1
29,2014-01-19,19,-1
29,2014-01-19,20,-1
29,2014-01-19,21,-1
29,2014-01-19,22,-1
29,2014-01-19,23,-1
30,2014-01-06,0,-1
30,2014-01-06,1,-1
30,2014-01-06,2,-1
30,2014-01-06,3,-1
30,2014-01-06,4,-1
30,2014-01-06,5,-1
30,2014-01-06,6,-1
30,2014-01-06,7,0
30,2014-01-06,8,1
30,2014-01-06,9,-1
30,2014-01-06,10,-1
30,2014-01-06,11,-1
30,2014-01-06,12,1
30,2014-01-06,13,-1
30,2014-01-06,14,1
30,2014-01-06,15,1
30,2014-01-06,16,-1
30,2014-01-06,17,1
30,2014-01-06,18,-1
30,2014-01-06,19,1
30,2014-01-06,20,1
30,2014-01-06,21,-1
30,2014-01-06,22,-1
30,2014-01-06,23,-1
30,2014-01-07,0,-1
30,2014-01-07,1,-1
30,2014-01-07,2,-1
30,2014-01-07,3,-1
30,2014-01-07,4,-1
30,2014-01-07,5,-1
30,2014-01-07,6,-1
30,2014-01-07,7,1
30,2014-01-07,8,1
30,2014-01-07,9,-1
30,2014-01-07,10,-1
30,2014-01-07,11,-1
30,2014-01-07,12,1
30,2014-01-07,13,1
30,2014-01-07,14,1
30,2014-01-07,15,-1
30,2014-01-07,16,-1
30,2014-01-07,17,1
30,2014-01-07,18,1
30,2014-01-07,19,-1
30,2014-01-07,20,1
30,2014-01-07,21,-1
30,2014-01-07,22,-1
30,2014-01-07,23,-1
30,2014-01-08,0,-1
30,2014-01-08,1,-1
30,2014-01-08,2,-1
30,2014-01-08,3,-1
30,2014-01-08,4,-1
30,2014-01-08,5,-1
30,2014-01-08,6,-1
30,2014-01-08,7,1
30,2014-01-08,8,1
30,2014-01-08,9,-1
30,2014-01-08,10,-1
30,2014-01-08,11,-1
30,2014-01-08,12,-1
30,2014-01-08,13,-1
30,2014-01-08,14,-1
30,2014-01-08,15,-1
30,2014-01-08,16,-1
30,2014-01-08,17,1
30,2014-01-08,18,-1
30,2014-01-08,19,1
30,2014-01-08,20,1
30,2014-01-08,21,0
30,2014-01-08,22,-1
30,2014-01-08,23,-1
30,2014-01-09,0,-1
30,2014-01-09,1,-1
30,2014-01-09,2,-1
30,2014-01-09,3,-1
30,2014-01-09,4,-1
30,2014-01-09,5,-1
30,2014-01-09,6,-1
30,2014-01-09,7,1
30,2014-01-09,8,0
30,2014-01-09,9,-1
30,2014-01-09,10,-1
30,2014-01-09,11,-1
30,2014-01-09,12,1
30,2014-01-09,13,1
30,2014-01-09,14,0
30,2014-01-09,15,-1
30,2014-01-09,16,-1
30,2014-01-09,17,1
30,2014-01-09,18,-1
30,2014-01-09,19,1
30,2014-01-09,20,1
30,2014-01-09,21,-1
30,2014-01-09,22,-1
30,2014-01-09,23,-1
30,2014-01-10,0,-1
30,2014-01-10,1,-1
30,2014-01-10,2,-1
30,2014-01-10,3,-1
30,2014-01-10,4,-1
30,2014-01-10,5,-1
30,2014-01-10,6,-1
30,2014-01-10,7,1
30,2014-01-10,8,1
30,2014-01-10,9,-1
30,2014-01-10,10,-1
30,2014-01-10,11,-1
30,2014-01-10,12,1
30,2014-01-10,13,-1
30,2014-01-10,14,1
30,2014-01-10,15,-1
30,2014-01-10,16,-1
30,2014-01-10,17,1
30,2014-01-10,18,-1
30,2014-01-10,19,1
30,2014-01-10,20,1
30,2014-01-10,21,-1
30,2014-01-10,22,-1
30,2014-01-10,23,-1
30,2014-01-11,0,-1
30,2014-01-11,1,-1
30,2014-01-11,2,-1
30,2014-01-11,3,-1
30,2014-01-11,4,-1
30,2014-01-11,5,-1
30,2014-01-11,6,-1
30,2014-01-11,7,-1
30,2014-01-11,8,-1
30,2014-01-11,9,-1
30,2014-01-11,10,-1
30,2014-01-11,11,-1
30,2014-01-11,12,1
30,2014-01-11,13,0
30,2014-01-11,14,1
30,2014-01-11,15,1
30,2014-01-11,16,-1
30,2014-01-11,17,-1
30,2014-01-11,18,1
30,2014-01-11,19,-1
30,2014-01-11,20,1
30,2014-01-11,21,-1
30,2014-01-11,22,-1
30,2014-01-11,23,-1
30,2014-01-12,0,-1
30,2014-01-12,1,-1
30,2014-01-12,2,-1
30,2014-01-12,3,-1
30,2014-01-12,4,-1
30,2014-01-12,5,-1
30,2014-01-12,6,-1
30,2014-01-12,7,-1
30,2014-01-12,8,-1
30,2014-01-12,9,-1
30,2014-01-12,10,-1
30,2014-01-12,11,1
30,2014-01-12,12,1
30,2014-01-12,13,1
30,2014-01-12,14,-1
30,2014-01-12,15,-1
30,2014-01-12,16,-1
30,2014-01-12,17,-1
30,2014-01-12,18,1
30,2014-01-12,19,0
30,2014-01-12,20,-1
30,2014-01-12,21,-1
30,2014-01-12,22,-1
30,2014-01-12,23,-1
30,2014-01-13,0,-1
30,2014-01-13,1,-1
30,2014-01-13,2,-1
30,2014-01-13,3,-1
30,2014-01-13,4,-1
30,2014-01-13,5,-1
30,2014-01-13,6,-1
30,2014-01-13,7,1
30,2014-01-13,8,1
30,2014-01-13,9,-1
30,2014-01-13,10,-1
30,2014-01-13,11,-1
30,2014-01-13,12,1
30,2014-01-13,13,-1
30,2014-01-13,14,1
30,2014-01-13,15,-1
30,2014-01-13,16,-1
30,2014-01-13,17,1
30,2014-01-13,18,-1
30,2014-01-13,19,1
30,2014-01-13,20,1
30,2014-01-13,21,0
30,2014-01-13,22,-1
30,2014-01-13,23,-1
30,2014-01-14,0,-1
30,2014-01-14,1,-1
30,2014-01-14,2,-1
30,2014-01-14,3,-1
30,2014-01-14,4,-1
30,2014-01-14,5,-1
30,2014-01-14,6,-1
30,2014-01-14,7,1
30,2014-01-14,8,1
30,2014-01-14,9,-1
30,2014-01-14,10,-1
30,2014-01-14,11,-1
30,2014-01-14,12,1
30,2014-01-14,13,-1
30,2014-01-14,14,1
30,2014-01-14,15,-1
30,2014-01-14,16,-1
30,2014-01-14,17,1
30,2014-01-14,18,-1
30,2014-01-14,19,1
30,2014-01-14,20,1
30,2014-01-14,21,-1
30,2014-01-14,22,-1
30,2014-01-14,23,-1
30,2014-01-15,0,-1
30,2014-01-15,1,-1
30,2014-01-15,2,-1
30,2014-01-15,3,-1
30,2014-01-15,4,-1
30,2014-01-15,5,-1
30,2014-01-15,6,-1
30,2014-01-15,7,1
30,2014-01-15,8,1
30,2014-01-15,9,-1
30,2014-01-15,10,-1
30,2014-01-15,11,-1
30,2014-01-15,12,1
30,2014-01-15,13,-1
30,2014-01-15,14,1
30,2014-01-15,15,-1
30,2014-01-15,16,-1
30,2014-01-15,17,1
30,2014-01-15,18,-1
30,2014-01-15,19,-1
30,2014-01-15,20,-1
30,2014-01-15,21,-1
30,2014-01-15,22,-1
30,2014-01-15,23,-1
30,2014-01-16,0,-1
30,2014-01-16,1,-1
30,2014-01-16,2,-1
30,2014-01-16,3,-1
30,2014-01-16,4,-1
30,2014-01-16,5,-1
30,2014-01-16,6,-1
30,2014-01-16,7,1
30,2014-01-16,8,1
30,2014-01-16,9,-1
30,2014-01-16,10,-1
30,2014-01-16,11,-1
30,2014-01-16,12,1
30,2014-01-16,13,-1
30,2014-01-16,14,1
30,2014-01-16,15,-1
30,2014-01-16,16,-1
30,2014-01-16,17,1
30,2014-01-16,18,1
30,2014-01-16,19,-1
30,2014-01-16,20,1
30,2014-01-16,21,-1
30,2014-01-16,22,-1
30,2014-01-16,23,-1
30,2014-01-17,0,-1
30,2014-01-17,1,-1
30,2014-01-17,2,-1
30,2014-01-17,3,-1
30,2014-01-17,4,-1
30,2014-01-17,5,-1
30,2014-01-17,6,-1
30,2014-01-17,7,1
30,2014-01-17,8,1
30,2014-01-17,9,-1
30,2014-01-17,10,-1
30,2014-01-17,11,-1
30,2014-01-17,12,1
30,2014-01-17,13,1
30,2014-01-17,14,0
30,2014-01-17,15,-1
30,2014-01-17,16,-1
30,2014-01-17,17,1
30,2014-01-17,18,-1
30,2014-01-17,19,1
30,2014-01-17,20,-1
30,2014-01-17,21,-1
30,2014-01-17,22,-1
30,2014-01-17,23,-1
30,2014-01-18,0,-1
30,2014-01-18,1,-1
30,2014-01-18,2,-1
30,2014-01-18,3,-1
30,2014-01-18,4,-1
30,2014-01-18,5,-1
30,2014-01-18,6,-1
30,2014-01-18,7,-1
30,2014-01-18,8,-1
30,2014-01-18,9,-1
30,2014-01-18,10,-1
30,2014-01-18,11,-1
30,2014-01-18,12,1
30,2014-01-18,13,0
30,2014-01-18,14,1
30,2014-01-18,15,1
30,2014-01-18,16,-1
30,2014-01-18,17,-1
30,2014-01-18,18,1
30,2014-01-18,19,0
30,2014-01-18,20,1
30,2014-01-18,21,-1
30,2014-01-18,22,-1
30,2014-01-18,23,-1
30,2014-01-19,0,-1
30,2014-01-19,1,-1
30,2014-01-19,2,-1
30,2014-01-19,3,-1
30,2014-01-19,4,-1
30,2014-01-19,5,-1
30,2014-01-19,6,-1
30,2014-01-19,7,-1
30,2014-01-19,8,-1
30,2014-01-19,9,-1
30,2014-01-19,10,-1
30,2014-01-19,11,-1
30,2014-01-19,12,-1
30,2014-01-19,13,1
30,2014-01-19,14,1
30,2014-01-19,15,1
30,2014-01-19,16,-1
30,2014-01-19,17,-1
30,2014-01-19,18,-1
30,2014-01-19,19,1
30,2014-01-19,20,1
30,2014-01-19,21,-1
30,2014-01-19,22,-1
30,2014-01-19,23,-1
31,2014-01-06,0,-1
31,2014-01-06,1,-1
31,2014-01-06,2,-1
31,2014-01-06,3,-1
31,2014-01-06,4,-1
31,2014-01-06,5,-1
31,2014-01-06,6,-1
31,2014-01-06,7,-1
31,2014-01-06,8,-1
31,2014-01-06,9,-1
31,2014-01-06,10,-1
31,2014-01-06,11,-1
31,2014-01-06,12,-1
31,2014-01-06,13,-1
31,2014-01-06,14,-1
31,2014-01-06,15,-1
31,2014-01-06,16,-1
31,2014-01-06,17,-1
31,2014-01-06,18,-1
31,2014-01-06,19,-1
31,2014-01-06,20,-1
31,2014-01-06,21,-1
31,2014-01-06,22,-1
31,2014-01-06,23,-1
31,2014-01-07,0,-1
31,2014-01-07,1,-1
31,2014-01-07,2,-1
31,2014-01-07,3,-1
31,2014-01-07,4,-1
31,2014-01-07,5,-1
31,2014-01-07,6,-1
31,2014-01-07,7,-1
31,2014-01-07,8,-1
31,2014-01-07,9,-1
31,2014-01-07,10,-1
31,2014-01-07,11,-1
31,2014-01-07,12,-1
31,2014-01-07,13,-1
31,2014-01-07,14,-1
31,2014-01-07,15,-1
31,2014-01-07,16,-1
31,2014-01-07,17,-1
31,2014-01-07,18,-1
31,2014-01-07,19,-1
31,2014-01-07,20,-1
31,2014-01-07,21,-1
31,2014-01-07,22,-1
31,2014-01-07,23,-1
31,2014-01-08,0,-1
31,2014-01-08,1,-1
31,2014-01-08,2,-1
31,2014-01-08,3,-1
31,2014-01-08,4,-1
31,2014-01-08,5,-1
31,2014-01-08,6,-1
31,2014-01-08,7,-1
31,2014-01-08,8,-1
31,2014-01-08,9,-1
31,2014-01-08,10,-1
31,2014-01-08,11,-1
31,2014-01-08,12,-1
31,2014-01-08,13,-1
31,2014-01-08,14,-1
31,2014-01-08,15,-1
31,2014-01-08,16,-1
31,2014-01-08,17,-1
31,2014-01-08,18,-1
31,2014-01-08,19,-1
31,2014-01-08,20,-1
31,2014-01-08,21,-1
31,2014-01-08,22,-1
31,2014-01-08,23,-1
31,2014-01-09,0,-1
31,2014-01-09,1,-1
31,2014-01-09,2,-1
31,2014-01-09,3,-1
31,2014-01-09,4,-1
31,2014-01-09,5,-1
31,2014-01-09,6,-1
31,2014-01-09,7,-1
31,2014-01-09,8,-1
31,2014-01-09,9,-1
31,2014-01-09,10,-1
31,2014-01-09,11,-1
31,2014-01-09,12,-1
31,2014-01-09,13,-1
31,2014-01-09,14,-1
31,2014-01-09,15,-1
31,2014-01-09,16,-1
31,2014-01-09,17,-1
31,2014-01-09,18,-1
31,2014-01-09,19,-1
31,2014-01-09,20,-1
31,2014-01-09,21,-1
31,2014-01-09,22,-1
31,2014-01-09,23,-1
31,2014-01-10,0,-1
31,2014-01-10,1,-1
31,2014-01-10,2,-1
31,2014-01-10,3,-1
31,2014-01-10,4,-1
31,2014-01-10,5,-1
31,2014-01-10,6,-1
31,2014-01-10,7,-1
31,2014-01-10,8,-1
31,2014-01-10,9,-1
31,2014-01-10,10,-1
31,2014-01-10,11,-1
31,2014-01-10,12,-1
31,2014-01-10,13,-1
31,2014-01-10,14,-1
31,2014-01-10,15,-1
31,2014-01-10,16,-1
31,2014-01-10,17,-1
31,2014-01-10,18,-1
31,2014-01-10,19,-1
31,2014-01-10,20,-1
31,2014-01-10,21,-1
31,2014-01-10,22,-1
31,2014-01-10,23,-1
31,2014-01-11,0,-1
31,2014-01-11,1,-1
31,2014-01-11,2,-1
31,2014-01-11,3,-1
31,2014-01-11,4,-1
31,2014-01-11,5,-1
31,2014-01-11,6,-1
31,2014-01-11,7,-1
31,2014-01-11,8,-1
31,2014-01-11,9,-1
31,2014-01-11,10,-1
31,2014-01-11,11,-1
31,2014-01-11,12,-1
31,2014-01-11,13,-1
31,2014-01-11,14,-1
31,2014-01-11,15,-1
31,2014-01-11,16,-1
31,2014-01-11,17,-1
31,2014-01-11,18,-1
31,2014-01-11,19,-1
31,2014-01-11,20,-1
31,2014-01-11,21,-1
31,2014-01-11,22,-1
31,2014-01-11,23,-1
31,2014-01-12,0,-1
31,2014-01-12,1,-1
31,2014-01-12,2,-1
31,2014-01-12,3,-1
31,2014-01-12,4,-1
31,2014-01-12,5,-1
31,2014-01-12,6,-1
31,2014-01-12,7,-1
31,2014-01-12,8,-1
31,2014-01-12,9,-1
31,2014-01-12,10,-1
31,2014-01-12,11,-1
31,2014-01-12,12,-1
31,2014-01-12,13,-1
31,2014-01-12,14,-1
31,2014-01-12,15,-1
31,2014-01-12,16,-1
31,2014-01-12,17,-1
31,2014-01-12,18,-1
31,2014-01-12,19,-1
31,2014-01-12,20,-1
31,2014-01-12,21,-1
31,2014-01-12,22,-1
31,2014-01-12,23,-1
31,2014-01-13,0,-1
31,2014-01-13,1,-1
31,2014-01-13,2,-1
31,2014-01-13,3,-1
31,2014-01-13,4,-1
31,2014-01-13,5,-1
31,2014-01-13,6,-1
31,2014-01-13,7,-1
31,2014-01-13,8,-1
31,2014-01-13,9,-1
31,2014-01-13,10,-1
31,2014-01-13,11,-1
31,2014-01-13,12,-1
31,2014-01-13,13,-1
31,2014-01-13,14,-1
31,2014-01-13,15,-1
31,2014-01-13,16,-1
31,2014-01-13,17,-1
31,2014-01-13,18,-1
31,2014-01-13,19,-1
31,2014-01-13,20,-1
31,2014-01-13,21,-1
31,2014-01-13,22,-1
31,2014-01-13,23,-1
31,2014-01-14,0,-1
31,2014-01-14,1,-1
31,2014-01-14,2,-1
31,2014-01-14,3,-1
31,2014-01-14,4,-1
31,2014-01-14,5,-1
31,2014-01-14,6,-1
31,2014-01-14,7,-1
31,2014-01-14,8,-1
31,2014-01-14,9,-1
31,2014-01-14,10,-1
31,2014-01-14,11,-1
31,2014-01-14,12,-1
31,2014-01-14,13,-1
31,2014-01-14,14,-1
31,2014-01-14,15,-1
31,2014-01-14,16,-1
31,2014-01-14,17,-1
31,2014-01-14,18,-1
31,2014-01-14,19,-1
31,2014-01-14,20,-1
31,2014-01-14,21,-1
31,2014-01-14,22,-1
31,2014-01-14,23,-1
31,2014-01-15,0,-1
31,2014-01-15,1,-1
31,2014-01-15,2,-1
31,2014-01-15,3,-1
31,2014-01-15,4,-1
31,2014-01-15,5,-1
31,2014-01-15,6,-1
31,2014-01-15,7,-1
31,2014-01-15,8,-1
31,2014-01-15,9,-1
31,2014-01-15,10,-1
31,2014-01-15,11,-1
31,2014-01-15,12,-1
31,2014-01-15,13,-1
31,2014-01-15,14,-1
31,2014-01-15,15,-1
31,2014-01-15,16,-1
31,2014-01-15,17,-1
31,2014-01-15,18,-1
31,2014-01-15,19,-1
31,2014-01-15,20,-1
31,2014-01-15,21,-1
31,2014-01-15,22,-1
31,2014-01-15,23,-1
31,2014-01-16,0,-1
31,2014-01-16,1,-1
31,2014-01-16,2,-1
31,2014-01-16,3,-1
31,2014-01-16,4,-1
31,2014-01-16,5,-1
31,2014-01-16,6,-1
31,2014-01-16,7,-1
31,2014-01-16,8,-1
31,2014-01-16,9,-1
31,2014-01-16,10,-1
31,2014-01-16,11,-1
31,2014-01-16,12,-1
31,2014-01-16,13,-1
31,2014-01-16,14,-1
31,2014-01-16,15,-1
31,2014-01-16,16,-1
31,2014-01-16,17,-1
31,2014-01-16,18,-1
31,2014-01-16,19,-1
31,2014-01-16,20,-1
31,2014-01-16,21,-1
31,2014-01-16,22,-1
31,2014-01-16,23,-1
31,2014-01-17,0,-1
31,2014-01-17,1,-1
31,2014-01-17,2,-1
31,2014-01-17,3,-1
31,2014-01-17,4,-1
31,2014-01-17,5,-1
31,2014-01-17,6,-1
31,2014-01-17,7,1
31,2014-01-17,8,0
31,2014-01-17,9,-1
31,2014-01-17,10,-1
31,2014-01-17,11,-1
31,2014-01-17,12,1
31,2014-01-17,13,1
31,2014-01-17,14,-1
31,2014-01-17,15,-1
31,2014-01-17,16,-1
31,2014-01-17,17,1
31,2014-01-17,18,-1
31,2014-01-17,19,-1
31,2014-01-17,20,-1
31,2014-01-17,21,-1
31,2014-01-17,22,-1
31,2014-01-17,23,-1
31,2014-01-18,0,-1
31,2014-01-18,1,-1
31,2014-01-18,2,-1
31,2014-01-18,3,-1
31,2014-01-18,4,-1
31,2014-01-18,5,-1
31,2014-01-18,6,-1
31,2014-01-18,7,-1
31,2014-01-18,8,-1
31,2014-01-18,9,-1
31,2014-01-18,10,-1
31,2014-01-18,11,-1
31,2014-01-18,12,1
31,2014-01-18,13,1
31,2014-01-18,14,0
31,2014-01-18,15,-1
31,2014-01-18,16,-1
31,2014-01-18,17,-1
31,2014-01-18,18,-1
31,2014-01-18,19,-1
31,2014-01-18,20,-1
31,2014-01-18,21,-1
31,2014-01-18,22,-1
31,2014-01-18,23,-1
31,2014-01-19,0,-1
31,2014-01-19,1,-1
31,2014-01-19,2,-1
31,2014-01-19,3,-1
31,2014-01-19,4,-1
31,2014-01-19,5,-1
31,2014-01-19,6,-1
31,2014-01-19,7,-1
31,2014-01-19,8,-1
31,2014-01-19,9,-1
31,2014-01-19,10,-1
31,2014-01-19,11,-1
31,2014-01-19,12,-1
31,2014-01-19,13,1
31,2014-01-19,14,-1
31,2014-01-19,15,1
31,2014-01-19,16,-1
31,2014-01-19,17,-1
31,2014-01-19,18,1
31,2014-01-19,19,1
31,2014-01-19,20,-1
31,2014-01-19,21,-1
31,2014-01-19,22,-1
31,2014-01-19,23,-1
32,2014-01-06,0,-1
32,2014-01-06,1,-1
32,2014-01-06,2,-1
32,2014-01-06,3,-1
32,2014-01-06,4,-1
32,2014-01-06,5,-1
32,2014-01-06,6,-1
32,2014-01-06,7,1
32,2014-01-06,8,-1
32,2014-01-06,9,-1
32,2014-01-06,10,-1
32,2014-01-06,11,-1
32,2014-01-06,12,1
32,2014-01-06,13,1
32,2014-01-06,14,-1
32,2014-01-06,15,-1
32,2014-01-06,16,-1
32,2014-01-06,17,-1
32,2014-01-06,18,1
32,2014-01-06,19,-1
32,2014-01-06,20,1
32,2014-01-06,21,1
32,2014-01-06,22,-1
32,2014-01-06,23,-1
32,2014-01-07,0,-1
32,2014-01-07,1,-1
32,2014-01-07,2,-1
32,2014-01-07,3,-1
32,2014-01-07,4,-1
32,2014-01-07,5,-1
32,2014-01-07,6,-1
32,2014-01-07,7,1
32,2014-01-07,8,-1
32,2014-01-07,9,-1
32,2014-01-07,10,-1
32,2014-01-07,11,-1
32,2014-01-07,12,1
32,2014-01-07,13,1
32,2014-01-07,14,-1
32,2014-01-07,15,-1
32,2014-01-07,16,-1
32,2014-01-07,17,1
32,2014-01-07,18,0
32,2014-01-07,19,1
32,2014-01-07,20,1
32,2014-01-07,21,0
32,2014-01-07,22,-1
32,2014-01-07,23,-1
32,2014-01-08,0,-1
32,2014-01-08,1,-1
32,2014-01-08,2,-1
32,2014-01-08,3,-1
32,2014-01-08,4,-1
32,2014-01-08,5,-1
32,2014-01-08,6,-1
32,2014-01-08,7,1
32,2014-01-08,8,-1
32,2014-01-08,9,-1
32,2014-01-08,10,-1
32,2014-01-08,11,1
32,2014-01-08,12,-1
32,2014-01-08,13,1
32,2014-01-08,14,-1
32,2014-01-08,15,-1
32,2014-01-08,16,-1
32,2014-01-08,17,1
32,2014-01-08,18,-1
32,2014-01-08,19,-1
32,2014-01-08,20,-1
32,2014-01-08,21,-1
32,2014-01-08,22,-1
32,2014-01-08,23,-1
32,2014-01-09,0,-1
32,2014-01-09,1,-1
32,2014-01-09,2,-1
32,2014-01-09,3,-1
32,2014-01-09,4,-1
32,2014-01-09,5,-1
32,2014-01-09,6,-1
32,2014-01-09,7,1
32,2014-01-09,8,-1
32,2014-01-09,9,-1
32,2014-01-09,10,-1
32,2014-01-09,11,1
32,2014-01-09,12,0
32,2014-01-09,13,1
32,2014-01-09,14,-1
32,2014-01-09,15,-1
32,2014-01-09,16,-1
32,2014-01-09,17,-1
32,2014-01-09,18,1
32,2014-01-09,19,1
32,2014-01-09,20,-1
32,2014-01-09,21,1
32,2014-01-09,22,-1
32,2014-01-09,23,-1
32,2014-01-10,0,-1
32,2014-01-10,1,-1
32,2014-01-10,2,-1
32,2014-01-10,3,-1
32,2014-01-10,4,-1
32,2014-01-10,5,-1
32,2014-01-10,6,-1
32,2014-01-10,7,1
32,2014-01-10,8,-1
32,2014-01-10,9,-1
32,2014-01-10,10,-1
32,2014-01-10,11,-1
32,2014-01-10,12,1
32,2014-01-10,13,1
32,2014-01-10,14,-1
32,2014-01-10,15,-1
32,2014-01-10,16,-1
32,2014-01-10,17,1
32,2014-01-10,18,-1
32,2014-01-10,19,1
32,2014-01-10,20,-1
32,2014-01-10,21,1
32,2014-01-10,22,-1
32,2014-01-10,23,-1
32,2014-01-11,0,-1
32,2014-01-11,1,-1
32,2014-01-11,2,-1
32,2014-01-11,3,-1
32,2014-01-11,4,-1
32,2014-01-11,5,-1
32,2014-01-11,6,-1
32,2014-01-11,7,-1
32,2014-01-11,8,-1
32,2014-01-11,9,-1
32,2014-01-11,10,-1
32,2014-01-11,11,-1
32,2014-01-11,12,1
32,2014-01-11,13,1
32,2014-01-11,14,-1
32,2014-01-11,15,1
32,2014-01-11,16,0
32,2014-01-11,17,-1
32,2014-01-11,18,1
32,2014-01-11,19,1
32,2014-01-11,20,-1
32,2014-01-11,21,-1
32,2014-01-11,22,-1
32,2014-01-11,23,-1
32,2014-01-12,0,-1
32,2014-01-12,1,-1
32,2014-01-12,2,-1
32,2014-01-12,3,-1
32,2014-01-12,4,-1
32,2014-01-12,5,-1
32,2014-01-12,6,-1
32,2014-01-12,7,-1
32,2014-01-12,8,-1
32,2014-01-12,9,-1
32,2014-01-12,10,-1
32,2014-01-12,11,-1
32,2014-01-12,12,1
32,2014-01-12,13,1
32,2014-01-12,14,-1
32,2014-01-12,15,-1
32,2014-01-12,16,1
32,2014-01-12,17,-1
32,2014-01-12,18,1
32,2014-01-12,19,1
32,2014-01-12,20,-1
32,2014-01-12,21,-1
32,2014-01-12,22,-1
32,2014-01-12,23,-1
32,2014-01-13,0,-1
32,2014-01-13,1,-1
32,2014-01-13,2,-1
32,2014-01-13,3,-1
32,2014-01-13,4,-1
32,2014-01-13,5,-1
32,2014-01-13,6,1
32,2014-01-13,7,1
32,2014-01-13,8,-1
32,2014-01-13,9,-1
32,2014-01-13,10,-1
32,2014-01-13,11,1
32,2014-01-13,12,0
32,2014-01-13,13,1
32,2014-01-13,14,-1
32,2014-01-13,15,-1
32,2014-01-13,16,-1
32,2014-01-13,17,1
32,2014-01-13,18,0
32,2014-01-13,19,1
32,2014-01-13,20,-1
32,2014-01-13,21,1
32,2014-01-13,22,-1
32,2014-01-13,23,1
32,2014-01-14,0,-1
32,2014-01-14,1,-1
32,2014-01-14,2,-1
32,2014-01-14,3,-1
32,2014-01-14,4,-1
32,2014-01-14,5,-1
32,2014-01-14,6,-1
32,2014-01-14,7,1
32,2014-01-14,8,-1
32,2014-01-14,9,-1
32,2014-01-14,10,-1
32,2014-01-14,11,1
32,2014-01-14,12,-1
32,2014-01-14,13,1
32,2014-01-14,14,-1
32,2014-01-14,15,-1
32,2014-01-14,16,-1
32,2014-01-14,17,1
32,2014-01-14,18,-1
32,2014-01-14,19,-1
32,2014-01-14,20,-1
32,2014-01-14,21,-1
32,2014-01-14,22,-1
32,2014-01-14,23,-1
32,2014-01-15,0,-1
32,2014-01-15,1,-1
32,2014-01-15,2,-1
32,2014-01-15,3,-1
32,2014-01-15,4,-1
32,2014-01-15,5,-1
32,2014-01-15,6,-1
32,2014-01-15,7,1
32,2014-01-15,8,-1
32,2014-01-15,9,-1
32,2014-01-15,10,-1
32,2014-01-15,11,-1
32,2014-01-15,12,1
32,2014-01-15,13,1
32,2014-01-15,14,-1
32,2014-01-15,15,-1
32,2014-01-15,16,-1
32,2014-01-15,17,1
32,2014-01-15,18,-1
32,2014-01-15,19,1
32,2014-01-15,20,-1
32,2014-01-15,21,1
32,2014-01-15,22,-1
32,2014-01-15,23,-1
32,2014-01-16,0,-1
32,2014-01-16,1,-1
32,2014-01-16,2,-1
32,2014-01-16,3,-1
32,2014-01-16,4,-1
32,2014-01-16,5,-1
32,2014-01-16,6,-1
32,2014-01-16,7,1
32,2014-01-16,8,-1
32,2014-01-16,9,-1
32,2014-01-16,10,-1
32,2014-01-16,11,-1
32,2014-01-16,12,1
32,2014-01-16,13,1
32,2014-01-16,14,-1
32,2014-01-16,15,-1
32,2014-01-16,16,-1
32,2014-01-16,17,-1
32,2014-01-16,18,1
32,2014-01-16,19,-1
32,2014-01-16,20,-1
32,2014-01-16,21,-1
32,2014-01-16,22,-1
32,2014-01-16,23,-1
32,2014-01-17,0,-1
32,2014-01-17,1,-1
32,2014-01-17,2,-1
32,2014-01-17,3,-1
32,2014-01-17,4,-1
32,2014-01-17,5,-1
32,2014-01-17,6,-1
32,2014-01-17,7,1
32,2014-01-17,8,-1
32,2014-01-17,9,-1
32,2014-01-17,10,-1
32,2014-01-17,11,-1
32,2014-01-17,12,1
32,2014-01-17,13,1
32,2014-01-17,14,-1
32,2014-01-17,15,-1
32,2014-01-17,16,-1
32,2014-01-17,17,1
32,2014-01-17,18,-1
32,2014-01-17,19,-1
32,2014-01-17,20,-1
32,2014-01-17,21,-1
32,2014-01-17,22,-1
32,2014-01-17,23,-1
32,2014-01-18,0,-1
32,2014-01-18,1,-1
32,2014-01-18,2,-1
32,2014-01-18,3,-1
32,2014-01-18,4,-1
32,2014-01-18,5,-1
32,2014-01-18,6,-1
32,2014-01-18,7,-1
32,2014-01-18,8,-1
32,2014-01-18,9,-1
32,2014-01-18,10,-1
32,2014-01-18,11,-1
32,2014-01-18,12,1
32,2014-01-18,13,1
32,2014-01-18,14,-1
32,2014-01-18,15,1
32,2014-01-18,16,-1
32,2014-01-18,17,-1
32,2014-01-18,18,1
32,2014-01-18,19,1
32,2014-01-18,20,-1
32,2014-01-18,21,-1
32,2014-01-18,22,-1
32,2014-01-18,23,-1
32,2014-01-19,0,-1
32,2014-01-19,1,-1
32,2014-01-19,2,-1
32,2014-01-19,3,-1
32,2014-01-19,4,-1
32,2014-01-19,5,-1
32,2014-01-19,6,-1
32,2014-01-19,7,-1
32,2014-01-19,8,-1
32,2014-01-19,9,-1
32,2014-01-19,10,-1
32,2014-01-19,11,-1
32,2014-01-19,12,1
32,2014-01-19,13,-1
32,2014-01-19,14,-1
32,2014-01-19,15,-1
32,2014-01-19,16,-1
32,2014-01-19,17,-1
32,2014-01-19,18,1
32,2014-01-19,19,-1
32,2014-01-19,20,1
32,2014-01-19,21,-1
32,2014-01-19,22,-1
32,2014-01-19,23,-1
33,2014-01-06,0,-1
33,2014-01-06,1,-1
33,2014-01-06,2,-1
33,2014-01-06,3,-1
33,2014-01-06,4,-1
33,2014-01-06,5,-1
33,2014-01-06,6,-1
33,2014-01-06,7,1
33,2014-01-06,8,-1
33,2014-01-06,9,-1
33,2014-01-06,10,-1
33,2014-01-06,11,1
33,2014-01-06,12,-1
33,2014-01-06,13,1
33,2014-01-06,14,-1
33,2014-01-06,15,-1
33,2014-01-06,16,-1
33,2014-01-06,17,1
33,2014-01-06,18,-1
33,2014-01-06,19,-1
33,2014-01-06,20,-1
33,2014-01-06,21,-1
33,2014-01-06,22,-1
33,2014-01-06,23,-1
33,2014-01-07,0,-1
33,2014-01-07,1,-1
33,2014-01-07,2,-1
33,2014-01-07,3,-1
33,2014-01-07,4,-1
33,2014-01-07,5,-1
33,2014-01-07,6,-1
33,2014-01-07,7,1
33,2014-01-07,8,0
33,2014-01-07,9,-1
33,2014-01-07,10,-1
33,2014-01-07,11,-1
33,2014-01-07,12,1
33,2014-01-07,13,1
33,2014-01-07,14,-1
33,2014-01-07,15,-1
33,2014-01-07,16,-1
33,2014-01-07,17,1
33,2014-01-07,18,1
33,2014-01-07,19,-1
33,2014-01-07,20,1
33,2014-01-07,21,-1
33,2014-01-07,22,-1
33,2014-01-07,23,-1
33,2014-01-08,0,-1
33,2014-01-08,1,-1
33,2014-01-08,2,-1
33,2014-01-08,3,-1
33,2014-01-08,4,-1
33,2014-01-08,5,-1
33,2014-01-08,6,-1
33,2014-01-08,7,1
33,2014-01-08,8,-1
33,2014-01-08,9,-1
33,2014-01-08,10,-1
33,2014-01-08,11,1
33,2014-01-08,12,-1
33,2014-01-08,13,1
33,2014-01-08,14,-1
33,2014-01-08,15,-1
33,2014-01-08,16,-1
33,2014-01-08,17,1
33,2014-01-08,18,-1
33,2014-01-08,19,1
33,2014-01-08,20,1
33,2014-01-08,21,-1
33,2014-01-08,22,-1
33,2014-01-08,23,-1
33,2014-01-09,0,-1
33,2014-01-09,1,-1
33,2014-01-09,2,-1
33,2014-01-09,3,-1
33,2014-01-09,4,-1
33,2014-01-09,5,-1
33,2014-01-09,6,-1
33,2014-01-09,7,1
33,2014-01-09,8,-1
33,2014-01-09,9,-1
33,2014-01-09,10,-1
33,2014-01-09,11,-1
33,2014-01-09,12,1
33,2014-01-09,13,1
33,2014-01-09,14,-1
33,2014-01-09,15,-1
33,2014-01-09,16,-1
33,2014-01-09,17,1
33,2014-01-09,18,-1
33,2014-01-09,19,-1
33,2014-01-09,20,-1
33,2014-01-09,21,-1
33,2014-01-09,22,-1
33,2014-01-09,23,-1
33,2014-01-10,0,-1
33,2014-01-10,1,-1
33,2014-01-10,2,-1
33,2014-01-10,3,-1
33,2014-01-10,4,-1
33,2014-01-10,5,-1
33,2014-01-10,6,-1
33,2014-01-10,7,1
33,2014-01-10,8,0
33,2014-01-10,9,-1
33,2014-01-10,10,-1
33,2014-01-10,11,1
33,2014-01-10,12,-1
33,2014-01-10,13,1
33,2014-01-10,14,-1
33,2014-01-10,15,-1
33,2014-01-10,16,-1
33,2014-01-10,17,1
33,2014-01-10,18,-1
33,2014-01-10,19,1
33,2014-01-10,20,-1
33,2014-01-10,21,-1
33,2014-01-10,22,-1
33,2014-01-10,23,1
33,2014-01-11,0,-1
33,2014-01-11,1,-1
33,2014-01-11,2,-1
33,2014-01-11,3,-1
33,2014-01-11,4,-1
33,2014-01-11,5,-1
33,2014-01-11,6,-1
33,2014-01-11,7,-1
33,2014-01-11,8,-1
33,2014-01-11,9,-1
33,2014-01-11,10,-1
33,2014-01-11,11,-1
33,2014-01-11,12,1
33,2014-01-11,13,-1
33,2014-01-11,14,-1
33,2014-01-11,15,-1
33,2014-01-11,16,-1
33,2014-01-11,17,-1
33,2014-01-11,18,1
33,2014-01-11,19,1
33,2014-01-11,20,-1
33,2014-01-11,21,-1
33,2014-01-11,22,-1
33,2014-01-11,23,-1
33,2014-01-12,0,-1
33,2014-01-12,1,-1
33,2014-01-12,2,-1
33,2014-01-12,3,-1
33,2014-01-12,4,-1
33,2014-01-12,5,-1
33,2014-01-12,6,-1
33,2014-01-12,7,-1
33,2014-01-12,8,-1
33,2014-01-12,9,-1
33,2014-01-12,10,-1
33,2014-01-12,11,-1
33,2014-01-12,12,1
33,2014-01-12,13,1
33,2014-01-12,14,0
33,2014-01-12,15,-1
33,2014-01-12,16,-1
33,2014-01-12,17,-1
33,2014-01-12,18,-1
33,2014-01-12,19,-1
33,2014-01-12,20,-1
33,2014-01-12,21,-1
33,2014-01-12,22,-1
33,2014-01-12,23,-1
33,2014-01-13,0,-1
33,2014-01-13,1,-1
33,2014-01-13,2,-1
33,2014-01-13,3,-1
33,2014-01-13,4,-1
33,2014-01-13,5,-1
33,2014-01-13,6,-1
33,2014-01-13,7,1
33,2014-01-13,8,-1
33,2014-01-13,9,-1
33,2014-01-13,10,-1
33,2014-01-13,11,-1
33,2014-01-13,12,1
33,2014-01-13,13,1
33,2014-01-13,14,-1
33,2014-01-13,15,-1
33,2014-01-13,16,-1
33,2014-01-13,17,1
33,2014-01-13,18,-1
33,2014-01-13,19,1
33,2014-01-13,20,1
33,2014-01-13,21,-1
33,2014-01-13,22,-1
33,2014-01-13,23,-1
33,2014-01-14,0,-1
33,2014-01-14,1,-1
33,2014-01-14,2,-1
33,2014-01-14,3,-1
33,2014-01-14,4,-1
33,2014-01-14,5,-1
33,2014-01-14,6,-1
33,2014-01-14,7,1
33,2014-01-14,8,-1
33,2014-01-14,9,-1
33,2014-01-14,10,-1
33,2014-01-14,11,1
33,2014-01-14,12,-1
33,2014-01-14,13,1
33,2014-01-14,14,-1
33,2014-01-14,15,-1
33,2014-01-14,16,-1
33,2014-01-14,17,1
33,2014-01-14,18,-1
33,2014-01-14,19,-1
33,2014-01-14,20,-1
33,2014-01-14,21,-1
33,2014-01-14,22,-1
33,2014-01-14,23,-1
33,2014-01-15,0,-1
33,2014-01-15,1,-1
33,2014-01-15,2,-1
33,2014-01-15,3,-1
33,2014-01-15,4,-1
33,2014-01-15,5,-1
33,2014-01-15,6,-1
33,2014-01-15,7,1
33,2014-01-15,8,-1
33,2014-01-15,9,-1
33,2014-01-15,10,-1
33,2014-01-15,11,1
33,2014-01-15,12,-1
33,2014-01-15,13,1
33,2014-01-15,14,-1
33,2014-01-15,15,-1
33,2014-01-15,16,-1
33,2014-01-15,17,1
33,2014-01-15,18,-1
33,2014-01-15,19,1
33,2014-01-15,20,1
33,2014-01-15,21,-1
33,2014-01-15,22,-1
33,2014-01-15,23,-1
33,2014-01-16,0,-1
33,2014-01-16,1,-1
33,2014-01-16,2,-1
33,2014-01-16,3,-1
33,2014-01-16,4,-1
33,2014-01-16,5,-1
33,2014-01-16,6,-1
33,2014-01-16,7,1
33,2014-01-16,8,1
33,2014-01-16,9,-1
33,2014-01-16,10,-1
33,2014-01-16,11,1
33,2014-01-16,12,0
33,2014-01-16,13,1
33,2014-01-16,14,-1
33,2014-01-16,15,-1
33,2014-01-16,16,-1
33,2014-01-16,17,1
33,2014-01-16,18,1
33,2014-01-16,19,-1
33,2014-01-16,20,1
33,2014-01-16,21,-1
33,2014-01-16,22,-1
33,2014-01-16,23,-1
33,2014-01-17,0,-1
33,2014-01-17,1,-1
33,2014-01-17,2,-1
33,2014-01-17,3,-1
33,2014-01-17,4,-1
33,2014-01-17,5,-1
33,2014-01-17,6,-1
33,2014-01-17,7,1
33,2014-01-17,8,1
33,2014-01-17,9,-1
33,2014-01-17,10,-1
33,2014-01-17,11,1
33,2014-01-17,12,-1
33,2014-01-17,13,-1
33,2014-01-17,14,1
33,2014-01-17,15,-1
33,2014-01-17,16,-1
33,2014-01-17,17,1
33,2014-01-17,18,-1
33,2014-01-17,19,1
33,2014-01-17,20,-1
33,2014-01-17,21,1
33,2014-01-17,22,-1
33,2014-01-17,23,-1
33,2014-01-18,0,-1
33,2014-01-18,1,-1
33,2014-01-18,2,-1
33,2014-01-18,3,-1
33,2014-01-18,4,-1
33,2014-01-18,5,-1
33,2014-01-18,6,-1
33,2014-01-18,7,-1
33,2014-01-18,8,-1
33,2014-01-18,9,-1
33,2014-01-18,10,-1
33,2014-01-18,11,-1
33,2014-01-18,12,-1
33,2014-01-18,13,-1
33,2014-01-18,14,-1
33,2014-01-18,15,-1
33,2014-01-18,16,-1
33,2014-01-18,17,-1
33,2014-01-18,18,-1
33,2014-01-18,19,-1
33,2014-01-18,20,-1
33,2014-01-18,21,-1
33,2014-01-18,22,-1
33,2014-01-18,23,-1
33,2014-01-19,0,-1
33,2014-01-19,1,-1
33,2014-01-19,2,-1
33,2014-01-19,3,-1
33,2014-01-19,4,-1
33,2014-01-19,5,-1
33,2014-01-19,6,-1
33,2014-01-19,7,-1
33,2014-01-19,8,-1
33,2014-01-19,9,-1
33,2014-01-19,10,-1
33,2014-01-19,11,-1
33,2014-01-19,12,-1
33,2014-01-19,13,-1
33,2014-01-19,14,-1
33,2014-01-19,15,-1
33,2014-01-19,16,-1
33,2014-01-19,17,1
33,2014-01-19,18,1
33,2014-01-19,19,-1
33,2014-01-19,20,1
33,2014-01-19,21,-1
33,2014-01-19,22,-1
33,2014-01-19,23,-1
34,2014-01-06,0,-1
34,2014-01-06,1,-1
34,2014-01-06,2,-1
34,2014-01-06,3,-1
34,2014-01-06,4,-1
34,2014-01-06,5,-1
34,2014-01-06,6,-1
34,2014-01-06,7,1
34,2014-01-06,8,-1
34,2014-01-06,9,-1
34,2014-01-06,10,-1
34,2014-01-06,11,-1
34,2014-01-06,12,1
34,2014-01-06,13,1
34,2014-01-06,14,-1
34,2014-01-06,15,-1
34,2014-01-06,16,-1
34,2014-01-06,17,1
34,2014-01-06,18,-1
34,2014-01-06,19,-1
34,2014-01-06,20,-1
34,2014-01-06,21,-1
34,2014-01-06,22,-1
34,2014-01-06,23,-1
34,2014-01-07,0,-1
34,2014-01-07,1,-1
34,2014-01-07,2,-1
34,2014-01-07,3,-1
34,2014-01-07,4,-1
34,2014-01-07,5,-1
34,2014-01-07,6,-1
34,2014-01-07,7,1
34,2014-01-07,8,-1
34,2014-01-07,9,-1
34,2014-01-07,10,-1
34,2014-01-07,11,-1
34,2014-01-07,12,1
34,2014-01-07,13,1
34,2014-01-07,14,-1
34,2014-01-07,15,-1
34,2014-01-07,16,-1
34,2014-01-07,17,1
34,2014-01-07,18,1
34,2014-01-07,19,0
34,2014-01-07,20,1
34,2014-01-07,21,-1
34,2014-01-07,22,-1
34,2014-01-07,23,-1
34,2014-01-08,0,-1
34,2014-01-08,1,-1
34,2014-01-08,2,-1
34,2014-01-08,3,-1
34,2014-01-08,4,-1
34,2014-01-08,5,-1
34,2014-01-08,6,-1
34,2014-01-08,7,1
34,2014-01-08,8,0
34,2014-01-08,9,-1
34,2014-01-08,10,-1
34,2014-01-08,11,-1
34,2014-01-08,12,1
34,2014-01-08,13,1
34,2014-01-08,14,-1
34,2014-01-08,15,-1
34,2014-01-08,16,-1
34,2014-01-08,17,1
34,2014-01-08,18,-1
34,2014-01-08,19,-1
34,2014-01-08,20,-1
34,2014-01-08,21,-1
34,2014-01-08,22,-1
34,2014-01-08,23,-1
34,2014-01-09,0,-1
34,2014-01-09,1,-1
34,2014-01-09,2,-1
34,2014-01-09,3,-1
34,2014-01-09,4,-1
34,2014-01-09,5,-1
34,2014-01-09,6,-1
34,2014-01-09,7,1
34,2014-01-09,8,-1
34,2014-01-09,9,-1
34,2014-01-09,10,-1
34,2014-01-09,11,1
34,2014-01-09,12,0
34,2014-01-09,13,1
34,2014-01-09,14,-1
34,2014-01-09,15,-1
34,2014-01-09,16,-1
34,2014-01-09,17,1
34,2014-01-09,18,1
34,2014-01-09,19,-1
34,2014-01-09,20,1
34,2014-01-09,21,-1
34,2014-01-09,22,-1
34,2014-01-09,23,-1
34,2014-01-10,0,-1
34,2014-01-10,1,-1
34,2014-01-10,2,-1
34,2014-01-10,3,-1
34,2014-01-10,4,-1
34,2014-01-10,5,-1
34,2014-01-10,6,-1
34,2014-01-10,7,1
34,2014-01-10,8,1
34,2014-01-10,9,-1
34,2014-01-10,10,-1
34,2014-01-10,11,-1
34,2014-01-10,12,1
34,2014-01-10,13,1
34,2014-01-10,14,1
34,2014-01-10,15,-1
34,2014-01-10,16,1
34,2014-01-10,17,1
34,2014-01-10,18,1
34,2014-01-10,19,-1
34,2014-01-10,20,1
34,2014-01-10,21,-1
34,2014-01-10,22,-1
34,2014-01-10,23,-1
34,2014-01-11,0,-1
34,2014-01-11,1,-1
34,2014-01-11,2,-1
34,2014-01-11,3,-1
34,2014-01-11,4,-1
34,2014-01-11,5,-1
34,2014-01-11,6,-1
34,2014-01-11,7,-1
34,2014-01-11,8,-1
34,2014-01-11,9,-1
34,2014-01-11,10,-1
34,2014-01-11,11,-1
34,2014-01-11,12,-1
34,2014-01-11,13,-1
34,2014-01-11,14,1
34,2014-01-11,15,-1
34,2014-01-11,16,-1
34,2014-01-11,17,-1
34,2014-01-11,18,1
34,2014-01-11,19,1
34,2014-01-11,20,-1
34,2014-01-11,21,-1
34,2014-01-11,22,-1
34,2014-01-11,23,-1
34,2014-01-12,0,-1
34,2014-01-12,1,-1
34,2014-01-12,2,-1
34,2014-01-12,3,-1
34,2014-01-12,4,-1
34,2014-01-12,5,-1
34,2014-01-12,6,-1
34,2014-01-12,7,-1
34,2014-01-12,8,-1
34,2014-01-12,9,-1
34,2014-01-12,10,-1
34,2014-01-12,11,-1
34,2014-01-12,12,-1
34,2014-01-12,13,-1
34,2014-01-12,14,-1
34,2014-01-12,15,-1
34,2014-01-12,16,-1
34,2014-01-12,17,-1
34,2014-01-12,18,-1
34,2014-01-12,19,-1
34,2014-01-12,20,-1
34,2014-01-12,21,-1
34,2014-01-12,22,-1
34,2014-01-12,23,-1
34,2014-01-13,0,-1
34,2014-01-13,1,-1
34,2014-01-13,2,-1
34,2014-01-13,3,-1
34,2014-01-13,4,-1
34,2014-01-13,5,-1
34,2014-01-13,6,-1
34,2014-01-13,7,1
34,2014-01-13,8,-1
34,2014-01-13,9,-1
34,2014-01-13,10,-1
34,2014-01-13,11,1
34,2014-01-13,12,-1
34,2014-01-13,13,1
34,2014-01-13,14,-1
34,2014-01-13,15,-1
34,2014-01-13,16,-1
34,2014-01-13,17,1
34,2014-01-13,18,-1
34,2014-01-13,19,1
34,2014-01-13,20,1
34,2014-01-13,21,-1
34,2014-01-13,22,-1
34,2014-01-13,23,-1
34,2014-01-14,0,-1
34,2014-01-14,1,-1
34,2014-01-14,2,-1
34,2014-01-14,3,-1
34,2014-01-14,4,-1
34,2014-01-14,5,-1
34,2014-01-14,6,-1
34,2014-01-14,7,1
34,2014-01-14,8,-1
34,2014-01-14,9,-1
34,2014-01-14,10,-1
34,2014-01-14,11,1
34,2014-01-14,12,-1
34,2014-01-14,13,1
34,2014-01-14,14,-1
34,2014-01-14,15,-1
34,2014-01-14,16,-1
34,2014-01-14,17,1
34,2014-01-14,18,1
34,2014-01-14,19,-1
34,2014-01-14,20,1
34,2014-01-14,21,-1
34,2014-01-14,22,-1
34,2014-01-14,23,-1
34,2014-01-15,0,-1
34,2014-01-15,1,-1
34,2014-01-15,2,-1
34,2014-01-15,3,-1
34,2014-01-15,4,-1
34,2014-01-15,5,-1
34,2014-01-15,6,-1
34,2014-01-15,7,1
34,2014-01-15,8,1
34,2014-01-15,9,-1
34,2014-01-15,10,-1
34,2014-01-15,11,-1
34,2014-01-15,12,1
34,2014-01-15,13,1
34,2014-01-15,14,-1
34,2014-01-15,15,-1
34,2014-01-15,16,-1
34,2014-01-15,17,1
34,2014-01-15,18,-1
34,2014-01-15,19,1
34,2014-01-15,20,-1
34,2014-01-15,21,1
34,2014-01-15,22,-1
34,2014-01-15,23,-1
34,2014-01-16,0,-1
34,2014-01-16,1,-1
34,2014-01-16,2,-1
34,2014-01-16,3,-1
34,2014-01-16,4,-1
34,2014-01-16,5,-1
34,2014-01-16,6,-1
34,2014-01-16,7,1
34,2014-01-16,8,0
34,2014-01-16,9,-1
34,2014-01-16,10,-1
34,2014-01-16,11,-1
34,2014-01-16,12,1
34,2014-01-16,13,1
34,2014-01-16,14,-1
34,2014-01-16,15,-1
34,2014-01-16,16,-1
34,2014-01-16,17,1
34,2014-01-16,18,1
34,2014-01-16,19,1
34,2014-01-16,20,-1
34,2014-01-16,21,-1
34,2014-01-16,22,-1
34,2014-01-16,23,-1
34,2014-01-17,0,-1
34,2014-01-17,1,-1
34,2014-01-17,2,-1
34,2014-01-17,3,-1
34,2014-01-17,4,-1
34,2014-01-17,5,-1
34,2014-01-17,6,-1
34,2014-01-17,7,1
34,2014-01-17,8,0
34,2014-01-17,9,-1
34,2014-01-17,10,-1
34,2014-01-17,11,-1
34,2014-01-17,12,1
34,2014-01-17,13,1
34,2014-01-17,14,-1
34,2014-01-17,15,-1
34,2014-01-17,16,-1
34,2014-01-17,17,1
34,2014-01-17,18,1
34,2014-01-17,19,1
34,2014-01-17,20,0
34,2014-01-17,21,-1
34,2014-01-17,22,-1
34,2014-01-17,23,-1
34,2014-01-18,0,-1
34,2014-01-18,1,-1
34,2014-01-18,2,-1
34,2014-01-18,3,-1
34,2014-01-18,4,-1
34,2014-01-18,5,-1
34,2014-01-18,6,-1
34,2014-01-18,7,-1
34,2014-01-18,8,-1
34,2014-01-18,9,-1
34,2014-01-18,10,-1
34,2014-01-18,11,-1
34,2014-01-18,12,-1
34,2014-01-18,13,1
34,2014-01-18,14,-1
34,2014-01-18,15,-1
34,2014-01-18,16,-1
34,2014-01-18,17,-1
34,2014-01-18,18,1
34,2014-01-18,19,1
34,2014-01-18,20,-1
34,2014-01-18,21,-1
34,2014-01-18,22,-1
34,2014-01-18,23,-1
34,2014-01-19,0,-1
34,2014-01-19,1,-1
34,2014-01-19,2,-1
34,2014-01-19,3,-1
34,2014-01-19,4,-1
34,2014-01-19,5,-1
34,2014-01-19,6,-1
34,2014-01-19,7,-1
34,2014-01-19,8,-1
34,2014-01-19,9,-1
34,2014-01-19,10,-1
34,2014-01-19,11,-1
34,2014-01-19,12,1
34,2014-01-19,13,1
34,2014-01-19,14,-1
34,2014-01-19,15,1
34,2014-01-19,16,-1
34,2014-01-19,17,-1
34,2014-01-19,18,-1
34,2014-01-19,19,-1
34,2014-01-19,20,-1
34,2014-01-19,21,-1
34,2014-01-19,22,-1
34,2014-01-19,23,-1
35,2014-01-06,0,-1
35,2014-01-06,1,-1
35,2014-01-06,2,-1
35,2014-01-06,3,-1
35,2014-01-06,4,-1
35,2014-01-06,5,-1
35,2014-01-06,6,0
35,2014-01-06,7,1
35,2014-01-06,8,-1
35,2014-01-06,9,-1
35,2014-01-06,10,-1
35,2014-01-06,11,-1
35,2014-01-06,12,1
35,2014-01-06,13,1
35,2014-01-06,14,-1
35,2014-01-06,15,-1
35,2014-01-06,16,-1
35,2014-01-06,17,-1
35,2014-01-06,18,1
35,2014-01-06,19,-1
35,2014-01-06,20,-1
35,2014-01-06,21,-1
35,2014-01-06,22,-1
35,2014-01-06,23,-1
35,2014-01-07,0,-1
35,2014-01-07,1,-1
35,2014-01-07,2,-1
35,2014-01-07,3,-1
35,2014-01-07,4,-1
35,2014-01-07,5,-1
35,2014-01-07,6,1
35,2014-01-07,7,0
35,2014-01-07,8,-1
35,2014-01-07,9,-1
35,2014-01-07,10,-1
35,2014-01-07,11,-1
35,2014-01-07,12,1
35,2014-01-07,13,1
35,2014-01-07,14,-1
35,2014-01-07,15,-1
35,2014-01-07,16,-1
35,2014-01-07,17,-1
35,2014-01-07,18,1
35,2014-01-07,19,-1
35,2014-01-07,20,1
35,2014-01-07,21,1
35,2014-01-07,22,-1
35,2014-01-07,23,-1
35,2014-01-08,0,-1
35,2014-01-08,1,-1
35,2014-01-08,2,-1
35,2014-01-08,3,-1
35,2014-01-08,4,-1
35,2014-01-08,5,-1
35,2014-01-08,6,1
35,2014-01-08,7,0
35,2014-01-08,8,-1
35,2014-01-08,9,-1
35,2014-01-08,10,-1
35,2014-01-08,11,-1
35,2014-01-08,12,1
35,2014-01-08,13,1
35,2014-01-08,14,-1
35,2014-01-08,15,-1
35,2014-01-08,16,-1
35,2014-01-08,17,1
35,2014-01-08,18,0
35,2014-01-08,19,1
35,2014-01-08,20,-1
35,2014-01-08,21,1
35,2014-01-08,22,-1
35,2014-01-08,23,1
35,2014-01-09,0,-1
35,2014-01-09,1,-1
35,2014-01-09,2,-1
35,2014-01-09,3,-1
35,2014-01-09,4,-1
35,2014-01-09,5,-1
35,2014-01-09,6,1
35,2014-01-09,7,0
35,2014-01-09,8,-1
35,2014-01-09,9,-1
35,2014-01-09,10,-1
35,2014-01-09,11,-1
35,2014-01-09,12,1
35,2014-01-09,13,1
35,2014-01-09,14,-1
35,2014-01-09,15,-1
35,2014-01-09,16,-1
35,2014-01-09,17,1
35,2014-01-09,18,-1
35,2014-01-09,19,1
35,2014-01-09,20,1
35,2014-01-09,21,-1
35,2014-01-09,22,-1
35,2014-01-09,23,-1
35,2014-01-10,0,-1
35,2014-01-10,1,-1
35,2014-01-10,2,-1
35,2014-01-10,3,-1
35,2014-01-10,4,-1
35,2014-01-10,5,-1
35,2014-01-10,6,1
35,2014-01-10,7,1
35,2014-01-10,8,-1
35,2014-01-10,9,-1
35,2014-01-10,10,-1
35,2014-01-10,11,-1
35,2014-01-10,12,1
35,2014-01-10,13,1
35,2014-01-10,14,-1
35,2014-01-10,15,-1
35,2014-01-10,16,-1
35,2014-01-10,17,-1
35,2014-01-10,18,1
35,2014-01-10,19,-1
35,2014-01-10,20,1
35,2014-01-10,21,-1
35,2014-01-10,22,1
35,2014-01-10,23,-1
35,2014-01-11,0,-1
35,2014-01-11,1,-1
35,2014-01-11,2,-1
35,2014-01-11,3,-1
35,2014-01-11,4,-1
35,2014-01-11,5,-1
35,2014-01-11,6,-1
35,2014-01-11,7,-1
35,2014-01-11,8,-1
35,2014-01-11,9,-1
35,2014-01-11,10,-1
35,2014-01-11,11,-1
35,2014-01-11,12,-1
35,2014-01-11,13,1
35,2014-01-11,14,0
35,2014-01-11,15,-1
35,2014-01-11,16,-1
35,2014-01-11,17,1
35,2014-01-11,18,1
35,2014-01-11,19,-1
35,2014-01-11,20,-1
35,2014-01-11,21,-1
35,2014-01-11,22,-1
35,2014-01-11,23,-1
35,2014-01-12,0,-1
35,2014-01-12,1,-1
35,2014-01-12,2,-1
35,2014-01-12,3,-1
35,2014-01-12,4,-1
35,2014-01-12,5,-1
35,2014-01-12,6,-1
35,2014-01-12,7,-1
35,2014-01-12,8,-1
35,2014-01-12,9,-1
35,2014-01-12,10,-1
35,2014-01-12,11,-1
35,2014-01-12,12,1
35,2014-01-12,13,-1
35,2014-01-12,14,-1
35,2014-01-12,15,-1
35,2014-01-12,16,1
35,2014-01-12,17,1
35,2014-01-12,18,-1
35,2014-01-12,19,-1
35,2014-01-12,20,-1
35,2014-01-12,21,-1
35,2014-01-12,22,-1
35,2014-01-12,23,-1
35,2014-01-13,0,-1
35,2014-01-13,1,-1
35,2014-01-13,2,-1
35,2014-01-13,3,-1
35,2014-01-13,4,-1
35,2014-01-13,5,-1
35,2014-01-13,6,1
35,2014-01-13,7,0
35,2014-01-13,8,-1
35,2014-01-13,9,-1
35,2014-01-13,10,-1
35,2014-01-13,11,-1
35,2014-01-13,12,1
35,2014-01-13,13,1
35,2014-01-13,14,-1
35,2014-01-13,15,-1
35,2014-01-13,16,-1
35,2014-01-13,17,1
35,2014-01-13,18,0
35,2014-01-13,19,1
35,2014-01-13,20,1
35,2014-01-13,21,-1
35,2014-01-13,22,-1
35,2014-01-13,23,-1
35,2014-01-14,0,-1
35,2014-01-14,1,-1
35,2014-01-14,2,-1
35,2014-01-14,3,-1
35,2014-01-14,4,-1
35,2014-01-14,5,-1
35,2014-01-14,6,1
35,2014-01-14,7,1
35,2014-01-14,8,-1
35,2014-01-14,9,-1
35,2014-01-14,10,-1
35,2014-01-14,11,-1
35,2014-01-14,12,1
35,2014-01-14,13,1
35,2014-01-14,14,-1
35,2014-01-14,15,-1
35,2014-01-14,16,-1
35,2014-01-14,17,-1
35,2014-01-14,18,1
35,2014-01-14,19,1
35,2014-01-14,20,1
35,2014-01-14,21,-1
35,2014-01-14,22,-1
35,2014-01-14,23,-1
35,2014-01-15,0,-1
35,2014-01-15,1,-1
35,2014-01-15,2,-1
35,2014-01-15,3,-1
35,2014-01-15,4,-1
35,2014-01-15,5,-1
35,2014-01-15,6,1
35,2014-01-15,7,1
35,2014-01-15,8,-1
35,2014-01-15,9,-1
35,2014-01-15,10,-1
35,2014-01-15,11,-1
35,2014-01-15,12,1
35,2014-01-15,13,1
35,2014-01-15,14,-1
35,2014-01-15,15,-1
35,2014-01-15,16,-1
35,2014-01-15,17,1
35,2014-01-15,18,0
35,2014-01-15,19,1
35,2014-01-15,20,-1
35,2014-01-15,21,1
35,2014-01-15,22,1
35,2014-01-15,23,-1
35,2014-01-16,0,-1
35,2014-01-16,1,-1
35,2014-01-16,2,-1
35,2014-01-16,3,-1
35,2014-01-16,4,-1
35,2014-01-16,5,-1
35,2014-01-16,6,-1
35,2014-01-16,7,1
35,2014-01-16,8,-1
35,2014-01-16,9,-1
35,2014-01-16,10,-1
35,2014-01-16,11,-1
35,2014-01-16,12,1
35,2014-01-16,13,1
35,2014-01-16,14,-1
35,2014-01-16,15,-1
35,2014-01-16,16,-1
35,2014-01-16,17,1
35,2014-01-16,18,0
35,2014-01-16,19,1
35,2014-01-16,20,1
35,2014-01-16,21,-1
35,2014-01-16,22,-1
35,2014-01-16,23,-1
35,2014-01-17,0,-1
35,2014-01-17,1,-1
35,2014-01-17,2,-1
35,2014-01-17,3,-1
35,2014-01-17,4,-1
35,2014-01-17,5,-1
35,2014-01-17,6,1
35,2014-01-17,7,0
35,2014-01-17,8,-1
35,2014-01-17,9,-1
35,2014-01-17,10,-1
35,2014-01-17,11,-1
35,2014-01-17,12,1
35,2014-01-17,13,1
35,2014-01-17,14,-1
35,2014-01-17,15,-1
35,2014-01-17,16,-1
35,2014-01-17,17,-1
35,2014-01-17,18,1
35,2014-01-17,19,1
35,2014-01-17,20,-1
35,2014-01-17,21,1
35,2014-01-17,22,-1
35,2014-01-17,23,-1
35,2014-01-18,0,-1
35,2014-01-18,1,-1
35,2014-01-18,2,-1
35,2014-01-18,3,-1
35,2014-01-18,4,-1
35,2014-01-18,5,-1
35,2014-01-18,6,-1
35,2014-01-18,7,-1
35,2014-01-18,8,-1
35,2014-01-18,9,-1
35,2014-01-18,10,-1
35,2014-01-18,11,-1
35,2014-01-18,12,-1
35,2014-01-18,13,1
35,2014-01-18,14,-1
35,2014-01-18,15,-1
35,2014-01-18,16,1
35,2014-01-18,17,-1
35,2014-01-18,18,1
35,2014-01-18,19,1
35,2014-01-18,20,-1
35,2014-01-18,21,-1
35,2014-01-18,22,-1
35,2014-01-18,23,-1
35,2014-01-19,0,-1
35,2014-01-19,1,-1
35,2014-01-19,2,-1
35,2014-01-19,3,-1
35,2014-01-19,4,-1
35,2014-01-19,5,-1
35,2014-01-19,6,-1
35,2014-01-19,7,-1
35,2014-01-19,8,-1
35,2014-01-19,9,-1
35,2014-01-19,10,-1
35,2014-01-19,11,-1
35,2014-01-19,12,1
35,2014-01-19,13,-1
35,2014-01-19,14,-1
35,2014-01-19,15,-1
35,2014-01-19,16,1
35,2014-01-19,17,-1
35,2014-01-19,18,1
35,2014-01-19,19,-1
35,2014-01-19,20,1
35,2014-01-19,21,-1
35,2014-01-19,22,-1
35,2014-01-19,23,-1
101,2014-01-06,0,-1
101,2014-01-06,1,-1
101,2014-01-06,2,-1
101,2014-01-06,3,-1
101,2014-01-06,4,-1
101,2014-01-06,5,-1
101,2014-01-06,6,-1
101,2014-01-06,7,0
101,2014-01-06,8,1
101,2014-01-06,9,1
101,2014-01-06,10,1
101,2014-01-06,11,-1
101,2014-01-06,12,1
101,2014-01-06,13,1
101,2014-01-06,14,1
101,2014-01-06,15,1
101,2014-01-06,16,-1
101,2014-01-06,17,-1
101,2014-01-06,18,-1
101,2014-01-06,19,-1
101,2014-01-06,20,-1
101,2014-01-06,21,-1
101,2014-01-06,22,-1
101,2014-01-06,23,-1
101,2014-01-07,0,-1
101,2014-01-07,1,-1
101,2014-01-07,2,-1
101,2014-01-07,3,-1
101,2014-01-07,4,-1
101,2014-01-07,5,-1
101,2014-01-07,6,-1
101,2014-01-07,7,-1
101,2014-01-07,8,1
101,2014-01-07,9,1
101,2014-01-07,10,0
101,2014-01-07,11,-1
101,2014-01-07,12,1
101,2014-01-07,13,-1
101,2014-01-07,14,-1
101,2014-01-07,15,-1
101,2014-01-07,16,-1
101,2014-01-07,17,-1
101,2014-01-07,18,-1
101,2014-01-07,19,-1
101,2014-01-07,20,-1
101,2014-01-07,21,-1
101,2014-01-07,22,-1
101,2014-01-07,23,-1
101,2014-01-08,0,-1
101,2014-01-08,1,-1
101,2014-01-08,2,-1
101,2014-01-08,3,-1
101,2014-01-08,4,-1
101,2014-01-08,5,-1
101,2014-01-08,6,-1
101,2014-01-08,7,-1
101,2014-01-08,8,-1
101,2014-01-08,9,-1
101,2014-01-08,10,-1
101,2014-01-08,11,-1
101,2014-01-08,12,-1
101,2014-01-08,13,-1
101,2014-01-08,14,-1
101,2014-01-08,15,-1
101,2014-01-08,16,-1
101,2014-01-08,17,-1
101,2014-01-08,18,-1
101,2014-01-08,19,-1
101,2014-01-08,20,-1
101,2014-01-08,21,-1
101,2014-01-08,22,-1
101,2014-01-08,23,-1
101,2014-01-09,0,-1
101,2014-01-09,1,-1
101,2014-01-09,2,-1
101,2014-01-09,3,-1
101,2014-01-09,4,-1
101,2014-01-09,5,-1
101,2014-01-09,6,-1
101,2014-01-09,7,-1
101,2014-01-09,8,1
101,2014-01-09,9,1
101,2014-01-09,10,1
101,2014-01-09,11,-1
101,2014-01-09,12,1
101,2014-01-09,13,0
101,2014-01-09,14,-1
101,2014-01-09,15,-1
101,2014-01-09,16,-1
101,2014-01-09,17,-1
101,2014-01-09,18,-1
101,2014-01-09,19,-1
101,2014-01-09,20,-1
101,2014-01-09,21,-1
101,2014-01-09,22,-1
101,2014-01-09,23,-1
101,2014-01-10,0,-1
101,2014-01-10,1,-1
101,2014-01-10,2,-1
101,2014-01-10,3,-1
101,2014-01-10,4,-1
101,2014-01-10,5,-1
101,2014-01-10,6,-1
101,2014-01-10,7,1
101,2014-01-10,8,1
101,2014-01-10,9,1
101,2014-01-10,10,1
101,2014-01-10,11,0
101,2014-01-10,12,1
101,2014-01-10,13,1
101,2014-01-10,14,-1
101,2014-01-10,15,-1
101,2014-01-10,16,-1
101,2014-01-10,17,-1
101,2014-01-10,18,-1
101,2014-01-10,19,-1
101,2014-01-10,20,-1
101,2014-01-10,21,-1
101,2014-01-10,22,-1
101,2014-01-10,23,-1
101,2014-01-11,0,-1
101,2014-01-11,1,-1
101,2014-01-11,2,-1
101,2014-01-11,3,-1
101,2014-01-11,4,-1
101,2014-01-11,5,-1
101,2014-01-11,6,-1
101,2014-01-11,7,-1
101,2014-01-11,8,-1
101,2014-01-11,9,-1
101,2014-01-11,10,-1
101,2014-01-11,11,-1
101,2014-01-11,12,-1
101,2014-01-11,13,-1
101,2014-01-11,14,-1
101,2014-01-11,15,-1
101,2014-01-11,16,-1
101,2014-01-11,17,-1
101,2014-01-11,18,-1
101,2014-01-11,19,-1
101,2014-01-11,20,-1
101,2014-01-11,21,-1
101,2014-01-11,22,-1
101,2014-01-11,23,-1
101,2014-01-12,0,-1
101,2014-01-12,1,-1
101,2014-01-12,2,-1
101,2014-01-12,3,-1
101,2014-01-12,4,-1
101,2014-01-12,5,-1
101,2014-01-12,6,-1
101,2014-01-12,7,-1
101,2014-01-12,8,-1
101,2014-01-12,9,-1
101,2014-01-12,10,-1
101,2014-01-12,11,-1
101,2014-01-12,12,-1
101,2014-01-12,13,-1
101,2014-01-12,14,-1
101,2014-01-12,15,-1
101,2014-01-12,16,-1
101,2014-01-12,17,-1
101,2014-01-12,18,-1
101,2014-01-12,19,-1
101,2014-01-12,20,-1
101,2014-01-12,21,-1
101,2014-01-12,22,-1
101,2014-01-12,23,-1
101,2014-01-13,0,-1
101,2014-01-13,1,-1
101,2014-01-13,2,-1
101,2014-01-13,3,-1
101,2014-01-13,4,-1
101,2014-01-13,5,-1
101,2014-01-13,6,-1
101,2014-01-13,7,1
101,2014-01-13,8,1
101,2014-01-13,9,1
101,2014-01-13,10,1
101,2014-01-13,11,-1
101,2014-01-13,12,1
101,2014-01-13,13,1
101,2014-01-13,14,1
101,2014-01-13,15,1
101,2014-01-13,16,-1
101,2014-01-13,17,1
101,2014-01-13,18,1
101,2014-01-13,19,-1
101,2014-01-13,20,-1
101,2014-01-13,21,-1
101,2014-01-13,22,-1
101,2014-01-13,23,-1
101,2014-01-14,0,-1
101,2014-01-14,1,-1
101,2014-01-14,2,-1
101,2014-01-14,3,-1
101,2014-01-14,4,-1
101,2014-01-14,5,-1
101,2014-01-14,6,-1
101,2014-01-14,7,-1
101,2014-01-14,8,1
101,2014-01-14,9,1
101,2014-01-14,10,0
101,2014-01-14,11,1
101,2014-01-14,12,-1
101,2014-01-14,13,1
101,2014-01-14,14,-1
101,2014-01-14,15,-1
101,2014-01-14,16,-1
101,2014-01-14,17,-1
101,2014-01-14,18,-1
101,2014-01-14,19,-1
101,2014-01-14,20,-1
101,2014-01-14,21,-1
101,2014-01-14,22,-1
101,2014-01-14,23,-1
101,2014-01-15,0,-1
101,2014-01-15,1,-1
101,2014-01-15,2,-1
101,2014-01-15,3,-1
101,2014-01-15,4,-1
101,2014-01-15,5,-1
101,2014-01-15,6,-1
101,2014-01-15,7,-1
101,2014-01-15,8,-1
101,2014-01-15,9,-1
101,2014-01-15,10,-1
101,2014-01-15,11,-1
101,2014-01-15,12,-1
101,2014-01-15,13,-1
101,2014-01-15,14,-1
101,2014-01-15,15,-1
101,2014-01-15,16,-1
101,2014-01-15,17,-1
101,2014-01-15,18,-1
101,2014-01-15,19,-1
101,2014-01-15,20,-1
101,2014-01-15,21,-1
101,2014-01-15,22,-1
101,2014-01-15,23,-1
101,2014-01-16,0,-1
101,2014-01-16,1,-1
101,2014-01-16,2,-1
101,2014-01-16,3,-1
101,2014-01-16,4,-1
101,2014-01-16,5,-1
101,2014-01-16,6,-1
101,2014-01-16,7,1
101,2014-01-16,8,0
101,2014-01-16,9,1
101,2014-01-16,10,-1
101,2014-01-16,11,1
101,2014-01-16,12,1
101,2014-01-16,13,1
101,2014-01-16,14,0
101,2014-01-16,15,-1
101,2014-01-16,16,-1
101,2014-01-16,17,1
101,2014-01-16,18,-1
101,2014-01-16,19,-1
101,2014-01-16,20,-1
101,2014-01-16,21,-1
101,2014-01-16,22,-1
101,2014-01-16,23,-1
101,2014-01-17,0,-1
101,2014-01-17,1,-1
101,2014-01-17,2,-1
101,2014-01-17,3,-1
101,2014-01-17,4,-1
101,2014-01-17,5,-1
101,2014-01-17,6,-1
101,2014-01-17,7,-1
101,2014-01-17,8,-1
101,2014-01-17,9,-1
101,2014-01-17,10,-1
101,2014-01-17,11,-1
101,2014-01-17,12,-1
101,2014-01-17,13,-1
101,2014-01-17,14,-1
101,2014-01-17,15,-1
101,2014-01-17,16,-1
101,2014-01-17,17,-1
101,2014-01-17,18,-1
101,2014-01-17,19,-1
101,2014-01-17,20,-1
101,2014-01-17,21,-1
101,2014-01-17,22,-1
101,2014-01-17,23,-1
101,2014-01-18,0,-1
101,2014-01-18,1,-1
101,2014-01-18,2,-1
101,2014-01-18,3,-1
101,2014-01-18,4,-1
101,2014-01-18,5,-1
101,2014-01-18,6,-1
101,2014-01-18,7,-1
101,2014-01-18,8,-1
101,2014-01-18,9,-1
101,2014-01-18,10,-1
101,2014-01-18,11,-1
101,2014-01-18,12,-1
101,2014-01-18,13,-1
101,2014-01-18,14,-1
101,2014-01-18,15,-1
101,2014-01-18,16,-1
101,2014-01-18,17,-1
101,2014-01-18,18,-1
101,2014-01-18,19,-1
101,2014-01-18,20,-1
101,2014-01-18,21,-1
101,2014-01-18,22,-1
101,2014-01-18,23,-1
101,2014-01-19,0,-1
101,2014-01-19,1,-1
101,2014-01-19,2,-1
101,2014-01-19,3,-1
101,2014-01-19,4,-1
101,2014-01-19,5,-1
101,2014-01-19,6,-1
101,2014-01-19,7,-1
101,2014-01-19,8,-1
101,2014-01-19,9,-1
101,2014-01-19,10,-1
101,2014-01-19,11,-1
101,2014-01-19,12,-1
101,2014-01-19,13,-1
101,2014-01-19,14,-1
101,2014-01-19,15,-1
101,2014-01-19,16,-1
101,2014-01-19,17,-1
101,2014-01-19,18,-1
101,2014-01-19,19,-1
101,2014-01-19,20,-1
101,2014-01-19,21,-1
101,2014-01-19,22,-1
101,2014-01-19,23,-1
104,2014-01-06,0,-1
104,2014-01-06,1,-1
104,2014-01-06,2,-1
104,2014-01-06,3,-1
104,2014-01-06,4,-1
104,2014-01-06,5,-1
104,2014-01-06,6,-1
104,2014-01-06,7,-1
104,2014-01-06,8,-1
104,2014-01-06,9,-1
104,2014-01-06,10,0
104,2014-01-06,11,1
104,2014-01-06,12,1
104,2014-01-06,13,1
104,2014-01-06,14,-1
104,2014-01-06,15,1
104,2014-01-06,16,1
104,2014-01-06,17,-1
104,2014-01-06,18,-1
104,2014-01-06,19,-1
104,2014-01-06,20,-1
104,2014-01-06,21,-1
104,2014-01-06,22,-1
104,2014-01-06,23,-1
104,2014-01-07,0,-1
104,2014-01-07,1,-1
104,2014-01-07,2,-1
104,2014-01-07,3,-1
104,2014-01-07,4,-1
104,2014-01-07,5,-1
104,2014-01-07,6,-1
104,2014-01-07,7,-1
104,2014-01-07,8,-1
104,2014-01-07,9,-1
104,2014-01-07,10,1
104,2014-01-07,11,1
104,2014-01-07,12,1
104,2014-01-07,13,1
104,2014-01-07,14,-1
104,2014-01-07,15,1
104,2014-01-07,16,-1
104,2014-01-07,17,-1
104,2014-01-07,18,-1
104,2014-01-07,19,-1
104,2014-01-07,20,-1
104,2014-01-07,21,-1
104,2014-01-07,22,-1
104,2014-01-07,23,-1
104,2014-01-08,0,-1
104,2014-01-08,1,-1
104,2014-01-08,2,-1
104,2014-01-08,3,-1
104,2014-01-08,4,-1
104,2014-01-08,5,-1
104,2014-01-08,6,-1
104,2014-01-08,7,-1
104,2014-01-08,8,-1
104,2014-01-08,9,-1
104,2014-01-08,10,1
104,2014-01-08,11,0
104,2014-01-08,12,1
104,2014-01-08,13,1
104,2014-01-08,14,-1
104,2014-01-08,15,1
104,2014-01-08,16,-1
104,2014-01-08,17,-1
104,2014-01-08,18,-1
104,2014-01-08,19,-1
104,2014-01-08,20,-1
104,2014-01-08,21,-1
104,2014-01-08,22,-1
104,2014-01-08,23,-1
104,2014-01-09,0,-1
104,2014-01-09,1,-1
104,2014-01-09,2,-1
104,2014-01-09,3,-1
104,2014-01-09,4,-1
104,2014-01-09,5,-1
104,2014-01-09,6,-1
104,2014-01-09,7,-1
104,2014-01-09,8,-1
104,2014-01-09,9,-1
104,2014-01-09,10,1
104,2014-01-09,11,1
104,2014-01-09,12,1
104,2014-01-09,13,1
104,2014-01-09,14,-1
104,2014-01-09,15,1
104,2014-01-09,16,1
104,2014-01-09,17,-1
104,2014-01-09,18,-1
104,2014-01-09,19,-1
104,2014-01-09,20,-1
104,2014-01-09,21,-1
104,2014-01-09,22,-1
104,2014-01-09,23,-1
104,2014-01-10,0,-1
104,2014-01-10,1,-1
104,2014-01-10,2,-1
104,2014-01-10,3,-1
104,2014-01-10,4,-1
104,2014-01-10,5,-1
104,2014-01-10,6,-1
104,2014-01-10,7,-1
104,2014-01-10,8,-1
104,2014-01-10,9,-1
104,2014-01-10,10,-1
104,2014-01-10,11,-1
104,2014-01-10,12,-1
104,2014-01-10,13,-1
104,2014-01-10,14,-1
104,2014-01-10,15,-1
104,2014-01-10,16,-1
104,2014-01-10,17,-1
104,2014-01-10,18,-1
104,2014-01-10,19,-1
104,2014-01-10,20,-1
104,2014-01-10,21,-1
104,2014-01-10,22,-1
104,2014-01-10,23,-1
104,2014-01-11,0,-1
104,2014-01-11,1,-1
104,2014-01-11,2,-1
104,2014-01-11,3,-1
104,2014-01-11,4,-1
104,2014-01-11,5,-1
104,2014-01-11,6,-1
104,2014-01-11,7,-1
104,2014-01-11,8,-1
104,2014-01-11,9,-1
104,2014-01-11,10,-1
104,2014-01-11,11,-1
104,2014-01-11,12,-1
104,2014-01-11,13,-1
104,2014-01-11,14,-1
104,2014-01-11,15,-1
104,2014-01-11,16,-1
104,2014-01-11,17,-1
104,2014-01-11,18,-1
104,2014-01-11,19,-1
104,2014-01-11,20,-1
104,2014-01-11,21,-1
104,2014-01-11,22,-1
104,2014-01-11,23,-1
104,2014-01-12,0,-1
104,2014-01-12,1,-1
104,2014-01-12,2,-1
104,2014-01-12,3,-1
104,2014-01-12,4,-1
104,2014-01-12,5,-1
104,2014-01-12,6,-1
104,2014-01-12,7,-1
104,2014-01-12,8,-1
104,2014-01-12,9,-1
104,2014-01-12,10,-1
104,2014-01-12,11,-1
104,2014-01-12,12,-1
104,2014-01-12,13,-1
104,2014-01-12,14,-1
104,2014-01-12,15,-1
104,2014-01-12,16,-1
104,2014-01-12,17,-1
104,2014-01-12,18,-1
104,2014-01-12,19,-1
104,2014-01-12,20,-1
104,2014-01-12,21,-1
104,2014-01-12,22,-1
104,2014-01-12,23,-1
104,2014-01-13,0,-1
104,2014-01-13,1,-1
104,2014-01-13,2,-1
104,2014-01-13,3,-1
104,2014-01-13,4,-1
104,2014-01-13,5,-1
104,2014-01-13,6,-1
104,2014-01-13,7,-1
104,2014-01-13,8,-1
104,2014-01-13,9,-1
104,2014-01-13,10,1
104,2014-01-13,11,1
104,2014-01-13,12,1
104,2014-01-13,13,1
104,2014-01-13,14,-1
104,2014-01-13,15,-1
104,2014-01-13,16,-1
104,2014-01-13,17,1
104,2014-01-13,18,-1
104,2014-01-13,19,-1
104,2014-01-13,20,-1
104,2014-01-13,21,-1
104,2014-01-13,22,-1
104,2014-01-13,23,-1
104,2014-01-14,0,-1
104,2014-01-14,1,-1
104,2014-01-14,2,-1
104,2014-01-14,3,-1
104,2014-01-14,4,-1
104,2014-01-14,5,-1
104,2014-01-14,6,-1
104,2014-01-14,7,-1
104,2014-01-14,8,-1
104,2014-01-14,9,-1
104,2014-01-14,10,1
104,2014-01-14,11,1
104,2014-01-14,12,1
104,2014-01-14,13,1
104,2014-01-14,14,0
104,2014-01-14,15,1
104,2014-01-14,16,-1
104,2014-01-14,17,-1
104,2014-01-14,18,-1
104,2014-01-14,19,-1
104,2014-01-14,20,-1
104,2014-01-14,21,-1
104,2014-01-14,22,-1
104,2014-01-14,23,-1
104,2014-01-15,0,-1
104,2014-01-15,1,-1
104,2014-01-15,2,-1
104,2014-01-15,3,-1
104,2014-01-15,4,-1
104,2014-01-15,5,-1
104,2014-01-15,6,-1
104,2014-01-15,7,-1
104,2014-01-15,8,-1
104,2014-01-15,9,-1
104,2014-01-15,10,1
104,2014-01-15,11,-1
104,2014-01-15,12,1
104,2014-01-15,13,1
104,2014-01-15,14,-1
104,2014-01-15,15,1
104,2014-01-15,16,-1
104,2014-01-15,17,-1
104,2014-01-15,18,-1
104,2014-01-15,19,-1
104,2014-01-15,20,-1
104,2014-01-15,21,-1
104,2014-01-15,22,-1
104,2014-01-15,23,-1
104,2014-01-16,0,-1
104,2014-01-16,1,-1
104,2014-01-16,2,-1
104,2014-01-16,3,-1
104,2014-01-16,4,-1
104,2014-01-16,5,-1
104,2014-01-16,6,-1
104,2014-01-16,7,-1
104,2014-01-16,8,-1
104,2014-01-16,9,-1
104,2014-01-16,10,1
104,2014-01-16,11,0
104,2014-01-16,12,1
104,2014-01-16,13,1
104,2014-01-16,14,-1
104,2014-01-16,15,-1
104,2014-01-16,16,-1
104,2014-01-16,17,1
104,2014-01-16,18,0
104,2014-01-16,19,0
104,2014-01-16,20,0
104,2014-01-16,21,0
104,2014-01-16,22,-1
104,2014-01-16,23,-1
104,2014-01-17,0,-1
104,2014-01-17,1,-1
104,2014-01-17,2,-1
104,2014-01-17,3,-1
104,2014-01-17,4,-1
104,2014-01-17,5,-1
104,2014-01-17,6,-1
104,2014-01-17,7,-1
104,2014-01-17,8,-1
104,2014-01-17,9,-1
104,2014-01-17,10,-1
104,2014-01-17,11,-1
104,2014-01-17,12,-1
104,2014-01-17,13,-1
104,2014-01-17,14,-1
104,2014-01-17,15,-1
104,2014-01-17,16,-1
104,2014-01-17,17,-1
104,2014-01-17,18,-1
104,2014-01-17,19,-1
104,2014-01-17,20,-1
104,2014-01-17,21,-1
104,2014-01-17,22,-1
104,2014-01-17,23,-1
104,2014-01-18,0,-1
104,2014-01-18,1,-1
104,2014-01-18,2,-1
104,2014-01-18,3,-1
104,2014-01-18,4,-1
104,2014-01-18,5,-1
104,2014-01-18,6,-1
104,2014-01-18,7,-1
104,2014-01-18,8,-1
104,2014-01-18,9,-1
104,2014-01-18,10,-1
104,2014-01-18,11,-1
104,2014-01-18,12,-1
104,2014-01-18,13,-1
104,2014-01-18,14,-1
104,2014-01-18,15,-1
104,2014-01-18,16,-1
104,2014-01-18,17,-1
104,2014-01-18,18,-1
104,2014-01-18,19,-1
104,2014-01-18,20,-1
104,2014-01-18,21,-1
104,2014-01-18,22,-1
104,2014-01-18,23,-1
104,2014-01-19,0,-1
104,2014-01-19,1,-1
104,2014-01-19,2,-1
104,2014-01-19,3,-1
104,2014-01-19,4,-1
104,2014-01-19,5,-1
104,2014-01-19,6,-1
104,2014-01-19,7,-1
104,2014-01-19,8,-1
104,2014-01-19,9,-1
104,2014-01-19,10,-1
104,2014-01-19,11,-1
104,2014-01-19,12,-1
104,2014-01-19,13,-1
104,2014-01-19,14,-1
104,2014-01-19,15,-1
104,2014-01-19,16,-1
104,2014-01-19,17,-1
104,2014-01-19,18,-1
104,2014-01-19,19,-1
104,2014-01-19,20,-1
104,2014-01-19,21,-1
104,2014-01-19,22,-1
104,2014-01-19,23,-1
105,2014-01-06,0,-1
105,2014-01-06,1,-1
105,2014-01-06,2,-1
105,2014-01-06,3,-1
105,2014-01-06,4,-1
105,2014-01-06,5,-1
105,2014-01-06,6,-1
105,2014-01-06,7,-1
105,2014-01-06,8,-1
105,2014-01-06,9,-1
105,2014-01-06,10,-1
105,2014-01-06,11,-1
105,2014-01-06,12,-1
105,2014-01-06,13,-1
105,2014-01-06,14,-1
105,2014-01-06,15,-1
105,2014-01-06,16,-1
105,2014-01-06,17,-1
105,2014-01-06,18,-1
105,2014-01-06,19,-1
105,2014-01-06,20,-1
105,2014-01-06,21,-1
105,2014-01-06,22,-1
105,2014-01-06,23,-1
105,2014-01-07,0,-1
105,2014-01-07,1,-1
105,2014-01-07,2,-1
105,2014-01-07,3,-1
105,2014-01-07,4,-1
105,2014-01-07,5,-1
105,2014-01-07,6,-1
105,2014-01-07,7,-1
105,2014-01-07,8,0
105,2014-01-07,9,1
105,2014-01-07,10,0
105,2014-01-07,11,1
105,2014-01-07,12,-1
105,2014-01-07,13,1
105,2014-01-07,14,1
105,2014-01-07,15,1
105,2014-01-07,16,1
105,2014-01-07,17,-1
105,2014-01-07,18,-1
105,2014-01-07,19,-1
105,2014-01-07,20,-1
105,2014-01-07,21,-1
105,2014-01-07,22,-1
105,2014-01-07,23,-1
105,2014-01-08,0,-1
105,2014-01-08,1,-1
105,2014-01-08,2,-1
105,2014-01-08,3,-1
105,2014-01-08,4,-1
105,2014-01-08,5,-1
105,2014-01-08,6,-1
105,2014-01-08,7,-1
105,2014-01-08,8,1
105,2014-01-08,9,1
105,2014-01-08,10,-1
105,2014-01-08,11,1
105,2014-01-08,12,-1
105,2014-01-08,13,1
105,2014-01-08,14,1
105,2014-01-08,15,1
105,2014-01-08,16,1
105,2014-01-08,17,1
105,2014-01-08,18,-1
105,2014-01-08,19,-1
105,2014-01-08,20,-1
105,2014-01-08,21,-1
105,2014-01-08,22,-1
105,2014-01-08,23,-1
105,2014-01-09,0,-1
105,2014-01-09,1,-1
105,2014-01-09,2,-1
105,2014-01-09,3,-1
105,2014-01-09,4,-1
105,2014-01-09,5,-1
105,2014-01-09,6,-1
105,2014-01-09,7,-1
105,2014-01-09,8,1
105,2014-01-09,9,1
105,2014-01-09,10,1
105,2014-01-09,11,1
105,2014-01-09,12,-1
105,2014-01-09,13,1
105,2014-01-09,14,1
105,2014-01-09,15,1
105,2014-01-09,16,1
105,2014-01-09,17,-1
105,2014-01-09,18,-1
105,2014-01-09,19,-1
105,2014-01-09,20,-1
105,2014-01-09,21,-1
105,2014-01-09,22,-1
105,2014-01-09,23,-1
105,2014-01-10,0,-1
105,2014-01-10,1,-1
105,2014-01-10,2,-1
105,2014-01-10,3,-1
105,2014-01-10,4,-1
105,2014-01-10,5,-1
105,2014-01-10,6,-1
105,2014-01-10,7,-1
105,2014-01-10,8,-1
105,2014-01-10,9,-1
105,2014-01-10,10,-1
105,2014-01-10,11,-1
105,2014-01-10,12,-1
105,2014-01-10,13,-1
105,2014-01-10,14,-1
105,2014-01-10,15,-1
105,2014-01-10,16,-1
105,2014-01-10,17,-1
105,2014-01-10,18,-1
105,2014-01-10,19,-1
105,2014-01-10,20,-1
105,2014-01-10,21,-1
105,2014-01-10,22,-1
105,2014-01-10,23,-1
105,2014-01-11,0,-1
105,2014-01-11,1,-1
105,2014-01-11,2,-1
105,2014-01-11,3,-1
105,2014-01-11,4,-1
105,2014-01-11,5,-1
105,2014-01-11,6,-1
105,2014-01-11,7,-1
105,2014-01-11,8,-1
105,2014-01-11,9,-1
105,2014-01-11,10,-1
105,2014-01-11,11,-1
105,2014-01-11,12,-1
105,2014-01-11,13,-1
105,2014-01-11,14,-1
105,2014-01-11,15,-1
105,2014-01-11,16,-1
105,2014-01-11,17,-1
105,2014-01-11,18,-1
105,2014-01-11,19,-1
105,2014-01-11,20,-1
105,2014-01-11,21,-1
105,2014-01-11,22,-1
105,2014-01-11,23,-1
105,2014-01-12,0,-1
105,2014-01-12,1,-1
105,2014-01-12,2,-1
105,2014-01-12,3,-1
105,2014-01-12,4,-1
105,2014-01-12,5,-1
105,2014-01-12,6,-1
105,2014-01-12,7,-1
105,2014-01-12,8,-1
105,2014-01-12,9,-1
105,2014-01-12,10,-1
105,2014-01-12,11,-1
105,2014-01-12,12,-1
105,2014-01-12,13,-1
105,2014-01-12,14,-1
105,2014-01-12,15,-1
105,2014-01-12,16,-1
105,2014-01-12,17,-1
105,2014-01-12,18,-1
105,2014-01-12,19,-1
105,2014-01-12,20,-1
105,2014-01-12,21,-1
105,2014-01-12,22,-1
105,2014-01-12,23,-1
105,2014-01-13,0,-1
105,2014-01-13,1,-1
105,2014-01-13,2,-1
105,2014-01-13,3,-1
105,2014-01-13,4,-1
105,2014-01-13,5,-1
105,2014-01-13,6,-1
105,2014-01-13,7,-1
105,2014-01-13,8,-1
105,2014-01-13,9,-1
105,2014-01-13,10,-1
105,2014-01-13,11,-1
105,2014-01-13,12,-1
105,2014-01-13,13,-1
105,2014-01-13,14,-1
105,2014-01-13,15,-1
105,2014-01-13,16,-1
105,2014-01-13,17,-1
105,2014-01-13,18,-1
105,2014-01-13,19,-1
105,2014-01-13,20,-1
105,2014-01-13,21,-1
105,2014-01-13,22,-1
105,2014-01-13,23,-1
105,2014-01-14,0,-1
105,2014-01-14,1,-1
105,2014-01-14,2,-1
105,2014-01-14,3,-1
105,2014-01-14,4,-1
105,2014-01-14,5,-1
105,2014-01-14,6,-1
105,2014-01-14,7,-1
105,2014-01-14,8,1
105,2014-01-14,9,1
105,2014-01-14,10,-1
105,2014-01-14,11,1
105,2014-01-14,12,-1
105,2014-01-14,13,1
105,2014-01-14,14,1
105,2014-01-14,15,1
105,2014-01-14,16,1
105,2014-01-14,17,-1
105,2014-01-14,18,-1
105,2014-01-14,19,-1
105,2014-01-14,20,-1
105,2014-01-14,21,-1
105,2014-01-14,22,-1
105,2014-01-14,23,-1
105,2014-01-15,0,-1
105,2014-01-15,1,-1
105,2014-01-15,2,-1
105,2014-01-15,3,-1
105,2014-01-15,4,-1
105,2014-01-15,5,-1
105,2014-01-15,6,-1
105,2014-01-15,7,-1
105,2014-01-15,8,1
105,2014-01-15,9,1
105,2014-01-15,10,1
105,2014-01-15,11,1
105,2014-01-15,12,0
105,2014-01-15,13,1
105,2014-01-15,14,1
105,2014-01-15,15,1
105,2014-01-15,16,-1
105,2014-01-15,17,1
105,2014-01-15,18,-1
105,2014-01-15,19,-1
105,2014-01-15,20,-1
105,2014-01-15,21,-1
105,2014-01-15,22,-1
105,2014-01-15,23,-1
105,2014-01-16,0,-1
105,2014-01-16,1,-1
105,2014-01-16,2,-1
105,2014-01-16,3,-1
105,2014-01-16,4,-1
105,2014-01-16,5,-1
105,2014-01-16,6,-1
105,2014-01-16,7,-1
105,2014-01-16,8,1
105,2014-01-16,9,1
105,2014-01-16,10,1
105,2014-01-16,11,1
105,2014-01-16,12,-1
105,2014-01-16,13,1
105,2014-01-16,14,-1
105,2014-01-16,15,-1
105,2014-01-16,16,-1
105,2014-01-16,17,1
105,2014-01-16,18,0
105,2014-01-16,19,0
105,2014-01-16,20,-1
105,2014-01-16,21,-1
105,2014-01-16,22,-1
105,2014-01-16,23,-1
105,2014-01-17,0,-1
105,2014-01-17,1,-1
105,2014-01-17,2,-1
105,2014-01-17,3,-1
105,2014-01-17,4,-1
105,2014-01-17,5,-1
105,2014-01-17,6,-1
105,2014-01-17,7,-1
105,2014-01-17,8,-1
105,2014-01-17,9,-1
105,2014-01-17,10,-1
105,2014-01-17,11,-1
105,2014-01-17,12,-1
105,2014-01-17,13,-1
105,2014-01-17,14,-1
105,2014-01-17,15,-1
105,2014-01-17,16,-1
105,2014-01-17,17,-1
105,2014-01-17,18,-1
105,2014-01-17,19,-1
105,2014-01-17,20,-1
105,2014-01-17,21,-1
105,2014-01-17,22,-1
105,2014-01-17,23,-1
105,2014-01-18,0,-1
105,2014-01-18,1,-1
105,2014-01-18,2,-1
105,2014-01-18,3,-1
105,2014-01-18,4,-1
105,2014-01-18,5,-1
105,2014-01-18,6,-1
105,2014-01-18,7,-1
105,2014-01-18,8,-1
105,2014-01-18,9,-1
105,2014-01-18,10,-1
105,2014-01-18,11,-1
105,2014-01-18,12,-1
105,2014-01-18,13,-1
105,2014-01-18,14,-1
105,2014-01-18,15,-1
105,2014-01-18,16,-1
105,2014-01-18,17,-1
105,2014-01-18,18,-1
105,2014-01-18,19,-1
105,2014-01-18,20,-1
105,2014-01-18,21,-1
105,2014-01-18,22,-1
105,2014-01-18,23,-1
105,2014-01-19,0,-1
105,2014-01-19,1,-1
105,2014-01-19,2,-1
105,2014-01-19,3,-1
105,2014-01-19,4,-1
105,2014-01-19,5,-1
105,2014-01-19,6,-1
105,2014-01-19,7,-1
105,2014-01-19,8,-1
105,2014-01-19,9,-1
105,2014-01-19,10,-1
105,2014-01-19,11,-1
105,2014-01-19,12,-1
105,2014-01-19,13,-1
105,2014-01-19,14,-1
105,2014-01-19,15,-1
105,2014-01-19,16,-1
105,2014-01-19,17,-1
105,2014-01-19,18,-1
105,2014-01-19,19,-1
105,2014-01-19,20,-1
105,2014-01-19,21,-1
105,2014-01-19,22,-1
105,2014-01-19,23,-1
106,2014-01-06,0,-1
106,2014-01-06,1,-1
106,2014-01-06,2,-1
106,2014-01-06,3,-1
106,2014-01-06,4,-1
106,2014-01-06,5,-1
106,2014-01-06,6,-1
106,2014-01-06,7,-1
106,2014-01-06,8,-1
106,2014-01-06,9,-1
106,2014-01-06,10,-1
106,2014-01-06,11,-1
106,2014-01-06,12,-1
106,2014-01-06,13,-1
106,2014-01-06,14,-1
106,2014-01-06,15,-1
106,2014-01-06,16,-1
106,2014-01-06,17,-1
106,2014-01-06,18,-1
106,2014-01-06,19,-1
106,2014-01-06,20,-1
106,2014-01-06,21,-1
106,2014-01-06,22,-1
106,2014-01-06,23,-1
106,2014-01-07,0,-1
106,2014-01-07,1,-1
106,2014-01-07,2,-1
106,2014-01-07,3,-1
106,2014-01-07,4,-1
106,2014-01-07,5,-1
106,2014-01-07,6,-1
106,2014-01-07,7,-1
106,2014-01-07,8,-1
106,2014-01-07,9,-1
106,2014-01-07,10,-1
106,2014-01-07,11,-1
106,2014-01-07,12,0
106,2014-01-07,13,1
106,2014-01-07,14,1
106,2014-01-07,15,1
106,2014-01-07,16,1
106,2014-01-07,17,1
106,2014-01-07,18,-1
106,2014-01-07,19,-1
106,2014-01-07,20,-1
106,2014-01-07,21,-1
106,2014-01-07,22,-1
106,2014-01-07,23,-1
106,2014-01-08,0,-1
106,2014-01-08,1,-1
106,2014-01-08,2,-1
106,2014-01-08,3,-1
106,2014-01-08,4,-1
106,2014-01-08,5,-1
106,2014-01-08,6,-1
106,2014-01-08,7,-1
106,2014-01-08,8,1
106,2014-01-08,9,1
106,2014-01-08,10,1
106,2014-01-08,11,1
106,2014-01-08,12,-1
106,2014-01-08,13,-1
106,2014-01-08,14,-1
106,2014-01-08,15,-1
106,2014-01-08,16,-1
106,2014-01-08,17,-1
106,2014-01-08,18,-1
106,2014-01-08,19,-1
106,2014-01-08,20,-1
106,2014-01-08,21,-1
106,2014-01-08,22,-1
106,2014-01-08,23,-1
106,2014-01-09,0,-1
106,2014-01-09,1,-1
106,2014-01-09,2,-1
106,2014-01-09,3,-1
106,2014-01-09,4,-1
106,2014-01-09,5,-1
106,2014-01-09,6,-1
106,2014-01-09,7,-1
106,2014-01-09,8,-1
106,2014-01-09,9,-1
106,2014-01-09,10,-1
106,2014-01-09,11,-1
106,2014-01-09,12,1
106,2014-01-09,13,1
106,2014-01-09,14,1
106,2014-01-09,15,1
106,2014-01-09,16,1
106,2014-01-09,17,1
106,2014-01-09,18,-1
106,2014-01-09,19,-1
106,2014-01-09,20,-1
106,2014-01-09,21,-1
106,2014-01-09,22,-1
106,2014-01-09,23,-1
106,2014-01-10,0,-1
106,2014-01-10,1,-1
106,2014-01-10,2,-1
106,2014-01-10,3,-1
106,2014-01-10,4,-1
106,2014-01-10,5,-1
106,2014-01-10,6,-1
106,2014-01-10,7,-1
106,2014-01-10,8,-1
106,2014-01-10,9,-1
106,2014-01-10,10,-1
106,2014-01-10,11,-1
106,2014-01-10,12,-1
106,2014-01-10,13,-1
106,2014-01-10,14,-1
106,2014-01-10,15,-1
106,2014-01-10,16,-1
106,2014-01-10,17,-1
106,2014-01-10,18,-1
106,2014-01-10,19,-1
106,2014-01-10,20,-1
106,2014-01-10,21,-1
106,2014-01-10,22,-1
106,2014-01-10,23,-1
106,2014-01-11,0,-1
106,2014-01-11,1,-1
106,2014-01-11,2,-1
106,2014-01-11,3,-1
106,2014-01-11,4,-1
106,2014-01-11,5,-1
106,2014-01-11,6,-1
106,2014-01-11,7,-1
106,2014-01-11,8,-1
106,2014-01-11,9,-1
106,2014-01-11,10,-1
106,2014-01-11,11,-1
106,2014-01-11,12,-1
106,2014-01-11,13,-1
106,2014-01-11,14,-1
106,2014-01-11,15,-1
106,2014-01-11,16,-1
106,2014-01-11,17,-1
106,2014-01-11,18,-1
106,2014-01-11,19,-1
106,2014-01-11,20,-1
106,2014-01-11,21,-1
106,2014-01-11,22,-1
106,2014-01-11,23,-1
106,2014-01-12,0,-1
106,2014-01-12,1,-1
106,2014-01-12,2,-1
106,2014-01-12,3,-1
106,2014-01-12,4,-1
106,2014-01-12,5,-1
106,2014-01-12,6,-1
106,2014-01-12,7,-1
106,2014-01-12,8,-1
106,2014-01-12,9,-1
106,2014-01-12,10,-1
106,2014-01-12,11,-1
106,2014-01-12,12,-1
106,2014-01-12,13,-1
106,2014-01-12,14,-1
106,2014-01-12,15,-1
106,2014-01-12,16,-1
106,2014-01-12,17,-1
106,2014-01-12,18,-1
106,2014-01-12,19,-1
106,2014-01-12,20,-1
106,2014-01-12,21,-1
106,2014-01-12,22,-1
106,2014-01-12,23,-1
106,2014-01-13,0,-1
106,2014-01-13,1,-1
106,2014-01-13,2,-1
106,2014-01-13,3,-1
106,2014-01-13,4,-1
106,2014-01-13,5,-1
106,2014-01-13,6,-1
106,2014-01-13,7,-1
106,2014-01-13,8,-1
106,2014-01-13,9,-1
106,2014-01-13,10,-1
106,2014-01-13,11,-1
106,2014-01-13,12,-1
106,2014-01-13,13,-1
106,2014-01-13,14,-1
106,2014-01-13,15,-1
106,2014-01-13,16,-1
106,2014-01-13,17,-1
106,2014-01-13,18,-1
106,2014-01-13,19,-1
106,2014-01-13,20,-1
106,2014-01-13,21,-1
106,2014-01-13,22,-1
106,2014-01-13,23,-1
106,2014-01-14,0,-1
106,2014-01-14,1,-1
106,2014-01-14,2,-1
106,2014-01-14,3,-1
106,2014-01-14,4,-1
106,2014-01-14,5,-1
106,2014-01-14,6,-1
106,2014-01-14,7,-1
106,2014-01-14,8,-1
106,2014-01-14,9,-1
106,2014-01-14,10,-1
106,2014-01-14,11,-1
106,2014-01-14,12,1
106,2014-01-14,13,1
106,2014-01-14,14,1
106,2014-01-14,15,1
106,2014-01-14,16,1
106,2014-01-14,17,1
106,2014-01-14,18,-1
106,2014-01-14,19,-1
106,2014-01-14,20,-1
106,2014-01-14,21,-1
106,2014-01-14,22,-1
106,2014-01-14,23,-1
106,2014-01-15,0,-1
106,2014-01-15,1,-1
106,2014-01-15,2,-1
106,2014-01-15,3,-1
106,2014-01-15,4,-1
106,2014-01-15,5,-1
106,2014-01-15,6,-1
106,2014-01-15,7,-1
106,2014-01-15,8,1
106,2014-01-15,9,-1
106,2014-01-15,10,1
106,2014-01-15,11,1
106,2014-01-15,12,0
106,2014-01-15,13,-1
106,2014-01-15,14,-1
106,2014-01-15,15,-1
106,2014-01-15,16,-1
106,2014-01-15,17,-1
106,2014-01-15,18,-1
106,2014-01-15,19,-1
106,2014-01-15,20,-1
106,2014-01-15,21,-1
106,2014-01-15,22,-1
106,2014-01-15,23,-1
106,2014-01-16,0,-1
106,2014-01-16,1,-1
106,2014-01-16,2,-1
106,2014-01-16,3,-1
106,2014-01-16,4,-1
106,2014-01-16,5,-1
106,2014-01-16,6,-1
106,2014-01-16,7,-1
106,2014-01-16,8,-1
106,2014-01-16,9,-1
106,2014-01-16,10,-1
106,2014-01-16,11,-1
106,2014-01-16,12,1
106,2014-01-16,13,1
106,2014-01-16,14,-1
106,2014-01-16,15,-1
106,2014-01-16,16,-1
106,2014-01-16,17,1
106,2014-01-16,18,0
106,2014-01-16,19,0
106,2014-01-16,20,0
106,2014-01-16,21,-1
106,2014-01-16,22,-1
106,2014-01-16,23,-1
106,2014-01-17,0,-1
106,2014-01-17,1,-1
106,2014-01-17,2,-1
106,2014-01-17,3,-1
106,2014-01-17,4,-1
106,2014-01-17,5,-1
106,2014-01-17,6,-1
106,2014-01-17,7,-1
106,2014-01-17,8,-1
106,2014-01-17,9,-1
106,2014-01-17,10,-1
106,2014-01-17,11,-1
106,2014-01-17,12,-1
106,2014-01-17,13,-1
106,2014-01-17,14,-1
106,2014-01-17,15,-1
106,2014-01-17,16,-1
106,2014-01-17,17,-1
106,2014-01-17,18,-1
106,2014-01-17,19,-1
106,2014-01-17,20,-1
106,2014-01-17,21,-1
106,2014-01-17,22,-1
106,2014-01-17,23,-1
106,2014-01-18,0,-1
106,2014-01-18,1,-1
106,2014-01-18,2,-1
106,2014-01-18,3,-1
106,2014-01-18,4,-1
106,2014-01-18,5,-1
106,2014-01-18,6,-1
106,2014-01-18,7,-1
106,2014-01-18,8,-1
106,2014-01-18,9,-1
106,2014-01-18,10,-1
106,2014-01-18,11,-1
106,2014-01-18,12,-1
106,2014-01-18,13,-1
106,2014-01-18,14,-1
106,2014-01-18,15,-1
106,2014-01-18,16,-1
106,2014-01-18,17,-1
106,2014-01-18,18,-1
106,2014-01-18,19,-1
106,2014-01-18,20,-1
106,2014-01-18,21,-1
106,2014-01-18,22,-1
106,2014-01-18,23,-1
106,2014-01-19,0,-1
106,2014-01-19,1,-1
106,2014-01-19,2,-1
106,2014-01-19,3,-1
106,2014-01-19,4,-1
106,2014-01-19,5,-1
106,2014-01-19,6,-1
106,2014-01-19,7,-1
106,2014-01-19,8,-1
106,2014-01-19,9,-1
106,2014-01-19,10,-1
106,2014-01-19,11,-1
106,2014-01-19,12,-1
106,2014-01-19,13,-1
106,2014-01-19,14,-1
106,2014-01-19,15,-1
106,2014-01-19,16,-1
106,2014-01-19,17,-1
106,2014-01-19,18,-1
106,2014-01-19,19,-1
106,2014-01-19,20,-1
106,2014-01-19,21,-1
106,2014-01-19,22,-1
106,2014-01-19,23,-1
107,2014-01-06,0,-1
107,2014-01-06,1,-1
107,2014-01-06,2,-1
107,2014-01-06,3,-1
107,2014-01-06,4,-1
107,2014-01-06,5,-1
107,2014-01-06,6,-1
107,2014-01-06,7,-1
107,2014-01-06,8,0
107,2014-01-06,9,0
107,2014-01-06,10,1
107,2014-01-06,11,1
107,2014-01-06,12,-1
107,2014-01-06,13,-1
107,2014-01-06,14,-1
107,2014-01-06,15,-1
107,2014-01-06,16,-1
107,2014-01-06,17,-1
107,2014-01-06,18,-1
107,2014-01-06,19,-1
107,2014-01-06,20,-1
107,2014-01-06,21,-1
107,2014-01-06,22,-1
107,2014-01-06,23,-1
107,2014-01-07,0,-1
107,2014-01-07,1,-1
107,2014-01-07,2,-1
107,2014-01-07,3,-1
107,2014-01-07,4,-1
107,2014-01-07,5,-1
107,2014-01-07,6,-1
107,2014-01-07,7,-1
107,2014-01-07,8,1
107,2014-01-07,9,-1
107,2014-01-07,10,1
107,2014-01-07,11,1
107,2014-01-07,12,-1
107,2014-01-07,13,1
107,2014-01-07,14,1
107,2014-01-07,15,1
107,2014-01-07,16,-1
107,2014-01-07,17,-1
107,2014-01-07,18,-1
107,2014-01-07,19,-1
107,2014-01-07,20,-1
107,2014-01-07,21,-1
107,2014-01-07,22,-1
107,2014-01-07,23,-1
107,2014-01-08,0,-1
107,2014-01-08,1,-1
107,2014-01-08,2,-1
107,2014-01-08,3,-1
107,2014-01-08,4,-1
107,2014-01-08,5,-1
107,2014-01-08,6,-1
107,2014-01-08,7,-1
107,2014-01-08,8,1
107,2014-01-08,9,1
107,2014-01-08,10,1
107,2014-01-08,11,1
107,2014-01-08,12,0
107,2014-01-08,13,1
107,2014-01-08,14,1
107,2014-01-08,15,1
107,2014-01-08,16,-1
107,2014-01-08,17,-1
107,2014-01-08,18,-1
107,2014-01-08,19,-1
107,2014-01-08,20,-1
107,2014-01-08,21,-1
107,2014-01-08,22,-1
107,2014-01-08,23,-1
107,2014-01-09,0,-1
107,2014-01-09,1,-1
107,2014-01-09,2,-1
107,2014-01-09,3,-1
107,2014-01-09,4,-1
107,2014-01-09,5,-1
107,2014-01-09,6,-1
107,2014-01-09,7,-1
107,2014-01-09,8,1
107,2014-01-09,9,-1
107,2014-01-09,10,1
107,2014-01-09,11,1
107,2014-01-09,12,-1
107,2014-01-09,13,1
107,2014-01-09,14,1
107,2014-01-09,15,1
107,2014-01-09,16,-1
107,2014-01-09,17,-1
107,2014-01-09,18,-1
107,2014-01-09,19,-1
107,2014-01-09,20,-1
107,2014-01-09,21,-1
107,2014-01-09,22,-1
107,2014-01-09,23,-1
107,2014-01-10,0,-1
107,2014-01-10,1,-1
107,2014-01-10,2,-1
107,2014-01-10,3,-1
107,2014-01-10,4,-1
107,2014-01-10,5,-1
107,2014-01-10,6,-1
107,2014-01-10,7,-1
107,2014-01-10,8,-1
107,2014-01-10,9,1
107,2014-01-10,10,1
107,2014-01-10,11,1
107,2014-01-10,12,-1
107,2014-01-10,13,-1
107,2014-01-10,14,-1
107,2014-01-10,15,-1
107,2014-01-10,16,-1
107,2014-01-10,17,-1
107,2014-01-10,18,-1
107,2014-01-10,19,-1
107,2014-01-10,20,-1
107,2014-01-10,21,-1
107,2014-01-10,22,-1
107,2014-01-10,23,-1
107,2014-01-11,0,-1
107,2014-01-11,1,-1
107,2014-01-11,2,-1
107,2014-01-11,3,-1
107,2014-01-11,4,-1
107,2014-01-11,5,-1
107,2014-01-11,6,-1
107,2014-01-11,7,-1
107,2014-01-11,8,-1
107,2014-01-11,9,-1
107,2014-01-11,10,-1
107,2014-01-11,11,-1
107,2014-01-11,12,-1
107,2014-01-11,13,-1
107,2014-01-11,14,-1
107,2014-01-11,15,-1
107,2014-01-11,16,-1
107,2014-01-11,17,-1
107,2014-01-11,18,-1
107,2014-01-11,19,-1
107,2014-01-11,20,-1
107,2014-01-11,21,-1
107,2014-01-11,22,-1
107,2014-01-11,23,-1
107,2014-01-12,0,-1
107,2014-01-12,1,-1
107,2014-01-12,2,-1
107,2014-01-12,3,-1
107,2014-01-12,4,-1
107,2014-01-12,5,-1
107,2014-01-12,6,-1
107,2014-01-12,7,-1
107,2014-01-12,8,-1
107,2014-01-12,9,-1
107,2014-01-12,10,-1
107,2014-01-12,11,-1
107,2014-01-12,12,-1
107,2014-01-12,13,-1
107,2014-01-12,14,-1
107,2014-01-12,15,-1
107,2014-01-12,16,-1
107,2014-01-12,17,-1
107,2014-01-12,18,-1
107,2014-01-12,19,-1
107,2014-01-12,20,-1
107,2014-01-12,21,-1
107,2014-01-12,22,-1
107,2014-01-12,23,-1
107,2014-01-13,0,-1
107,2014-01-13,1,-1
107,2014-01-13,2,-1
107,2014-01-13,3,-1
107,2014-01-13,4,-1
107,2014-01-13,5,-1
107,2014-01-13,6,-1
107,2014-01-13,7,-1
107,2014-01-13,8,1
107,2014-01-13,9,0
107,2014-01-13,10,1
107,2014-01-13,11,1
107,2014-01-13,12,0
107,2014-01-13,13,-1
107,2014-01-13,14,-1
107,2014-01-13,15,-1
107,2014-01-13,16,-1
107,2014-01-13,17,-1
107,2014-01-13,18,-1
107,2014-01-13,19,-1
107,2014-01-13,20,-1
107,2014-01-13,21,-1
107,2014-01-13,22,-1
107,2014-01-13,23,-1
107,2014-01-14,0,-1
107,2014-01-14,1,-1
107,2014-01-14,2,-1
107,2014-01-14,3,-1
107,2014-01-14,4,-1
107,2014-01-14,5,-1
107,2014-01-14,6,-1
107,2014-01-14,7,-1
107,2014-01-14,8,-1
107,2014-01-14,9,1
107,2014-01-14,10,1
107,2014-01-14,11,1
107,2014-01-14,12,0
107,2014-01-14,13,-1
107,2014-01-14,14,-1
107,2014-01-14,15,-1
107,2014-01-14,16,-1
107,2014-01-14,17,-1
107,2014-01-14,18,-1
107,2014-01-14,19,-1
107,2014-01-14,20,-1
107,2014-01-14,21,-1
107,2014-01-14,22,-1
107,2014-01-14,23,-1
107,2014-01-15,0,-1
107,2014-01-15,1,-1
107,2014-01-15,2,-1
107,2014-01-15,3,-1
107,2014-01-15,4,-1
107,2014-01-15,5,-1
107,2014-01-15,6,-1
107,2014-01-15,7,-1
107,2014-01-15,8,-1
107,2014-01-15,9,1
107,2014-01-15,10,1
107,2014-01-15,11,1
107,2014-01-15,12,-1
107,2014-01-15,13,1
107,2014-01-15,14,1
107,2014-01-15,15,1
107,2014-01-15,16,0
107,2014-01-15,17,1
107,2014-01-15,18,0
107,2014-01-15,19,-1
107,2014-01-15,20,-1
107,2014-01-15,21,-1
107,2014-01-15,22,-1
107,2014-01-15,23,-1
107,2014-01-16,0,-1
107,2014-01-16,1,-1
107,2014-01-16,2,-1
107,2014-01-16,3,-1
107,2014-01-16,4,-1
107,2014-01-16,5,-1
107,2014-01-16,6,-1
107,2014-01-16,7,-1
107,2014-01-16,8,1
107,2014-01-16,9,-1
107,2014-01-16,10,1
107,2014-01-16,11,1
107,2014-01-16,12,-1
107,2014-01-16,13,-1
107,2014-01-16,14,-1
107,2014-01-16,15,-1
107,2014-01-16,16,-1
107,2014-01-16,17,-1
107,2014-01-16,18,-1
107,2014-01-16,19,-1
107,2014-01-16,20,-1
107,2014-01-16,21,-1
107,2014-01-16,22,-1
107,2014-01-16,23,-1
107,2014-01-17,0,-1
107,2014-01-17,1,-1
107,2014-01-17,2,-1
107,2014-01-17,3,-1
107,2014-01-17,4,-1
107,2014-01-17,5,-1
107,2014-01-17,6,-1
107,2014-01-17,7,-1
107,2014-01-17,8,1
107,2014-01-17,9,0
107,2014-01-17,10,1
107,2014-01-17,11,1
107,2014-01-17,12,0
107,2014-01-17,13,1
107,2014-01-17,14,0
107,2014-01-17,15,-1
107,2014-01-17,16,-1
107,2014-01-17,17,1
107,2014-01-17,18,-1
107,2014-01-17,19,-1
107,2014-01-17,20,-1
107,2014-01-17,21,-1
107,2014-01-17,22,-1
107,2014-01-17,23,-1
107,2014-01-18,0,-1
107,2014-01-18,1,-1
107,2014-01-18,2,-1
107,2014-01-18,3,-1
107,2014-01-18,4,-1
107,2014-01-18,5,-1
107,2014-01-18,6,-1
107,2014-01-18,7,-1
107,2014-01-18,8,-1
107,2014-01-18,9,-1
107,2014-01-18,10,-1
107,2014-01-18,11,-1
107,2014-01-18,12,-1
107,2014-01-18,13,-1
107,2014-01-18,14,-1
107,2014-01-18,15,-1
107,2014-01-18,16,-1
107,2014-01-18,17,-1
107,2014-01-18,18,-1
107,2014-01-18,19,-1
107,2014-01-18,20,-1
107,2014-01-18,21,-1
107,2014-01-18,22,-1
107,2014-01-18,23,-1
107,2014-01-19,0,-1
107,2014-01-19,1,-1
107,2014-01-19,2,-1
107,2014-01-19,3,-1
107,2014-01-19,4,-1
107,2014-01-19,5,-1
107,2014-01-19,6,-1
107,2014-01-19,7,-1
107,2014-01-19,8,-1
107,2014-01-19,9,-1
107,2014-01-19,10,-1
107,2014-01-19,11,-1
107,2014-01-19,12,-1
107,2014-01-19,13,-1
107,2014-01-19,14,-1
107,2014-01-19,15,-1
107,2014-01-19,16,-1
107,2014-01-19,17,-1
107,2014-01-19,18,-1
107,2014-01-19,19,-1
107,2014-01-19,20,-1
107,2014-01-19,21,-1
107,2014-01-19,22,-1
107,2014-01-19,23,-1
